Workbook

Sheet Resumo Geral
A1: Levantamento de pavimentação — Loteamentos de Guriri (São Mateus/ES) — v2, reconciliada
A2: Pista = leito carroçável; Passeio = calçada de pedestre. Base: auditoria ponto a ponto de 637 pontos (1 a cada ~350 m de trecho contínuo de via, mínimo 1 por trecho), verificados individualmente no Google Street View (517) e, onde não há cobertura, em imagem de satélite (120). TODOS os 637 pontos estão listados um a um na aba "Pontos auditados", com coordenada, data da imagem e classificação. Emissão v2: 19/08/2026.
A3: Nesta versão v2: (a) os 141 pontos que caem na malha física sem nome no mapa passaram a ser reportados em coluna própria, de modo que 496 + 141 = 637 fecham; (b) a largura de pista deixou de ser um escalar único de 8 m e passou a vir da caixa de via das plantas, via a via, com a regra declarada na aba de cada loteamento; (c) o % de passeio dos loteamentos sem base de medição foi marcado como NÃO MEDIDO em vez de estimado.
A5: Nº | B5: Loteamento | C5: Proprietário / empreendedor | D5: Matrícula (registro) | E5: Área oficial (m²) | F5: Nº de vias | G5: Extensão de vias (m) | H5: Pista pavimentada (m) | I5: % pavimentada | J5: Falta pavimentar (m) | K5: Falta pavimentar (m²) — larguras da planta | L5: Falta pavimentar (m²) — premissa 8 m | M5: Passeio faltante (m de via) | N5: Passeio faltante (m²) | O5: % passeio existente | P5: Base do % de passeio | Q5: Pontos em vias nomeadas | R5: Pontos na malha física | S5: Total de pontos | T5: Metragem medida (m) | U5: Metragem só de planta (m) | V5: Falta s/ metragem medida (m) | W5: Falta s/ metragem de planta (m)
A6: 7 | B6: Balneário de Guriri | C6: Município de São Mateus | D6: 7.798/3-J (22/02/1979) | E6: 578500 | F6: 20 | G6: ='07 Balneário de Guriri'!B26 -> 16241.4 | H6: ='07 Balneário de Guriri'!E26 -> 9731.3 | I6: =IF(G6=0,0,H6/G6) -> 0.59916633 | J6: ='07 Balneário de Guriri'!F26 -> 6510.1 | K6: ='07 Balneário de Guriri'!D28 -> 52083 | L6: ='07 Balneário de Guriri'!D29 -> 52080.8 | M6: ='07 Balneário de Guriri'!D32 -> 6496.56 | N6: ='07 Balneário de Guriri'!D33 -> 25986 | O6: 0.6 | P6: 53 ponto(s) do Street View | Q6: 54 | R6: 4 | S6: 58 | T6: 16241 | U6: 0 | V6: 6510 | W6: 0
A7: 9 | B7: Bosque da Praia | C7: TEGIL Territorial Guriri Ltda | D7: 2.315 (14/12/1979) | E7: 1728555 | F7: 40 | G7: ='09 Bosque da Praia'!B46 -> 36392.4 | H7: ='09 Bosque da Praia'!E46 -> 0 | I7: =IF(G7=0,0,H7/G7) -> 0 | J7: ='09 Bosque da Praia'!F46 -> 36392.4 | K7: ='09 Bosque da Praia'!D48 -> 335689 | L7: ='09 Bosque da Praia'!D49 -> 291139.2 | M7: ='09 Bosque da Praia'!D52 -> 32796.28 | N7: ='09 Bosque da Praia'!D53 -> 131185 | O7: 0.05 | P7: 12 ponto(s) do Street View | Q7: 3 | R7: 24 | S7: 27 | T7: 942 | U7: 35450 | V7: 942 | W7: 35450
A8: 10 | B8: Parque dos Albatrozes | C8: BINOTTE Emp. Imobiliários | D8: 2.383 (18/06/1980) | E8: 757170 | F8: 32 | G8: ='10 Parque dos Albatrozes'!B38 -> 17996.4 | H8: ='10 Parque dos Albatrozes'!E38 -> 5685.3 | I8: =IF(G8=0,0,H8/G8) -> 0.31591318 | J8: ='10 Parque dos Albatrozes'!F38 -> 12311.1 | K8: ='10 Parque dos Albatrozes'!D40 -> 104760 | L8: ='10 Parque dos Albatrozes'!D41 -> 98488.8 | M8: ='10 Parque dos Albatrozes'!D44 -> 8458.308 | N8: ='10 Parque dos Albatrozes'!D45 -> 33833 | O8: 0.53 | P8: 54 ponto(s) do Street View | Q8: 54 | R8: 0 | S8: 54 | T8: 17996 | U8: 0 | V8: 12311 | W8: 0
A9: 13 | B9: Praia de Guriri | C9: Dalla Bernardina Imob. | D9: 2.025 (06/07/1983) | E9: 625209.2 | F9: 40 | G9: ='13 Praia de Guriri'!B46 -> 12416.1 | H9: ='13 Praia de Guriri'!E46 -> 2691.3 | I9: =IF(G9=0,0,H9/G9) -> 0.21675889 | J9: ='13 Praia de Guriri'!F46 -> 9724.8 | K9: ='13 Praia de Guriri'!D48 -> 77796 | L9: ='13 Praia de Guriri'!D49 -> 77798.4 | M9: ='13 Praia de Guriri'!D52 -> 9063.753 | N9: ='13 Praia de Guriri'!D53 -> 36255 | O9: 0.27 | P9: 56 ponto(s) do Street View | Q9: 57 | R9: 0 | S9: 57 | T9: 12416 | U9: 0 | V9: 9725 | W9: 0
A10: 14 | B10: Jardim das Caiçaras | C10: Caiçaras Emp. Imobiliários | D10: 4.170 (05/05/1986) | E10: 1141457.9 | F10: 48 | G10: ='14 Jardim das Caiçaras'!B54 -> 21907.8 | H10: ='14 Jardim das Caiçaras'!E54 -> 3731.2 | I10: =IF(G10=0,0,H10/G10) -> 0.17031377 | J10: ='14 Jardim das Caiçaras'!F54 -> 18176.6 | K10: ='14 Jardim das Caiçaras'!D56 -> 145416 | L10: ='14 Jardim das Caiçaras'!D57 -> 145412.8 | M10: ='14 Jardim das Caiçaras'!D60 -> 18402.552 | N10: ='14 Jardim das Caiçaras'!D61 -> 73610 | O10: 0.16 | P10: 73 ponto(s) do Street View | Q10: 78 | R10: 0 | S10: 78 | T10: 21908 | U10: 0 | V10: 18177 | W10: 0
A11: 15 | B11: Morada do Sol | C11: Guriri Beach Turismo | D11: 7.640 (09/10/1986) | E11: 122213.92 | F11: 13 | G11: ='15 Morada do Sol'!B19 -> 3114.8 | H11: ='15 Morada do Sol'!E19 -> 514.4 | I11: =IF(G11=0,0,H11/G11) -> 0.16514704 | J11: ='15 Morada do Sol'!F19 -> 2600.4 | K11: ='15 Morada do Sol'!D21 -> 20801 | L11: ='15 Morada do Sol'!D22 -> 20803.2 | M11: ='15 Morada do Sol'!D25 -> 1993.472 | N11: ='15 Morada do Sol'!D26 -> 7974 | O11: 0.36 | P11: 15 ponto(s) do Street View | Q11: 15 | R11: 0 | S11: 15 | T11: 3115 | U11: 0 | V11: 2600 | W11: 0
A12: 25 | B12: Parque Residencial Oitizeiro | C12: Alba Figueiredo Brasileiro | D12: 14.380 (02/06/2000) | E12: 557784.5 | F12: 31 | G12: ='25 Park Res. Oitizeiro'!B37 -> 13895.5 | H12: ='25 Park Res. Oitizeiro'!E37 -> 752.2 | I12: =IF(G12=0,0,H12/G12) -> 0.054132633 | J12: ='25 Park Res. Oitizeiro'!F37 -> 13143.3 | K12: ='25 Park Res. Oitizeiro'!D39 -> 110278 | L12: ='25 Park Res. Oitizeiro'!D40 -> 105146.4 | M12: ='25 Park Res. Oitizeiro'!D43 -> 7781.48 | N12: ='25 Park Res. Oitizeiro'!D44 -> 31756 | O12: 0.44 | P12: 41 ponto(s) do Street View | Q12: 41 | R12: 0 | S12: 41 | T12: 13896 | U12: 0 | V12: 13143 | W12: 0
A13: 27 | B13: Residencial Mar Aberto | C13: Mirante Emp. Imobiliários | D13: 9.853 (25/08/2000) | E13: 387200 | F13: 35 | G13: ='27 Res. Mar Aberto'!B41 -> 6839 | H13: ='27 Res. Mar Aberto'!E41 -> 626.2 | I13: =IF(G13=0,0,H13/G13) -> 0.091563094 | J13: ='27 Res. Mar Aberto'!F41 -> 6212.8 | K13: ='27 Res. Mar Aberto'!D43 -> 68341 | L13: ='27 Res. Mar Aberto'!D44 -> 49702.4 | M13: ='27 Res. Mar Aberto'!D47 -> 6702.22 | N13: ='27 Res. Mar Aberto'!D48 -> 33511 | O13: 0.02 | P13: 33 ponto(s) do Street View | Q13: 8 | R13: 25 | S13: 33 | T13: 2731 | U13: 4108 | V13: 2220 | W13: 3993
A14: 31 | B14: Melhorini Residencial Parque | C14: Domingos Melhorini | D14: 9.300 (26/11/2001) | E14: 70180 | F14: 10 | G14: ='31 Melhorini Res. Parque'!B16 -> 1520.9 | H14: ='31 Melhorini Res. Parque'!E16 -> 339.3 | I14: =IF(G14=0,0,H14/G14) -> 0.22309159 | J14: ='31 Melhorini Res. Parque'!F16 -> 1181.6 | K14: ='31 Melhorini Res. Parque'!D18 -> 9453 | L14: ='31 Melhorini Res. Parque'!D19 -> 9452.8 | M14: ='31 Melhorini Res. Parque'!D22 -> 1079.839 | N14: ='31 Melhorini Res. Parque'!D23 -> 4319 | O14: 0.29 | P14: 10 ponto(s) do Street View | Q14: 10 | R14: 0 | S14: 10 | T14: 1521 | U14: 0 | V14: 1182 | W14: 0
A15: 35 | B15: Verão Vermelho | C15: Neri Mariani | D15: 16.265 (24/10/2003) | E15: 402084 | F15: 34 | G15: ='35 Verão Vermelho'!B40 -> 10602.1 | H15: ='35 Verão Vermelho'!E40 -> 425.3 | I15: =IF(G15=0,0,H15/G15) -> 0.040114694 | J15: ='35 Verão Vermelho'!F40 -> 10176.8 | K15: ='35 Verão Vermelho'!D42 -> 79492 | L15: ='35 Verão Vermelho'!D43 -> 81414.4 | M15: ='35 Verão Vermelho'!D46 -> 6807.574 | N15: ='35 Verão Vermelho'!D47 -> 27741 | O15: 0.06 | P15: 19 ponto(s) do Street View | Q15: 9 | R15: 28 | S15: 37 | T15: 2772 | U15: 7830 | V15: 2347 | W15: 7830
A16: 36 | B16: Residencial Ilha de Guriri I | C16: Airton Ruberth | D16: 15.191 (12/11/2003) | E16: 77639 | F16: 9 | G16: ='36 Res. Ilha de Guriri I'!B15 -> 1995.2 | H16: ='36 Res. Ilha de Guriri I'!E15 -> 0 | I16: =IF(G16=0,0,H16/G16) -> 0 | J16: ='36 Res. Ilha de Guriri I'!F15 -> 1995.2 | K16: ='36 Res. Ilha de Guriri I'!D17 -> 15962 | L16: ='36 Res. Ilha de Guriri I'!D18 -> 15961.6 | M16: ='36 Res. Ilha de Guriri I'!D21 -> 1556.256 | N16: ='36 Res. Ilha de Guriri I'!D22 -> 6225 | O16: 0.22 | P16: 8 ponto(s) do Street View | Q16: 9 | R16: 0 | S16: 9 | T16: 1995 | U16: 0 | V16: 1995 | W16: 0
A17: 39 | B17: Central | C17: Kajuzal Camping | D17: 16.104 (25/11/2003) | E17: 124388 | F17: 15 | G17: ='39 Central'!B21 -> 3725.3 | H17: ='39 Central'!E21 -> 435.4 | I17: =IF(G17=0,0,H17/G17) -> 0.11687649 | J17: ='39 Central'!F21 -> 3289.9 | K17: ='39 Central'!D23 -> 26319 | L17: ='39 Central'!D24 -> 26319.2 | M17: ='39 Central'!D27 -> 2980.24 | N17: ='39 Central'!D28 -> 11921 | O17: 0.2 | P17: 10 ponto(s) do Street View | Q17: 10 | R17: 0 | S17: 10 | T17: 3725 | U17: 0 | V17: 3290 | W17: 0
A18: 42 | B18: Residencial Bom Jesus | C18: Kajuzal Camping | D18: 15.989 (23/12/2003) | E18: 1089673.4 | F18: 22 | G18: ='42 Res. Bom Jesus'!B28 -> 23700.1 | H18: ='42 Res. Bom Jesus'!E28 -> 20665.5 | I18: =IF(G18=0,0,H18/G18) -> 0.87195835 | J18: ='42 Res. Bom Jesus'!F28 -> 3034.6 | K18: ='42 Res. Bom Jesus'!D30 -> 24277 | L18: ='42 Res. Bom Jesus'!D31 -> 24276.8 | M18: ='42 Res. Bom Jesus'!D34 -> 18249.077 | N18: ='42 Res. Bom Jesus'!D35 -> 74201 | O18: 0.23 | P18: 48 ponto(s) do Street View | Q18: 70 | R18: 0 | S18: 70 | T18: 21624 | U18: 2076 | V18: 2702 | W18: 332
A19: 47 | B19: Praiano | C19: Praiano Guriri Clube | D19: 10.725 | E19: 96800 | F19: 15 | G19: ='47 Praiano'!B21 -> 2612.2 | H19: ='47 Praiano'!E21 -> 257.4 | I19: =IF(G19=0,0,H19/G19) -> 0.098537631 | J19: ='47 Praiano'!F21 -> 2354.8 | K19: ='47 Praiano'!D23 -> 18838 | L19: ='47 Praiano'!D24 -> 18838.4 | M19: ='47 Praiano'!D27 -> 2063.638 | N19: ='47 Praiano'!D28 -> 8393 | O19: 0.21 | P19: 15 ponto(s) do Street View | Q19: 15 | R19: 0 | S19: 15 | T19: 2612 | U19: 0 | V19: 2355 | W19: 0
A20: 49 | B20: Vale do Amazonas | C20: Igor Vescovi Devens | D20: 15.185 | E20: 77639 | F20: 4 | G20: ='49 Vale do Amazonas'!B10 -> 1154.4 | H20: ='49 Vale do Amazonas'!E10 -> 0 | I20: =IF(G20=0,0,H20/G20) -> 0 | J20: ='49 Vale do Amazonas'!F10 -> 1154.4 | K20: ='49 Vale do Amazonas'!D12 -> 10442 | L20: ='49 Vale do Amazonas'!D13 -> 9235.2 | M20: ='49 Vale do Amazonas'!D16 -> 1154.4 | N20: ='49 Vale do Amazonas'!D17 -> 4618 | O20: 0 | P20: 4 ponto(s) do Street View | Q20: 4 | R20: 0 | S20: 4 | T20: 1154 | U20: 0 | V20: 1154 | W20: 0
A21: 50 | B21: Flor Pan | C21: Antonio Costa | D21: 15.189 | E21: 77639 | F21: 7 | G21: ='50 Flor Pan'!B13 -> 1809.1 | H21: ='50 Flor Pan'!E13 -> 0 | I21: =IF(G21=0,0,H21/G21) -> 0 | J21: ='50 Flor Pan'!F13 -> 1809.1 | K21: ='50 Flor Pan'!D15 -> 19900 | L21: ='50 Flor Pan'!D16 -> 14472.8 | M21: ='50 Flor Pan'!D19 -> 1320.643 | N21: ='50 Flor Pan'!D20 -> 5283 | O21: 0.27 | P21: 9 ponto(s) do Street View | Q21: 9 | R21: 0 | S21: 9 | T21: 1809 | U21: 0 | V21: 1809 | W21: 0
A22: 60 | B22: Residencial Evidência | C22: Anildo Moreira Tavares | D22: 9.497 | E22: 138513.92 | F22: 22 | G22: ='60 Res. Evidência'!B28 -> 3885 | H22: ='60 Res. Evidência'!E28 -> 0 | I22: =IF(G22=0,0,H22/G22) -> 0 | J22: ='60 Res. Evidência'!F28 -> 3885 | K22: ='60 Res. Evidência'!D30 -> 31083 | L22: ='60 Res. Evidência'!D31 -> 31080 | M22: ='60 Res. Evidência'!D34 -> 2602.95 | N22: ='60 Res. Evidência'!D35 -> 10412 | O22: 0.33 | P22: 22 ponto(s) do Street View | Q22: 22 | R22: 0 | S22: 22 | T22: 3885 | U22: 0 | V22: 3885 | W22: 0
A23: 70 | B23: Pontal de Guriri | C23: João Bosco Cevolane | D23: 19.747 | E23: 244194.61 | F23: 17 | G23: ='70 Pontal de Guriri'!B23 -> 6052.1 | H23: ='70 Pontal de Guriri'!E23 -> 572 | I23: =IF(G23=0,0,H23/G23) -> 0.094512649 | J23: ='70 Pontal de Guriri'!F23 -> 5480.1 | K23: ='70 Pontal de Guriri'!D25 -> 43842 | L23: ='70 Pontal de Guriri'!D26 -> 43840.8 | M23: ='70 Pontal de Guriri'!D29 -> 5931.058 | N23: ='70 Pontal de Guriri'!D30 -> 23724 | O23: 0.02 | P23: 23 ponto(s) do Street View | Q23: 28 | R23: 0 | S23: 28 | T23: 6052 | U23: 0 | V23: 5480 | W23: 0
A24: 78 | B24: João de Barro (COHAJOBA) | C24: COHAJOBA | D24: 19.792 | E24: 54750 | F24: 10 | G24: ='78 João de Barro'!B16 -> 1490 | H24: ='78 João de Barro'!E16 -> 0 | I24: =IF(G24=0,0,H24/G24) -> 0 | J24: ='78 João de Barro'!F16 -> 1490 | K24: ='78 João de Barro'!D18 -> 11920 | L24: ='78 João de Barro'!D19 -> 11920 | M24: não estimado | N24: não estimado | O24: não medido | P24: NÃO MEDIDO — nenhum ponto com leitura de calçada | Q24: 0 | R24: 14 | S24: 14 | T24: 0 | U24: 1490 | V24: 0 | W24: 1490
A25: 80 | B25: Soma Cevolani (Golden Guriri) | C25: Soma Cevolani SPE | D25: 52.586 | E25: 234671.83 | F25: 8 | G25: ='80 Soma Cevolani'!B14 -> 4952 | H25: ='80 Soma Cevolani'!E14 -> 4952 | I25: =IF(G25=0,0,H25/G25) -> 1 | J25: ='80 Soma Cevolani'!F14 -> 0 | K25: ='80 Soma Cevolani'!D16 -> 0 | L25: ='80 Soma Cevolani'!D17 -> 0 | M25: não estimado | N25: não estimado | O25: não medido | P25: NÃO MEDIDO — as 2 leituras existentes ficam na ES-010 (orla), fora da malha interna | Q25: 0 | R25: 32 | S25: 32 | T25: 0 | U25: 4952 | V25: 0 | W25: 0
A26: 84 | B26: Pontal de Guriri II | C26: João Bosco Cevolane Ltda | D26: 54.633 | E26: 44371.01 | F26: 5 | G26: ='84 Pontal de Guriri II'!B11 -> 1073 | H26: ='84 Pontal de Guriri II'!E11 -> 0 | I26: =IF(G26=0,0,H26/G26) -> 0 | J26: ='84 Pontal de Guriri II'!F11 -> 1073 | K26: ='84 Pontal de Guriri II'!D13 -> 9855 | L26: ='84 Pontal de Guriri II'!D14 -> 8584 | M26: ='84 Pontal de Guriri II'!D17 -> 772.56 | N26: ='84 Pontal de Guriri II'!D18 -> 3256 | O26: 0.28 | P26: 4 ponto(s) do Street View | Q26: 0 | R26: 14 | S26: 14 | T26: 0 | U26: 1073 | V26: 0 | W26: 1073
B27: TOTAL GERAL — GURIRI | F27: =SUM(F6:F26) -> 437 | G27: =SUM(G6:G26) -> 193374.8 | H27: =SUM(H6:H26) -> 51378.8 | I27: =IF(G27=0,0,H27/G27) -> 0.26569543 | J27: =SUM(J6:J26) -> 141996 | K27: =SUM(K6:K26) -> 1216547 | L27: =SUM(L6:L26) -> 1135968 | M27: =SUMIF($O$6:$O$26,"<>não estimado",M6:M26) -> 136212.86 | N27: =SUMIF($O$6:$O$26,"<>não estimado",N6:N26) -> 554203 | P27: soma exclui os NÃO MEDIDOS | Q27: =SUM(Q6:Q26) -> 496 | R27: =SUM(R6:R26) -> 141 | S27: =SUM(S6:S26) -> 637 | T27: =SUM(T6:T26) -> 136394 | U27: =SUM(U6:U26) -> 56979 | V27: =SUM(V6:V26) -> 91827 | W27: =SUM(W6:W26) -> 50168
A29: Notas, premissas e reconciliação:
A30: • CONTAGEM DE PONTOS: 637 = 496 pontos atribuídos a vias nomeadas + 141 pontos na malha física existente no mapa mas sem nome que corresponda a uma via da planta. Os 141 foram efetivamente verificados e alimentam a taxa do loteamento; por não terem nome, não podem ser creditados a uma linha de via. Todos os 637 constam da aba "Pontos auditados".
A31: • LARGURA DE PISTA: a caixa de via vem do quadro/legenda das plantas (185 das 418 vias de planta a trazem; 12,0 m é o valor dominante, em 146 delas). Conversão declarada: caixa até 15 m → pista = caixa − 4,0 m (dois passeios de 2,0 m); caixa de 15 a 20 m → pista = caixa − 5,0 m; caixa acima de 20 m → pista = caixa − 8,0 m (dois passeios de 2,5 m + canteiro central de 3,0 m). Vias sem largura na planta usam a mediana da própria planta (célula em amarelo); plantas sem nenhuma largura usam 12,0 m, a moda da ilha, que devolve os mesmos 8,0 m da premissa anterior.
A32: • A coluna "Falta pavimentar (m²) — premissa 8 m" é mantida apenas como base de comparação com a versão anterior do levantamento.
A33: • PASSEIO: o % é a média ponderada das leituras de calçada dos pontos do loteamento (ambos os lados = 100%, um lado = 50%, nenhum = 0%). Onde não há leitura válida, a célula diz NÃO MEDIDO e o passeio faltante não é estimado — a metragem correspondente fica fora do total, em vez de receber um número sem base.
A34: • "Passeio faltante (m de via)" são metros de VIA sem calçada completa nos dois lados, NÃO metros lineares de calçada. Para orçar calçada em metro linear, multiplique por 2.
A35: • A extensão de vias não abertas está incluída em "Falta pavimentar", pois são obras a executar; ela NÃO entra no cálculo de passeio.
A36: • Metragem medida = via com traçado existente medido sobre imagem. Metragem só de planta = via prevista no projeto sem traçado medido; sua existência física deve ser confirmada em campo antes de orçar.
A37: • Valores aproximados. Recomenda-se conferência em campo e junto à Prefeitura de São Mateus antes de uso oficial.

Sheet 07 Balneário de Guriri
A1: Loteamento Balneário de Guriri — planta nº 7
A2: Proprietário/empreendedor: Município de São Mateus | Matrícula: 7.798/3-J (22/02/1979) | Área oficial: 578.500 m²
A3: Pontos verificados neste loteamento: 58 (54 atribuídos a vias nomeadas + 4 na malha física sem nome no mapa). Metragem com traçado medido: 16.241 m; só de planta: 0 m. Todos os pontos estão listados na aba 'Pontos auditados'.
A5: Rua / via | B5: Extensão da via (m) | C5: Situação da pista | D5: % pista pavimentada | E5: Pavimentado (m) | F5: Falta pavimentar (m) | G5: Caixa de via — planta (m) | H5: Origem da largura | I5: Largura de pista adotada (m) | J5: Falta pavimentar (m²) | K5: Confiança | L5: Passeio (calçada) | M5: % passeio (via) | N5: Pontos próprios | O5: Origem da classificação | P5: Metragem | Q5: Observações
A6: Avenida Oceano Atlântico | B6: 2712 | C6: Pavimentada | D6: 1 | E6: =ROUND(B6*D6,1) -> 2712 | F6: =B6-E6 -> 0 | G6: 12 | H6: moda da ilha (12 m) | I6: 8 | J6: =ROUND(F6*I6,0) -> 0 | K6: alta | L6: Sim (maioria) | M6: 0.93 | N6: 8 | O6: 8 ponto(s): 8 SV + 0 satélite (bloquete) | P6: medida (traçado) | Q6: Primeira Avenida da planta/orla ES-010; asfalto cinza com estacionamento, quiosques e calcadao junto a praca.
A7: Avenida Governador Eurico Vieira de Rezende | B7: 805.1 | C7: Pavimentada | D7: 1 | E7: =ROUND(B7*D7,1) -> 805.1 | F7: =B7-E7 -> 0 | G7: 12 | H7: moda da ilha (12 m) | I7: 8 | J7: =ROUND(F7*I7,0) -> 0 | K7: alta | L7: Sim (maioria) | M7: 1 | N7: 2 | O7: 2 ponto(s): 1 SV + 1 satélite (asfalto, bloquete) | P7: medida (traçado) | Q7: Corresponde ao eixo Av. Guriri/praca do centro comercial; cinza, comercio denso.
A8: Avenida Esbertalina Barbosa Damiani | B8: 379.5 | C8: Pavimentada | D8: 1 | E8: =ROUND(B8*D8,1) -> 379.5 | F8: =B8-E8 -> 0 | G8: 12 | H8: moda da ilha (12 m) | I8: 8 | J8: =ROUND(F8*I8,0) -> 0 | K8: alta | L8: Parcial | M8: 0.5 | N8: 1 | O8: 1 ponto(s): 1 SV + 0 satélite (bloquete) | P8: medida (traçado) | Q8: Segunda Avenida da planta (limite oeste); cinza continua, rota de onibus. | corrigido por SV
A9: Rua Pinheiros | B9: 386.2 | C9: Não pavimentada | D9: 0 | E9: =ROUND(B9*D9,1) -> 0 | F9: =B9-E9 -> 386.2 | G9: 12 | H9: moda da ilha (12 m) | I9: 8 | J9: =ROUND(F9*I9,0) -> 3090 | K9: alta | L9: Parcial | M9: 0.5 | N9: 1 | O9: 1 ponto(s): 1 SV + 0 satélite (saibro) | P9: medida (traçado) | Q9: Areia/bege no satelite (hz_18395/18435/18475).
A10: Rua Linhares | B10: 1390.7 | C10: Não pavimentada | D10: 0 | E10: =ROUND(B10*D10,1) -> 0 | F10: =B10-E10 -> 1390.7 | G10: 12 | H10: moda da ilha (12 m) | I10: 8 | J10: =ROUND(F10*I10,0) -> 11126 | K10: alta | L10: Parcial | M10: 0.5 | N10: 5 | O10: 5 ponto(s): 5 SV + 0 satélite (saibro) | P10: medida (traçado) | Q10: OSM unpaved; satelite mostra ~150 m cinza junto ao centro comercial (Zuliani/Eurico Rezende); restante ate -18.751 em areia.
A11: Avenida Oceano Índico | B11: 805.8 | C11: Pavimentada | D11: 1 | E11: =ROUND(B11*D11,1) -> 805.8 | F11: =B11-E11 -> 0 | G11: 12 | H11: moda da ilha (12 m) | I11: 8 | J11: =ROUND(F11*I11,0) -> 0 | K11: alta | L11: Parcial | M11: 0.5 | N11: 2 | O11: 2 ponto(s): 2 SV + 0 satélite (bloquete) | P11: medida (traçado) | Q11: Terceira Avenida da planta (transversal com canteiro); cinza da Esbertalina ate a orla.
A12: Rua Horácio Barbosa Alves | B12: 1372.6 | C12: Parcial | D12: 0.77 | E12: =ROUND(B12*D12,1) -> 1056.9 | F12: =B12-E12 -> 315.7 | G12: 12 | H12: moda da ilha (12 m) | I12: 8 | J12: =ROUND(F12*I12,0) -> 2526 | K12: alta | L12: Parcial | M12: 0.54 | N12: 5 | O12: 5 ponto(s): 5 SV + 0 satélite (bloquete, saibro) | P12: medida (traçado) | Q12: Areia/bege no satelite (hz_18395/18435/18475).
A13: Rua São Gabriel da Palha | B13: 1414 | C13: Parcial | D13: 0.27 | E13: =ROUND(B13*D13,1) -> 381.8 | F13: =B13-E13 -> 1032.2 | G13: 12 | H13: moda da ilha (12 m) | I13: 8 | J13: =ROUND(F13*I13,0) -> 8258 | K13: alta | L13: Parcial | M13: 0.64 | N13: 5 | O13: 5 ponto(s): 5 SV + 0 satélite (bloquete, saibro) | P13: medida (traçado) | Q13: Areia; possivel toco curto pavimentado junto ao centro (nao conclusivo).
A14: Rua Barra de São Francisco | B14: 383.2 | C14: Não pavimentada | D14: 0 | E14: =ROUND(B14*D14,1) -> 0 | F14: =B14-E14 -> 383.2 | G14: 12 | H14: moda da ilha (12 m) | I14: 8 | J14: =ROUND(F14*I14,0) -> 3066 | K14: alta | L14: Parcial | M14: 0.5 | N14: 1 | O14: 1 ponto(s): 1 SV + 0 satélite (saibro) | P14: medida (traçado) | Q14: Areia/bege no satelite (hz_18395/18435/18475).
A15: (sem nome) | B15: 367.2 | C15: Parcial | D15: 0.66 | E15: =ROUND(B15*D15,1) -> 242.4 | F15: =B15-E15 -> 124.8 | G15: 12 | H15: moda da ilha (12 m) | I15: 8 | J15: =ROUND(F15*I15,0) -> 998 | K15: alta | L15: Sim (maioria) | M15: 0.79 | N15: 5 | O15: 5 ponto(s): 5 SV + 0 satélite (areia, asfalto, bloquete) | P15: medida (traçado) | Q15: 22 ways de ligacao na praca/orla (primary_link/tertiary_link) majoritariamente asfaltados; poucos tocos de areia.
A16: Avenida Esbertalina B. Damiani | B16: 1142.1 | C16: Pavimentada | D16: 1 | E16: =ROUND(B16*D16,1) -> 1142.1 | F16: =B16-E16 -> 0 | G16: 12 | H16: moda da ilha (12 m) | I16: 8 | J16: =ROUND(F16*I16,0) -> 0 | K16: alta | L16: Parcial | M16: 0.5 | N16: 2 | O16: 2 ponto(s): 2 SV + 0 satélite (bloquete) | P16: medida (traçado) | Q16: Continuacao sul do mesmo eixo; cinza com pontos de onibus ate alem da Mantenopolis. | corrigido por SV
A17: Rua Boa Esperança | B17: 389 | C17: Não pavimentada | D17: 0 | E17: =ROUND(B17*D17,1) -> 0 | F17: =B17-E17 -> 389 | G17: 12 | H17: moda da ilha (12 m) | I17: 8 | J17: =ROUND(F17*I17,0) -> 3112 | K17: alta | L17: Não | M17: 0 | N17: 1 | O17: 1 ponto(s): 1 SV + 0 satélite (areia) | P17: medida (traçado) | Q17: Areia/bege no satelite (hz_18395/18435/18475).
... A25: Rua Esbertalina B. Damiani | B25: 9.2 | C25: Pavimentada | D25: 1 | E25: =ROUND(B25*D25,1) -> 9.2 | F25: =B25-E25 -> 0 | G25: 12 | H25: moda da ilha (12 m) | I25: 8 | J25: =ROUND(F25*I25,0) -> 0 | K25: alta | L25: Sim (maioria) | M25: 1 | N25: 1 | O25: 1 ponto(s): 1 SV + 0 satélite (bloquete) | P25: medida (traçado) | Q25: Toco de 9 m sem tag; mesmo eixo pavimentado. | corrigido por SV
A26: TOTAL | B26: =SUM(B6:B25) -> 16241.4 | D26: =IF(B26=0,0,E26/B26) -> 0.59916633 | E26: =SUM(E6:E25) -> 9731.3 | F26: =SUM(F6:F25) -> 6510.1 | J26: =SUM(J6:J25) -> 52083
A28: Falta pavimentar — pista (m²), larguras da planta: | D28: =J26 -> 52083 | F28: soma da coluna J (falta × largura de pista de cada via)
A29: Falta pavimentar — pista (m²), premissa única de 8 m: | D29: =F26*8 -> 52080.8 | F29: base de comparação com a versão anterior do levantamento
A30: Vias não abertas incluídas no total (m): | D30: 0 | F30: constam na planta, sem abertura visível; contam como obra a executar
A31: Passeio (calçada) existente: | D31: 0.6 | F31: 53 ponto(s) do Street View
A32: Passeio faltante (m de via aberta): | D32: =(B26-D30)*(1-D31) -> 6496.56 | F32: metros de VIA sem calçada completa nos dois lados (não é metro linear de calçada)
A33: Passeio faltante (m²): | D33: =ROUND(D32*4,0) -> 25986 | F33: 4.00 m² de calçada por metro de via (dois lados, larguras da planta)
A34: Pontos verificados — em vias nomeadas: | D34: 54
A35: Pontos verificados — na malha física sem nome no mapa: | D35: 4 | F35: verificados e usados na taxa do loteamento; ver aba Pontos auditados
A36: Pavimento sobre metragem medida (m): | D36: 9731
A37: Pavimento sobre metragem só de planta (m): | D37: 0 | F37: sem traçado medido — existência a confirmar em campo

Sheet 09 Bosque da Praia
A1: Loteamento Bosque da Praia — planta nº 9
A2: Proprietário/empreendedor: TEGIL Territorial Guriri Ltda | Matrícula: 2.315 (14/12/1979) | Área oficial: 1.728.555 m²
A3: Pontos verificados neste loteamento: 27 (3 atribuídos a vias nomeadas + 24 na malha física sem nome no mapa). Metragem com traçado medido: 942 m; só de planta: 35.450 m. Todos os pontos estão listados na aba 'Pontos auditados'.
A5: Rua / via | B5: Extensão da via (m) | C5: Situação da pista | D5: % pista pavimentada | E5: Pavimentado (m) | F5: Falta pavimentar (m) | G5: Caixa de via — planta (m) | H5: Origem da largura | I5: Largura de pista adotada (m) | J5: Falta pavimentar (m²) | K5: Confiança | L5: Passeio (calçada) | M5: % passeio (via) | N5: Pontos próprios | O5: Origem da classificação | P5: Metragem | Q5: Observações
A6: Estrada São Mateus-Estiva de Barra Nova | B6: 942.4 | C6: Não pavimentada | D6: 0 | E6: =ROUND(B6*D6,1) -> 0 | F6: =B6-E6 -> 942.4 | G6: 12 | H6: mediana da planta | I6: 8 | J6: =ROUND(F6*I6,0) -> 7539 | K6: alta | L6: Não | M6: 0 | N6: 3 | O6: 3 ponto(s): 3 SV + 0 satélite (saibro) | P6: medida (traçado) | Q6: 'AV.' diagonal de 20 m da divisa oeste da planta de 1979; hoje ES-010 asfaltada (linha escura no satelite), 942 m no poligono
A7: RUA 1 | B7: 920 | C7: Não pavimentada | D7: 0 | E7: =ROUND(B7*D7,1) -> 0 | F7: =B7-E7 -> 920 | G7: 15 | H7: quadro/legenda da planta | I7: 11 | J7: =ROUND(F7*I7,0) -> 10120 | K7: baixa | L7: Não avaliável | M7: — | N7: 0 | O7: sem ponto próprio — taxa agregada da malha física auditada do loteamento | P7: planta (não medida) | Q7: primeira rua junto a orla, atras da duna: aberta em areia, continua de -18.7746 a ~-18.782
A8: RUA 2 | B8: 920 | C8: Não pavimentada | D8: 0 | E8: =ROUND(B8*D8,1) -> 0 | F8: =B8-E8 -> 920 | G8: 15 | H8: quadro/legenda da planta | I8: 11 | J8: =ROUND(F8*I8,0) -> 10120 | K8: baixa | L8: Não avaliável | M8: — | N8: 0 | O8: sem ponto próprio — taxa agregada da malha física auditada do loteamento | P8: planta (não medida) | Q8: 'R. Dois' rotulada no Google: aberta em areia por toda a extensao
A9: RUA 3 | B9: 920 | C9: Não pavimentada | D9: 0 | E9: =ROUND(B9*D9,1) -> 0 | F9: =B9-E9 -> 920 | G9: 15 | H9: quadro/legenda da planta | I9: 11 | J9: =ROUND(F9*I9,0) -> 10120 | K9: baixa | L9: Não avaliável | M9: — | N9: 0 | O9: sem ponto próprio — taxa agregada da malha física auditada do loteamento | P9: planta (não medida) | Q9: aberta em areia (grade visivel hz_18775s/hz_18830s) de -18.7746 ate a mata em ~-18.782; sem edificacao na maior parte
A10: RUA 4 | B10: 920 | C10: Não pavimentada | D10: 0 | E10: =ROUND(B10*D10,1) -> 0 | F10: =B10-E10 -> 920 | G10: 15 | H10: quadro/legenda da planta | I10: 11 | J10: =ROUND(F10*I10,0) -> 10120 | K10: baixa | L10: Não avaliável | M10: — | N10: 0 | O10: sem ponto próprio — taxa agregada da malha física auditada do loteamento | P10: planta (não medida) | Q10: aberta em areia (grade visivel hz_18775s/hz_18830s) de -18.7746 ate a mata em ~-18.782; sem edificacao na maior parte
A11: RUA 5 | B11: 920 | C11: Não pavimentada | D11: 0 | E11: =ROUND(B11*D11,1) -> 0 | F11: =B11-E11 -> 920 | G11: 15 | H11: quadro/legenda da planta | I11: 11 | J11: =ROUND(F11*I11,0) -> 10120 | K11: baixa | L11: Não avaliável | M11: — | N11: 0 | O11: sem ponto próprio — taxa agregada da malha física auditada do loteamento | P11: planta (não medida) | Q11: aberta em areia (grade visivel hz_18775s/hz_18830s) de -18.7746 ate a mata em ~-18.782; sem edificacao na maior parte
A12: RUA 6 | B12: 920 | C12: Não pavimentada | D12: 0 | E12: =ROUND(B12*D12,1) -> 0 | F12: =B12-E12 -> 920 | G12: 12 | H12: quadro/legenda da planta | I12: 8 | J12: =ROUND(F12*I12,0) -> 7360 | K12: baixa | L12: Não avaliável | M12: — | N12: 0 | O12: sem ponto próprio — taxa agregada da malha física auditada do loteamento | P12: planta (não medida) | Q12: aberta em areia (grade visivel hz_18775s/hz_18830s) de -18.7746 ate a mata em ~-18.782; sem edificacao na maior parte
A13: RUA 7 | B13: 920 | C13: Não pavimentada | D13: 0 | E13: =ROUND(B13*D13,1) -> 0 | F13: =B13-E13 -> 920 | G13: 12 | H13: quadro/legenda da planta | I13: 8 | J13: =ROUND(F13*I13,0) -> 7360 | K13: baixa | L13: Não avaliável | M13: — | N13: 0 | O13: sem ponto próprio — taxa agregada da malha física auditada do loteamento | P13: planta (não medida) | Q13: aberta em areia (grade visivel hz_18775s/hz_18830s) de -18.7746 ate a mata em ~-18.782; sem edificacao na maior parte
A14: RUA 8 | B14: 920 | C14: Não pavimentada | D14: 0 | E14: =ROUND(B14*D14,1) -> 0 | F14: =B14-E14 -> 920 | G14: 12 | H14: quadro/legenda da planta | I14: 8 | J14: =ROUND(F14*I14,0) -> 7360 | K14: baixa | L14: Não avaliável | M14: — | N14: 0 | O14: sem ponto próprio — taxa agregada da malha física auditada do loteamento | P14: planta (não medida) | Q14: aberta em areia (grade visivel hz_18775s/hz_18830s) de -18.7746 ate a mata em ~-18.782; sem edificacao na maior parte
A15: RUA 9 | B15: 920 | C15: Não pavimentada | D15: 0 | E15: =ROUND(B15*D15,1) -> 0 | F15: =B15-E15 -> 920 | G15: 12 | H15: quadro/legenda da planta | I15: 8 | J15: =ROUND(F15*I15,0) -> 7360 | K15: baixa | L15: Não avaliável | M15: — | N15: 0 | O15: sem ponto próprio — taxa agregada da malha física auditada do loteamento | P15: planta (não medida) | Q15: aberta em areia (grade visivel hz_18775s/hz_18830s) de -18.7746 ate a mata em ~-18.782; sem edificacao na maior parte
A16: RUA 10 | B16: 920 | C16: Não pavimentada | D16: 0 | E16: =ROUND(B16*D16,1) -> 0 | F16: =B16-E16 -> 920 | G16: 12 | H16: quadro/legenda da planta | I16: 8 | J16: =ROUND(F16*I16,0) -> 7360 | K16: baixa | L16: Não avaliável | M16: — | N16: 0 | O16: sem ponto próprio — taxa agregada da malha física auditada do loteamento | P16: planta (não medida) | Q16: aberta em areia (grade visivel hz_18775s/hz_18830s) de -18.7746 ate a mata em ~-18.782; sem edificacao na maior parte
A17: RUA 11 | B17: 920 | C17: Não pavimentada | D17: 0 | E17: =ROUND(B17*D17,1) -> 0 | F17: =B17-E17 -> 920 | G17: 12 | H17: quadro/legenda da planta | I17: 8 | J17: =ROUND(F17*I17,0) -> 7360 | K17: baixa | L17: Não avaliável | M17: — | N17: 0 | O17: sem ponto próprio — taxa agregada da malha física auditada do loteamento | P17: planta (não medida) | Q17: aberta em areia (grade visivel hz_18775s/hz_18830s) de -18.7746 ate a mata em ~-18.782; sem edificacao na maior parte
A18: RUA 12 | B18: 920 | C18: Não pavimentada | D18: 0 | E18: =ROUND(B18*D18,1) -> 0 | F18: =B18-E18 -> 920 | G18: 12 | H18: quadro/legenda da planta | I18: 8 | J18: =ROUND(F18*I18,0) -> 7360 | K18: baixa | L18: Não avaliável | M18: — | N18: 0 | O18: sem ponto próprio — taxa agregada da malha física auditada do loteamento | P18: planta (não medida) | Q18: aberta em areia (grade visivel hz_18775s/hz_18830s) de -18.7746 ate a mata em ~-18.782; sem edificacao na maior parte
... A45: AV. ATLANTICA | B45: 920 | C45: Não pavimentada | D45: 0 | E45: =ROUND(B45*D45,1) -> 0 | F45: =B45-E45 -> 920 | G45: 12 | H45: mediana da planta | I45: 8 | J45: =ROUND(F45*I45,0) -> 7360 | K45: baixa | L45: Não avaliável | M45: — | N45: 0 | O45: sem ponto próprio — taxa agregada da malha física auditada do loteamento | P45: planta (não medida) | Q45: orla: trilha de areia na crista da duna, continua em trechos; estacionamento e calcadao do projeto nunca implantados
A46: TOTAL | B46: =SUM(B6:B45) -> 36392.4 | D46: =IF(B46=0,0,E46/B46) -> 0 | E46: =SUM(E6:E45) -> 0 | F46: =SUM(F6:F45) -> 36392.4 | J46: =SUM(J6:J45) -> 335689
A48: Falta pavimentar — pista (m²), larguras da planta: | D48: =J46 -> 335689 | F48: soma da coluna J (falta × largura de pista de cada via)
A49: Falta pavimentar — pista (m²), premissa única de 8 m: | D49: =F46*8 -> 291139.2 | F49: base de comparação com a versão anterior do levantamento
A50: Vias não abertas incluídas no total (m): | D50: 1870 | F50: constam na planta, sem abertura visível; contam como obra a executar
A51: Passeio (calçada) existente: | D51: 0.05 | F51: 12 ponto(s) do Street View
A52: Passeio faltante (m de via aberta): | D52: =(B46-D50)*(1-D51) -> 32796.28 | F52: metros de VIA sem calçada completa nos dois lados (não é metro linear de calçada)
A53: Passeio faltante (m²): | D53: =ROUND(D52*4,0) -> 131185 | F53: 4.00 m² de calçada por metro de via (dois lados, larguras da planta)
A54: Pontos verificados — em vias nomeadas: | D54: 3
A55: Pontos verificados — na malha física sem nome no mapa: | D55: 24 | F55: verificados e usados na taxa do loteamento; ver aba Pontos auditados
A56: Pavimento sobre metragem medida (m): | D56: 0
A57: Pavimento sobre metragem só de planta (m): | D57: 0 | F57: sem traçado medido — existência a confirmar em campo

Sheet 10 Parque dos Albatrozes
A1: Loteamento Parque dos Albatrozes — planta nº 10
A2: Proprietário/empreendedor: BINOTTE Emp. Imobiliários | Matrícula: 2.383 (18/06/1980) | Área oficial: 757.170 m²
A3: Pontos verificados neste loteamento: 54 (54 atribuídos a vias nomeadas + 0 na malha física sem nome no mapa). Metragem com traçado medido: 17.996 m; só de planta: 0 m. Todos os pontos estão listados na aba 'Pontos auditados'.
A5: Rua / via | B5: Extensão da via (m) | C5: Situação da pista | D5: % pista pavimentada | E5: Pavimentado (m) | F5: Falta pavimentar (m) | G5: Caixa de via — planta (m) | H5: Origem da largura | I5: Largura de pista adotada (m) | J5: Falta pavimentar (m²) | K5: Confiança | L5: Passeio (calçada) | M5: % passeio (via) | N5: Pontos próprios | O5: Origem da classificação | P5: Metragem | Q5: Observações
A6: Sétima Avenida | B6: 1101.1 | C6: Não pavimentada | D6: 0 | E6: =ROUND(B6*D6,1) -> 0 | F6: =B6-E6 -> 1101.1 | G6: 15 | H6: quadro/legenda da planta | I6: 11 | J6: =ROUND(F6*I6,0) -> 12112 | K6: alta | L6: Parcial | M6: 0.33 | N6: 3 | O6: 3 ponto(s): 3 SV + 0 satélite (areia) | P6: medida (traçado) | Q6: Areia/bege no satelite (hz_18315/18355).
A7: Avenida Homero Zordan | B7: 1377.1 | C7: Parcial | D7: 0.42 | E7: =ROUND(B7*D7,1) -> 578.4 | F7: =B7-E7 -> 798.7 | G7: 12 | H7: mediana da planta | I7: 8 | J7: =ROUND(F7*I7,0) -> 6390 | K7: alta | L7: Parcial | M7: 0.32 | N7: 4 | O7: 4 ponto(s): 4 SV + 0 satélite (areia, bloquete) | P7: medida (traçado) | Q7: OSM dirt+paving_stones; satelite mostra cinza no trecho central (cruzamento com o eixo asfaltado Othovarino e junto a Esbertalina/praca de eventos); extremo oeste e trecho junto a orla em tom areia.
A8: Avenida Espera Feliz | B8: 536.1 | C8: Parcial | D8: 0.52 | E8: =ROUND(B8*D8,1) -> 278.8 | F8: =B8-E8 -> 257.3 | G8: 12 | H8: mediana da planta | I8: 8 | J8: =ROUND(F8*I8,0) -> 2058 | K8: baixa | L8: Não avaliável | M8: — | N8: 0 | O8: trecho curto sem ponto próprio — adotada a situação da mesma via (nome próprio, loteamento contíguo) em 6 ponto(s): p13=0%, p14=100%, p60=0% | P8: medida (traçado) | Q8: Pavimentada (cinza, rotatoria e ponto de onibus) da diagonal Othovarino ate a orla; toco oeste em areia.
A9: Rua Pedro Alves Ribeiro | B9: 624.3 | C9: Não pavimentada | D9: 0 | E9: =ROUND(B9*D9,1) -> 0 | F9: =B9-E9 -> 624.3 | G9: 12 | H9: mediana da planta | I9: 8 | J9: =ROUND(F9*I9,0) -> 4994 | K9: alta | L9: Parcial | M9: 0.25 | N9: 2 | O9: 2 ponto(s): 2 SV + 0 satélite (areia) | P9: medida (traçado) | Q9: Areia/bege no satelite (hz_18315/18355).
A10: Rua Elisa Maria Ditthz de Abreu Costa | B10: 598.3 | C10: Não pavimentada | D10: 0 | E10: =ROUND(B10*D10,1) -> 0 | F10: =B10-E10 -> 598.3 | G10: 12 | H10: mediana da planta | I10: 8 | J10: =ROUND(F10*I10,0) -> 4786 | K10: alta | L10: Não | M10: 0 | N10: 2 | O10: 2 ponto(s): 2 SV + 0 satélite (areia) | P10: medida (traçado) | Q10: Areia/bege no satelite (hz_18315/18355).
A11: (sem nome) | B11: 346.1 | C11: Não pavimentada | D11: 0 | E11: =ROUND(B11*D11,1) -> 0 | F11: =B11-E11 -> 346.1 | G11: 12 | H11: mediana da planta | I11: 8 | J11: =ROUND(F11*I11,0) -> 2769 | K11: alta | L11: Parcial | M11: 0.5 | N11: 1 | O11: 1 ponto(s): 1 SV + 0 satélite (saibro) | P11: medida (traçado) | Q11: 3 ways paving_stones+unpaved; vielas junto ao eixo Esbertalina.
A12: Avenida Esbertalina Barbosa Damiani | B12: 21.6 | C12: Pavimentada | D12: 1 | E12: =ROUND(B12*D12,1) -> 21.6 | F12: =B12-E12 -> 0 | G12: 12 | H12: mediana da planta | I12: 8 | J12: =ROUND(F12*I12,0) -> 0 | K12: alta | L12: Sim (maioria) | M12: 1 | N12: 1 | O12: 1 ponto(s): 1 SV + 0 satélite (asfalto) | P12: medida (traçado) | Q12: Toco de 22 m na rotatoria com a Espera Feliz; cinza no satelite.
A13: Rua Álvaro Leal Calmon | B13: 596 | C13: Não pavimentada | D13: 0 | E13: =ROUND(B13*D13,1) -> 0 | F13: =B13-E13 -> 596 | G13: 12 | H13: mediana da planta | I13: 8 | J13: =ROUND(F13*I13,0) -> 4768 | K13: alta | L13: Parcial | M13: 0.25 | N13: 2 | O13: 2 ponto(s): 2 SV + 0 satélite (saibro) | P13: medida (traçado) | Q13: Areia/bege no satelite (hz_18315/18355).
A14: Rua Raísa Bastos Magnago | B14: 592.3 | C14: Não pavimentada | D14: 0 | E14: =ROUND(B14*D14,1) -> 0 | F14: =B14-E14 -> 592.3 | G14: 12 | H14: mediana da planta | I14: 8 | J14: =ROUND(F14*I14,0) -> 4738 | K14: alta | L14: Parcial | M14: 0.31 | N14: 2 | O14: 2 ponto(s): 2 SV + 0 satélite (saibro) | P14: medida (traçado) | Q14: Areia/bege no satelite (hz_18315/18355).
A15: Rua Octávio Borotto | B15: 361.4 | C15: Não pavimentada | D15: 0 | E15: =ROUND(B15*D15,1) -> 0 | F15: =B15-E15 -> 361.4 | G15: 12 | H15: mediana da planta | I15: 8 | J15: =ROUND(F15*I15,0) -> 2891 | K15: alta | L15: Sim (maioria) | M15: 1 | N15: 1 | O15: 1 ponto(s): 1 SV + 0 satélite (saibro) | P15: medida (traçado) | Q15: Areia/bege no satelite (hz_18315/18355).
A16: Rua Odílio Nico | B16: 558.1 | C16: Não pavimentada | D16: 0 | E16: =ROUND(B16*D16,1) -> 0 | F16: =B16-E16 -> 558.1 | G16: 12 | H16: mediana da planta | I16: 8 | J16: =ROUND(F16*I16,0) -> 4465 | K16: alta | L16: Parcial | M16: 0.5 | N16: 2 | O16: 2 ponto(s): 2 SV + 0 satélite (saibro) | P16: medida (traçado) | Q16: Areia/bege no satelite (hz_18315/18355).
A17: Rua Albino Negris | B17: 595.8 | C17: Parcial | D17: 0.5 | E17: =ROUND(B17*D17,1) -> 297.9 | F17: =B17-E17 -> 297.9 | G17: 12 | H17: mediana da planta | I17: 8 | J17: =ROUND(F17*I17,0) -> 2383 | K17: alta | L17: Sim (maioria) | M17: 0.75 | N17: 2 | O17: 2 ponto(s): 2 SV + 0 satélite (bloquete, saibro) | P17: medida (traçado) | Q17: Areia/bege no satelite (hz_18315/18355).
A18: Rua Adriana Barbosa Caran | B18: 102 | C18: Pavimentada | D18: 1 | E18: =ROUND(B18*D18,1) -> 102 | F18: =B18-E18 -> 0 | G18: 12 | H18: mediana da planta | I18: 8 | J18: =ROUND(F18*I18,0) -> 0 | K18: alta | L18: Parcial | M18: 0.5 | N18: 1 | O18: 1 ponto(s): 1 SV + 0 satélite (bloquete) | P18: medida (traçado) | Q18: Areia/bege no satelite (hz_18315/18355). | SV: pavimentada no trecho sul, areia ao norte
A19: Rua Rogério Campista Correia | B19: 351.2 | C19: Não pavimentada | D19: 0 | E19: =ROUND(B19*D19,1) -> 0 | F19: =B19-E19 -> 351.2 | G19: 12 | H19: mediana da planta | I19: 8 | J19: =ROUND(F19*I19,0) -> 2810 | K19: alta | L19: Parcial | M19: 0.5 | N19: 1 | O19: 1 ponto(s): 1 SV + 0 satélite (saibro) | P19: medida (traçado) | Q19: Areia/bege no satelite (hz_18315/18355).
A20: Jamil Alhakim Ribeiro | B20: 347.5 | C20: Não pavimentada | D20: 0 | E20: =ROUND(B20*D20,1) -> 0 | F20: =B20-E20 -> 347.5 | G20: 12 | H20: mediana da planta | I20: 8 | J20: =ROUND(F20*I20,0) -> 2780 | K20: alta | L20: Parcial | M20: 0.5 | N20: 1 | O20: 1 ponto(s): 1 SV + 0 satélite (saibro) | P20: medida (traçado) | Q20: Areia/bege no satelite (hz_18315/18355).
... A37: Rua Maria Tezolin Carrafa | B37: 171.6 | C37: Não pavimentada | D37: 0 | E37: =ROUND(B37*D37,1) -> 0 | F37: =B37-E37 -> 171.6 | G37: 12 | H37: mediana da planta | I37: 8 | J37: =ROUND(F37*I37,0) -> 1373 | K37: alta | L37: Não | M37: 0 | N37: 1 | O37: 1 ponto(s): 1 SV + 0 satélite (saibro) | P37: medida (traçado) | Q37: Areia/bege no satelite (hz_18315/18355).
A38: TOTAL | B38: =SUM(B6:B37) -> 17996.4 | D38: =IF(B38=0,0,E38/B38) -> 0.31591318 | E38: =SUM(E6:E37) -> 5685.3 | F38: =SUM(F6:F37) -> 12311.1 | J38: =SUM(J6:J37) -> 104760
A40: Falta pavimentar — pista (m²), larguras da planta: | D40: =J38 -> 104760 | F40: soma da coluna J (falta × largura de pista de cada via)
A41: Falta pavimentar — pista (m²), premissa única de 8 m: | D41: =F38*8 -> 98488.8 | F41: base de comparação com a versão anterior do levantamento
A42: Vias não abertas incluídas no total (m): | D42: 0 | F42: constam na planta, sem abertura visível; contam como obra a executar
A43: Passeio (calçada) existente: | D43: 0.53 | F43: 54 ponto(s) do Street View
A44: Passeio faltante (m de via aberta): | D44: =(B38-D42)*(1-D43) -> 8458.308 | F44: metros de VIA sem calçada completa nos dois lados (não é metro linear de calçada)
A45: Passeio faltante (m²): | D45: =ROUND(D44*4,0) -> 33833 | F45: 4.00 m² de calçada por metro de via (dois lados, larguras da planta)
A46: Pontos verificados — em vias nomeadas: | D46: 54
A47: Pontos verificados — na malha física sem nome no mapa: | D47: 0 | F47: verificados e usados na taxa do loteamento; ver aba Pontos auditados
A48: Pavimento sobre metragem medida (m): | D48: 5685
A49: Pavimento sobre metragem só de planta (m): | D49: 0 | F49: sem traçado medido — existência a confirmar em campo

Sheet 13 Praia de Guriri
A1: Loteamento Praia de Guriri — planta nº 13
A2: Proprietário/empreendedor: Dalla Bernardina Imob. | Matrícula: 2.025 (06/07/1983) | Área oficial: 625.209 m²
A3: Pontos verificados neste loteamento: 57 (57 atribuídos a vias nomeadas + 0 na malha física sem nome no mapa). Metragem com traçado medido: 12.416 m; só de planta: 0 m. Todos os pontos estão listados na aba 'Pontos auditados'.
A5: Rua / via | B5: Extensão da via (m) | C5: Situação da pista | D5: % pista pavimentada | E5: Pavimentado (m) | F5: Falta pavimentar (m) | G5: Caixa de via — planta (m) | H5: Origem da largura | I5: Largura de pista adotada (m) | J5: Falta pavimentar (m²) | K5: Confiança | L5: Passeio (calçada) | M5: % passeio (via) | N5: Pontos próprios | O5: Origem da classificação | P5: Metragem | Q5: Observações
A6: Rua XXXII | B6: 143.9 | C6: Pavimentada | D6: 1 | E6: =ROUND(B6*D6,1) -> 143.9 | F6: =B6-E6 -> 0 | G6: 12 | H6: moda da ilha (12 m) | I6: 8 | J6: =ROUND(F6*I6,0) -> 0 | K6: alta | L6: Não | M6: 0 | N6: 1 | O6: 1 ponto(s): 1 SV + 0 satélite (bloquete) | P6: medida (traçado) | Q6: areia clara no satelite (hz_18275_O/hz_18315_O)
A7: Rua Antônio Massucatti | B7: 467.7 | C7: Não pavimentada | D7: 0 | E7: =ROUND(B7*D7,1) -> 0 | F7: =B7-E7 -> 467.7 | G7: 12 | H7: moda da ilha (12 m) | I7: 8 | J7: =ROUND(F7*I7,0) -> 3742 | K7: média | L7: Não | M7: 0 | N7: 1 | O7: 1 ponto(s): 1 SV + 0 satélite (saibro) | P7: medida (traçado) | Q7: areia clara no satelite (hz_18275_O/hz_18315_O)
A8: Rua Antônio Cunha Filho | B8: 189.3 | C8: Não pavimentada | D8: 0 | E8: =ROUND(B8*D8,1) -> 0 | F8: =B8-E8 -> 189.3 | G8: 12 | H8: moda da ilha (12 m) | I8: 8 | J8: =ROUND(F8*I8,0) -> 1514 | K8: alta | L8: Parcial | M8: 0.5 | N8: 1 | O8: 1 ponto(s): 1 SV + 0 satélite (saibro) | P8: medida (traçado) | Q8: areia clara no satelite (hz_18275_O/hz_18315_O)
A9: Rua Trinta e Sete | B9: 522.3 | C9: Não pavimentada | D9: 0 | E9: =ROUND(B9*D9,1) -> 0 | F9: =B9-E9 -> 522.3 | G9: 12 | H9: moda da ilha (12 m) | I9: 8 | J9: =ROUND(F9*I9,0) -> 4178 | K9: alta | L9: Parcial | M9: 0.25 | N9: 2 | O9: 2 ponto(s): 2 SV + 0 satélite (saibro) | P9: medida (traçado) | Q9: areia clara no satelite (hz_18275_O/hz_18315_O)
A10: Rua Trinta e Nove | B10: 187.3 | C10: Não pavimentada | D10: 0 | E10: =ROUND(B10*D10,1) -> 0 | F10: =B10-E10 -> 187.3 | G10: 12 | H10: moda da ilha (12 m) | I10: 8 | J10: =ROUND(F10*I10,0) -> 1498 | K10: alta | L10: Parcial | M10: 0.5 | N10: 1 | O10: 1 ponto(s): 1 SV + 0 satélite (saibro) | P10: medida (traçado) | Q10: areia clara no satelite (hz_18275_O/hz_18315_O)
A11: Rua Trinta e Cinco | B11: 75.3 | C11: Pavimentada | D11: 1 | E11: =ROUND(B11*D11,1) -> 75.3 | F11: =B11-E11 -> 0 | G11: 12 | H11: moda da ilha (12 m) | I11: 8 | J11: =ROUND(F11*I11,0) -> 0 | K11: alta | L11: Parcial | M11: 0.5 | N11: 1 | O11: 1 ponto(s): 1 SV + 0 satélite (bloquete) | P11: medida (traçado) | Q11: areia clara no satelite (hz_18275_O/hz_18315_O) | SV nov/2023: bloquete sextavado (R. XXXV)
A12: Rua Climéria Santos Barcellos | B12: 98.5 | C12: Não pavimentada | D12: 0 | E12: =ROUND(B12*D12,1) -> 0 | F12: =B12-E12 -> 98.5 | G12: 12 | H12: moda da ilha (12 m) | I12: 8 | J12: =ROUND(F12*I12,0) -> 788 | K12: alta | L12: Não | M12: 0 | N12: 1 | O12: 1 ponto(s): 1 SV + 0 satélite (saibro) | P12: medida (traçado) | Q12: areia clara no satelite (hz_18275_O/hz_18315_O)
A13: Rua Felisberto Fereguetti | B13: 405.9 | C13: Não pavimentada | D13: 0 | E13: =ROUND(B13*D13,1) -> 0 | F13: =B13-E13 -> 405.9 | G13: 12 | H13: moda da ilha (12 m) | I13: 8 | J13: =ROUND(F13*I13,0) -> 3247 | K13: alta | L13: Parcial | M13: 0.5 | N13: 1 | O13: 1 ponto(s): 1 SV + 0 satélite (saibro) | P13: medida (traçado) | Q13: areia clara no satelite (hz_18275_O/hz_18315_O)
A14: Rua José Bonomo | B14: 121.8 | C14: Não pavimentada | D14: 0 | E14: =ROUND(B14*D14,1) -> 0 | F14: =B14-E14 -> 121.8 | G14: 12 | H14: moda da ilha (12 m) | I14: 8 | J14: =ROUND(F14*I14,0) -> 974 | K14: alta | L14: Não | M14: 0 | N14: 1 | O14: 1 ponto(s): 1 SV + 0 satélite (saibro) | P14: medida (traçado) | Q14: areia clara no satelite (hz_18275_O/hz_18315_O)
A15: (sem nome) | B15: 639.2 | C15: Parcial | D15: 0.62 | E15: =ROUND(B15*D15,1) -> 396.3 | F15: =B15-E15 -> 242.9 | G15: 12 | H15: moda da ilha (12 m) | I15: 8 | J15: =ROUND(F15*I15,0) -> 1943 | K15: alta | L15: Não | M15: 0.18 | N15: 7 | O15: 7 ponto(s): 7 SV + 0 satélite (bloquete, saibro) | P15: medida (traçado) | Q15: segmentos difusos dirt/unpaved; zona toda em areia no satelite
A16: Rua Adelino Fereguetti | B16: 392 | C16: Não pavimentada | D16: 0 | E16: =ROUND(B16*D16,1) -> 0 | F16: =B16-E16 -> 392 | G16: 12 | H16: moda da ilha (12 m) | I16: 8 | J16: =ROUND(F16*I16,0) -> 3136 | K16: alta | L16: Não | M16: 0 | N16: 1 | O16: 1 ponto(s): 1 SV + 0 satélite (saibro) | P16: medida (traçado) | Q16: areia clara no satelite (hz_18275_O/hz_18315_O)
A17: Rua Domingos Carrafa | B17: 183.9 | C17: Não pavimentada | D17: 0 | E17: =ROUND(B17*D17,1) -> 0 | F17: =B17-E17 -> 183.9 | G17: 12 | H17: moda da ilha (12 m) | I17: 8 | J17: =ROUND(F17*I17,0) -> 1471 | K17: alta | L17: Parcial | M17: 0.5 | N17: 1 | O17: 1 ponto(s): 1 SV + 0 satélite (saibro) | P17: medida (traçado) | Q17: areia clara no satelite (hz_18275_O/hz_18315_O)
... A45: Rodovia Othovarino Duarte Santos | B45: 479.6 | C45: Pavimentada | D45: 1 | E45: =ROUND(B45*D45,1) -> 479.6 | F45: =B45-E45 -> 0 | G45: 12 | H45: moda da ilha (12 m) | I45: 8 | J45: =ROUND(F45*I45,0) -> 0 | K45: média | L45: Sim (maioria) | M45: 1 | N45: 1 | O45: 1 ponto(s): 1 SV + 0 satélite (asfalto) | P45: medida (traçado) | Q45: trecho junto a ponte/limite oeste; cinza no canto do quadro hz_18275_O, parcialmente fora das imagens
A46: TOTAL | B46: =SUM(B6:B45) -> 12416.1 | D46: =IF(B46=0,0,E46/B46) -> 0.21675889 | E46: =SUM(E6:E45) -> 2691.3 | F46: =SUM(F6:F45) -> 9724.8 | J46: =SUM(J6:J45) -> 77796
A48: Falta pavimentar — pista (m²), larguras da planta: | D48: =J46 -> 77796 | F48: soma da coluna J (falta × largura de pista de cada via)
A49: Falta pavimentar — pista (m²), premissa única de 8 m: | D49: =F46*8 -> 77798.4 | F49: base de comparação com a versão anterior do levantamento
A50: Vias não abertas incluídas no total (m): | D50: 0 | F50: constam na planta, sem abertura visível; contam como obra a executar
A51: Passeio (calçada) existente: | D51: 0.27 | F51: 56 ponto(s) do Street View
A52: Passeio faltante (m de via aberta): | D52: =(B46-D50)*(1-D51) -> 9063.753 | F52: metros de VIA sem calçada completa nos dois lados (não é metro linear de calçada)
A53: Passeio faltante (m²): | D53: =ROUND(D52*4,0) -> 36255 | F53: 4.00 m² de calçada por metro de via (dois lados, larguras da planta)
A54: Pontos verificados — em vias nomeadas: | D54: 57
A55: Pontos verificados — na malha física sem nome no mapa: | D55: 0 | F55: verificados e usados na taxa do loteamento; ver aba Pontos auditados
A56: Pavimento sobre metragem medida (m): | D56: 2691
A57: Pavimento sobre metragem só de planta (m): | D57: 0 | F57: sem traçado medido — existência a confirmar em campo

Sheet 14 Jardim das Caiçaras
A1: Loteamento Jardim das Caiçaras — planta nº 14
A2: Proprietário/empreendedor: Caiçaras Emp. Imobiliários | Matrícula: 4.170 (05/05/1986) | Área oficial: 1.141.458 m²
A3: Pontos verificados neste loteamento: 78 (78 atribuídos a vias nomeadas + 0 na malha física sem nome no mapa). Metragem com traçado medido: 21.908 m; só de planta: 0 m. Todos os pontos estão listados na aba 'Pontos auditados'.
A5: Rua / via | B5: Extensão da via (m) | C5: Situação da pista | D5: % pista pavimentada | E5: Pavimentado (m) | F5: Falta pavimentar (m) | G5: Caixa de via — planta (m) | H5: Origem da largura | I5: Largura de pista adotada (m) | J5: Falta pavimentar (m²) | K5: Confiança | L5: Passeio (calçada) | M5: % passeio (via) | N5: Pontos próprios | O5: Origem da classificação | P5: Metragem | Q5: Observações
A6: Rua XXXII | B6: 156.6 | C6: Pavimentada | D6: 1 | E6: =ROUND(B6*D6,1) -> 156.6 | F6: =B6-E6 -> 0 | G6: 12 | H6: moda da ilha (12 m) | I6: 8 | J6: =ROUND(F6*I6,0) -> 0 | K6: alta | L6: Sim (maioria) | M6: 1 | N6: 1 | O6: 1 ponto(s): 1 SV + 0 satélite (bloquete) | P6: medida (traçado) | Q6: Areia/bege no satelite (hz_18275/18315).
A7: Rua Antônio Cunha Filho | B7: 156.6 | C7: Não pavimentada | D7: 0 | E7: =ROUND(B7*D7,1) -> 0 | F7: =B7-E7 -> 156.6 | G7: 12 | H7: moda da ilha (12 m) | I7: 8 | J7: =ROUND(F7*I7,0) -> 1253 | K7: alta | L7: Não | M7: 0 | N7: 1 | O7: 1 ponto(s): 1 SV + 0 satélite (saibro) | P7: medida (traçado) | Q7: Areia/bege no satelite (hz_18275/18315).
A8: Rua Trinta e Cinco | B8: 156.6 | C8: Não pavimentada | D8: 0 | E8: =ROUND(B8*D8,1) -> 0 | F8: =B8-E8 -> 156.6 | G8: 12 | H8: moda da ilha (12 m) | I8: 8 | J8: =ROUND(F8*I8,0) -> 1253 | K8: alta | L8: Não | M8: 0 | N8: 1 | O8: 1 ponto(s): 1 SV + 0 satélite (saibro) | P8: medida (traçado) | Q8: Areia/bege no satelite (hz_18275/18315).
A9: Rua Climéria Santos Barcellos | B9: 154.7 | C9: Não pavimentada | D9: 0 | E9: =ROUND(B9*D9,1) -> 0 | F9: =B9-E9 -> 154.7 | G9: 12 | H9: moda da ilha (12 m) | I9: 8 | J9: =ROUND(F9*I9,0) -> 1238 | K9: alta | L9: Não | M9: 0 | N9: 1 | O9: 1 ponto(s): 1 SV + 0 satélite (saibro) | P9: medida (traçado) | Q9: Areia/bege no satelite (hz_18275/18315).
A10: Rua José Bonomo | B10: 155.7 | C10: Não pavimentada | D10: 0 | E10: =ROUND(B10*D10,1) -> 0 | F10: =B10-E10 -> 155.7 | G10: 12 | H10: moda da ilha (12 m) | I10: 8 | J10: =ROUND(F10*I10,0) -> 1246 | K10: alta | L10: Não | M10: 0 | N10: 1 | O10: 1 ponto(s): 1 SV + 0 satélite (saibro) | P10: medida (traçado) | Q10: Areia/bege no satelite (hz_18275/18315).
A11: Rua Domingos Carrafa | B11: 156.6 | C11: Pavimentada | D11: 1 | E11: =ROUND(B11*D11,1) -> 156.6 | F11: =B11-E11 -> 0 | G11: 12 | H11: moda da ilha (12 m) | I11: 8 | J11: =ROUND(F11*I11,0) -> 0 | K11: alta | L11: Não | M11: 0 | N11: 1 | O11: 1 ponto(s): 1 SV + 0 satélite (bloquete) | P11: medida (traçado) | Q11: Areia/bege no satelite (hz_18275/18315).
A12: Décima Primeira Avenida | B12: 917.1 | C12: Não pavimentada | D12: 0 | E12: =ROUND(B12*D12,1) -> 0 | F12: =B12-E12 -> 917.1 | G12: 12 | H12: moda da ilha (12 m) | I12: 8 | J12: =ROUND(F12*I12,0) -> 7337 | K12: alta | L12: Não | M12: 0 | N12: 3 | O12: 3 ponto(s): 3 SV + 0 satélite (areia) | P12: medida (traçado) | Q12: Areia/bege no satelite (hz_18275/18315).
A13: Rua Conceição da Barra | B13: 783 | C13: Não pavimentada | D13: 0 | E13: =ROUND(B13*D13,1) -> 0 | F13: =B13-E13 -> 783 | G13: 12 | H13: moda da ilha (12 m) | I13: 8 | J13: =ROUND(F13*I13,0) -> 6264 | K13: alta | L13: Parcial | M13: 0.25 | N13: 2 | O13: 2 ponto(s): 2 SV + 0 satélite (areia) | P13: medida (traçado) | Q13: Areia/bege no satelite (hz_18275/18315).
A14: Rua Linhares | B14: 723.3 | C14: Não pavimentada | D14: 0 | E14: =ROUND(B14*D14,1) -> 0 | F14: =B14-E14 -> 723.3 | G14: 12 | H14: moda da ilha (12 m) | I14: 8 | J14: =ROUND(F14*I14,0) -> 5786 | K14: alta | L14: Não | M14: 0 | N14: 2 | O14: 2 ponto(s): 2 SV + 0 satélite (areia, saibro) | P14: medida (traçado) | Q14: Areia/bege no satelite (hz_18275/18315).
A15: (sem nome) | B15: 1935.5 | C15: Parcial | D15: 0.74 | E15: =ROUND(B15*D15,1) -> 1432.3 | F15: =B15-E15 -> 503.2 | G15: 12 | H15: moda da ilha (12 m) | I15: 8 | J15: =ROUND(F15*I15,0) -> 4026 | K15: alta | L15: Parcial | M15: 0.38 | N15: 13 | O15: 13 ponto(s): 8 SV + 5 satélite (areia, asfalto, bloquete, saibro) | P15: medida (traçado) | Q15: 16 ways mistos; inclui trecho tertiary com bloquete junto a orla/ES-010 (cinza no satelite) e vielas de areia.
A16: Avenida Espera Feliz | B16: 555.1 | C16: Pavimentada | D16: 1 | E16: =ROUND(B16*D16,1) -> 555.1 | F16: =B16-E16 -> 0 | G16: 12 | H16: moda da ilha (12 m) | I16: 8 | J16: =ROUND(F16*I16,0) -> 0 | K16: alta | L16: Parcial | M16: 0.5 | N16: 3 | O16: 3 ponto(s): 3 SV + 0 satélite (bloquete) | P16: medida (traçado) | Q16: Cinza no satelite da diagonal Othovarino ate a orla; rotatoria na Esbertalina e ponto de onibus; so o toco oeste (~-39.765..-39.769) em areia.
A17: Avenida Nafice Aihakim Ribeiro | B17: 526.6 | C17: Não pavimentada | D17: 0 | E17: =ROUND(B17*D17,1) -> 0 | F17: =B17-E17 -> 526.6 | G17: 12 | H17: moda da ilha (12 m) | I17: 8 | J17: =ROUND(F17*I17,0) -> 4213 | K17: média | L17: Não avaliável | M17: — | N17: 0 | O17: trecho curto sem ponto próprio — adotada a situação da mesma via (nome próprio, loteamento contíguo) em 3 ponto(s): p13=0% | P17: medida (traçado) | Q17: Areia/bege no satelite (hz_18275/18315).
A18: Rua Odílio Nico | B18: 722 | C18: Não pavimentada | D18: 0 | E18: =ROUND(B18*D18,1) -> 0 | F18: =B18-E18 -> 722 | G18: 12 | H18: moda da ilha (12 m) | I18: 8 | J18: =ROUND(F18*I18,0) -> 5776 | K18: alta | L18: Não | M18: 0 | N18: 2 | O18: 2 ponto(s): 2 SV + 0 satélite (areia) | P18: medida (traçado) | Q18: Areia/bege no satelite (hz_18275/18315).
A19: Rua Edith Laura Moreira D'Almeida | B19: 155.7 | C19: Não pavimentada | D19: 0 | E19: =ROUND(B19*D19,1) -> 0 | F19: =B19-E19 -> 155.7 | G19: 12 | H19: moda da ilha (12 m) | I19: 8 | J19: =ROUND(F19*I19,0) -> 1246 | K19: alta | L19: Parcial | M19: 0.5 | N19: 1 | O19: 1 ponto(s): 1 SV + 0 satélite (saibro) | P19: medida (traçado) | Q19: Areia/bege no satelite (hz_18275/18315).
A20: Rua Professor Amaro Nascimento Mendes | B20: 820.7 | C20: Não pavimentada | D20: 0 | E20: =ROUND(B20*D20,1) -> 0 | F20: =B20-E20 -> 820.7 | G20: 12 | H20: moda da ilha (12 m) | I20: 8 | J20: =ROUND(F20*I20,0) -> 6566 | K20: alta | L20: Não | M20: 0 | N20: 2 | O20: 2 ponto(s): 2 SV + 0 satélite (saibro) | P20: medida (traçado) | Q20: Areia/bege no satelite (hz_18275/18315).
A21: Rua XXV | B21: 157.5 | C21: Não pavimentada | D21: 0 | E21: =ROUND(B21*D21,1) -> 0 | F21: =B21-E21 -> 157.5 | G21: 12 | H21: moda da ilha (12 m) | I21: 8 | J21: =ROUND(F21*I21,0) -> 1260 | K21: alta | L21: Não | M21: 0 | N21: 1 | O21: 1 ponto(s): 1 SV + 0 satélite (saibro) | P21: medida (traçado) | Q21: Areia/bege no satelite (hz_18275/18315).
A22: Rua XVI | B22: 337.3 | C22: Pavimentada | D22: 1 | E22: =ROUND(B22*D22,1) -> 337.3 | F22: =B22-E22 -> 0 | G22: 12 | H22: moda da ilha (12 m) | I22: 8 | J22: =ROUND(F22*I22,0) -> 0 | K22: alta | L22: Não | M22: 0 | N22: 1 | O22: 1 ponto(s): 1 SV + 0 satélite (bloquete) | P22: medida (traçado) | Q22: Areia/bege no satelite (hz_18275/18315).
A23: Rua XIII | B23: 432 | C23: Não pavimentada | D23: 0 | E23: =ROUND(B23*D23,1) -> 0 | F23: =B23-E23 -> 432 | G23: 12 | H23: moda da ilha (12 m) | I23: 8 | J23: =ROUND(F23*I23,0) -> 3456 | K23: alta | L23: Não | M23: 0 | N23: 1 | O23: 1 ponto(s): 1 SV + 0 satélite (saibro) | P23: medida (traçado) | Q23: Areia/bege no satelite (hz_18275/18315).
A24: Rua XVII | B24: 196.1 | C24: Pavimentada | D24: 1 | E24: =ROUND(B24*D24,1) -> 196.1 | F24: =B24-E24 -> 0 | G24: 12 | H24: moda da ilha (12 m) | I24: 8 | J24: =ROUND(F24*I24,0) -> 0 | K24: alta | L24: Não | M24: 0 | N24: 1 | O24: 1 ponto(s): 1 SV + 0 satélite (bloquete) | P24: medida (traçado) | Q24: Areia/bege no satelite (hz_18275/18315).
A25: Rua Elisa Maria Ditthz de Abreu Costa | B25: 375 | C25: Não pavimentada | D25: 0 | E25: =ROUND(B25*D25,1) -> 0 | F25: =B25-E25 -> 375 | G25: 12 | H25: moda da ilha (12 m) | I25: 8 | J25: =ROUND(F25*I25,0) -> 3000 | K25: alta | L25: Parcial | M25: 0.5 | N25: 1 | O25: 1 ponto(s): 1 SV + 0 satélite (saibro) | P25: medida (traçado) | Q25: Areia/bege no satelite (hz_18275/18315).
A26: Rua Adriana Barbosa Caran | B26: 631.3 | C26: Não pavimentada | D26: 0 | E26: =ROUND(B26*D26,1) -> 0 | F26: =B26-E26 -> 631.3 | G26: 12 | H26: moda da ilha (12 m) | I26: 8 | J26: =ROUND(F26*I26,0) -> 5050 | K26: alta | L26: Não | M26: 0 | N26: 2 | O26: 2 ponto(s): 2 SV + 0 satélite (saibro) | P26: medida (traçado) | Q26: Areia/bege no satelite (hz_18275/18315).
A27: Rua XIV | B27: 345.4 | C27: Não pavimentada | D27: 0 | E27: =ROUND(B27*D27,1) -> 0 | F27: =B27-E27 -> 345.4 | G27: 12 | H27: moda da ilha (12 m) | I27: 8 | J27: =ROUND(F27*I27,0) -> 2763 | K27: alta | L27: Não | M27: 0 | N27: 1 | O27: 1 ponto(s): 1 SV + 0 satélite (saibro) | P27: medida (traçado) | Q27: Areia/bege no satelite (hz_18275/18315).
A28: Rua Álvaro Leal Calmon | B28: 798.7 | C28: Não pavimentada | D28: 0 | E28: =ROUND(B28*D28,1) -> 0 | F28: =B28-E28 -> 798.7 | G28: 12 | H28: moda da ilha (12 m) | I28: 8 | J28: =ROUND(F28*I28,0) -> 6390 | K28: alta | L28: Não | M28: 0 | N28: 2 | O28: 2 ponto(s): 2 SV + 0 satélite (saibro) | P28: medida (traçado) | Q28: Areia/bege no satelite (hz_18275/18315).
A29: Rua Rogério Campista Correia | B29: 156.7 | C29: Não pavimentada | D29: 0 | E29: =ROUND(B29*D29,1) -> 0 | F29: =B29-E29 -> 156.7 | G29: 12 | H29: moda da ilha (12 m) | I29: 8 | J29: =ROUND(F29*I29,0) -> 1254 | K29: alta | L29: Não | M29: 0 | N29: 1 | O29: 1 ponto(s): 1 SV + 0 satélite (saibro) | P29: medida (traçado) | Q29: Areia/bege no satelite (hz_18275/18315).
... A53: Rua Esbertalina B. Damiani | B53: 1074.4 | C53: Parcial | D53: 0.5 | E53: =ROUND(B53*D53,1) -> 537.2 | F53: =B53-E53 -> 537.2 | G53: 12 | H53: moda da ilha (12 m) | I53: 8 | J53: =ROUND(F53*I53,0) -> 4298 | K53: alta | L53: Parcial | M53: 0.25 | N53: 2 | O53: 2 ponto(s): 2 SV + 0 satélite (areia, bloquete) | P53: medida (traçado) | Q53: Areia/bege no satelite (hz_18275/18315).
A54: TOTAL | B54: =SUM(B6:B53) -> 21907.8 | D54: =IF(B54=0,0,E54/B54) -> 0.17031377 | E54: =SUM(E6:E53) -> 3731.2 | F54: =SUM(F6:F53) -> 18176.6 | J54: =SUM(J6:J53) -> 145416
A56: Falta pavimentar — pista (m²), larguras da planta: | D56: =J54 -> 145416 | F56: soma da coluna J (falta × largura de pista de cada via)
A57: Falta pavimentar — pista (m²), premissa única de 8 m: | D57: =F54*8 -> 145412.8 | F57: base de comparação com a versão anterior do levantamento
A58: Vias não abertas incluídas no total (m): | D58: 0 | F58: constam na planta, sem abertura visível; contam como obra a executar
A59: Passeio (calçada) existente: | D59: 0.16 | F59: 73 ponto(s) do Street View
A60: Passeio faltante (m de via aberta): | D60: =(B54-D58)*(1-D59) -> 18402.552 | F60: metros de VIA sem calçada completa nos dois lados (não é metro linear de calçada)
A61: Passeio faltante (m²): | D61: =ROUND(D60*4,0) -> 73610 | F61: 4.00 m² de calçada por metro de via (dois lados, larguras da planta)
A62: Pontos verificados — em vias nomeadas: | D62: 78
A63: Pontos verificados — na malha física sem nome no mapa: | D63: 0 | F63: verificados e usados na taxa do loteamento; ver aba Pontos auditados
A64: Pavimento sobre metragem medida (m): | D64: 3731
A65: Pavimento sobre metragem só de planta (m): | D65: 0 | F65: sem traçado medido — existência a confirmar em campo

Sheet 15 Morada do Sol
A1: Loteamento Morada do Sol — planta nº 15
A2: Proprietário/empreendedor: Guriri Beach Turismo | Matrícula: 7.640 (09/10/1986) | Área oficial: 122.214 m²
A3: Pontos verificados neste loteamento: 15 (15 atribuídos a vias nomeadas + 0 na malha física sem nome no mapa). Metragem com traçado medido: 3.115 m; só de planta: 0 m. Todos os pontos estão listados na aba 'Pontos auditados'.
A5: Rua / via | B5: Extensão da via (m) | C5: Situação da pista | D5: % pista pavimentada | E5: Pavimentado (m) | F5: Falta pavimentar (m) | G5: Caixa de via — planta (m) | H5: Origem da largura | I5: Largura de pista adotada (m) | J5: Falta pavimentar (m²) | K5: Confiança | L5: Passeio (calçada) | M5: % passeio (via) | N5: Pontos próprios | O5: Origem da classificação | P5: Metragem | Q5: Observações
A6: Avenida Esbertalina Barbosa Damiani | B6: 145.1 | C6: Pavimentada | D6: 1 | E6: =ROUND(B6*D6,1) -> 145.1 | F6: =B6-E6 -> 0 | G6: 12 | H6: mediana da planta | I6: 8 | J6: =ROUND(F6*I6,0) -> 0 | K6: alta | L6: Parcial | M6: 0.5 | N6: 1 | O6: 1 ponto(s): 1 SV + 0 satélite (bloquete) | P6: medida (traçado) | Q6: cinza em hz_18515_L
A7: Avenida Esbertalina B. Damiani | B7: 595.6 | C7: Parcial | D7: 0.62 | E7: =ROUND(B7*D7,1) -> 369.3 | F7: =B7-E7 -> 226.3 | G7: 12 | H7: mediana da planta | I7: 8 | J7: =ROUND(F7*I7,0) -> 1810 | K7: alta | L7: Não | M7: 0.19 | N7: 2 | O7: 2 ponto(s): 2 SV + 0 satélite (areia, bloquete) | P7: medida (traçado) | Q7: tag paving_stones (bloquete) coerente com tom cinza-amarronzado do corredor
A8: Avenida Mar Negro | B8: 337.8 | C8: Não pavimentada | D8: 0 | E8: =ROUND(B8*D8,1) -> 0 | F8: =B8-E8 -> 337.8 | G8: 12 | H8: mediana da planta | I8: 8 | J8: =ROUND(F8*I8,0) -> 2702 | K8: alta | L8: Não | M8: 0 | N8: 2 | O8: 2 ponto(s): 2 SV + 0 satélite (areia) | P8: medida (traçado) | Q8: bege/areia em todo o trecho a oeste da Esbertalina (hz_18515_L); tag 'asphalt' do OSM refere-se a trecho junto a orla, fora do poligono
A9: Rua Jaguaré | B9: 320.9 | C9: Não pavimentada | D9: 0 | E9: =ROUND(B9*D9,1) -> 0 | F9: =B9-E9 -> 320.9 | G9: 12 | H9: mediana da planta | I9: 8 | J9: =ROUND(F9*I9,0) -> 2567 | K9: alta | L9: Parcial | M9: 0.5 | N9: 1 | O9: 1 ponto(s): 1 SV + 0 satélite (areia) | P9: medida (traçado) | Q9: limite sul do bloco oeste; bege/areia (hz_18515_L)
A10: Rua Albino Negris | B10: 383.9 | C10: Não pavimentada | D10: 0 | E10: =ROUND(B10*D10,1) -> 0 | F10: =B10-E10 -> 383.9 | G10: 12 | H10: mediana da planta | I10: 8 | J10: =ROUND(F10*I10,0) -> 3071 | K10: alta | L10: Parcial | M10: 0.5 | N10: 1 | O10: 1 ponto(s): 1 SV + 0 satélite (areia) | P10: medida (traçado) | Q10: via N-S bege/areia entre Mantenopolis e Jaguare (hz_18515_L)
A11: Rua VII | B11: 387.4 | C11: Não pavimentada | D11: 0 | E11: =ROUND(B11*D11,1) -> 0 | F11: =B11-E11 -> 387.4 | G11: 12 | H11: mediana da planta | I11: 8 | J11: =ROUND(F11*I11,0) -> 3099 | K11: alta | L11: Parcial | M11: 0.5 | N11: 1 | O11: 1 ponto(s): 1 SV + 0 satélite (areia) | P11: medida (traçado) | Q11: via N-S bege/areia entre Mantenopolis e Jaguare (hz_18515_L)
A12: Rua Adriana Barbosa Caran | B12: 387.5 | C12: Não pavimentada | D12: 0 | E12: =ROUND(B12*D12,1) -> 0 | F12: =B12-E12 -> 387.5 | G12: 12 | H12: mediana da planta | I12: 8 | J12: =ROUND(F12*I12,0) -> 3100 | K12: alta | L12: Parcial | M12: 0.5 | N12: 1 | O12: 1 ponto(s): 1 SV + 0 satélite (saibro) | P12: medida (traçado) | Q12: via N-S bege/areia entre Mantenopolis e Jaguare (hz_18515_L)
A13: Rua Mantenópolis | B13: 128.3 | C13: Não pavimentada | D13: 0 | E13: =ROUND(B13*D13,1) -> 0 | F13: =B13-E13 -> 128.3 | G13: 12 | H13: mediana da planta | I13: 8 | J13: =ROUND(F13*I13,0) -> 1026 | K13: alta | L13: Não | M13: 0 | N13: 1 | O13: 1 ponto(s): 1 SV + 0 satélite (areia) | P13: medida (traçado) | Q13: limite norte (grafia Mantenopoles na planta); bege/areia
A14: Rua Nova Venécia | B14: 109 | C14: Não pavimentada | D14: 0 | E14: =ROUND(B14*D14,1) -> 0 | F14: =B14-E14 -> 109 | G14: 12 | H14: quadro/legenda da planta | I14: 8 | J14: =ROUND(F14*I14,0) -> 872 | K14: alta | L14: Parcial | M14: 0.5 | N14: 1 | O14: 1 ponto(s): 1 SV + 0 satélite (areia) | P14: medida (traçado) | Q14: trecho de ~109 m ao sul da R. Jaguare; trilha de areia visivel que se perde em vegetacao (hz_18515_L c4)
A15: Rua Conceição da Barra | B15: 84.8 | C15: Não pavimentada | D15: 0 | E15: =ROUND(B15*D15,1) -> 0 | F15: =B15-E15 -> 84.8 | G15: 12 | H15: quadro/legenda da planta | I15: 8 | J15: =ROUND(F15*I15,0) -> 678 | K15: alta | L15: Sim (maioria) | M15: 1 | N15: 1 | O15: 1 ponto(s): 1 SV + 0 satélite (areia) | P15: medida (traçado) | Q15: trecho curto no lobo leste ao sul da Jaguare; faixa pouco definida em meio a vegetacao, quadras 01-06 pouco ocupadas
A16: Rua Horácio Barbosa Alves | B16: 75.1 | C16: Não pavimentada | D16: 0 | E16: =ROUND(B16*D16,1) -> 0 | F16: =B16-E16 -> 75.1 | G16: 12 | H16: quadro/legenda da planta | I16: 8 | J16: =ROUND(F16*I16,0) -> 601 | K16: alta | L16: Não | M16: 0 | N16: 1 | O16: 1 ponto(s): 1 SV + 0 satélite (areia) | P16: medida (traçado) | Q16: trecho curto no lobo leste; areia/vegetacao, abertura apenas parcial visivel
A17: Rua Linhares | B17: 55.4 | C17: Não pavimentada | D17: 0 | E17: =ROUND(B17*D17,1) -> 0 | F17: =B17-E17 -> 55.4 | G17: 12 | H17: quadro/legenda da planta | I17: 8 | J17: =ROUND(F17*I17,0) -> 443 | K17: alta | L17: Parcial | M17: 0.5 | N17: 1 | O17: 1 ponto(s): 1 SV + 0 satélite (areia) | P17: medida (traçado) | Q17: trecho de 55 m no lobo leste; faixa pouco definida, quase nao aberta
A18: Rua São Gabriel da Palha | B18: 104 | C18: Não pavimentada | D18: 0 | E18: =ROUND(B18*D18,1) -> 0 | F18: =B18-E18 -> 104 | G18: 12 | H18: quadro/legenda da planta | I18: 8 | J18: =ROUND(F18*I18,0) -> 832 | K18: alta | L18: Parcial | M18: 0.5 | N18: 1 | O18: 1 ponto(s): 1 SV + 0 satélite (areia) | P18: medida (traçado) | Q18: trecho no lobo leste; areia/vegetacao, abertura parcial
A19: TOTAL | B19: =SUM(B6:B18) -> 3114.8 | D19: =IF(B19=0,0,E19/B19) -> 0.16514704 | E19: =SUM(E6:E18) -> 514.4 | F19: =SUM(F6:F18) -> 2600.4 | J19: =SUM(J6:J18) -> 20801
A21: Falta pavimentar — pista (m²), larguras da planta: | D21: =J19 -> 20801 | F21: soma da coluna J (falta × largura de pista de cada via)
A22: Falta pavimentar — pista (m²), premissa única de 8 m: | D22: =F19*8 -> 20803.2 | F22: base de comparação com a versão anterior do levantamento
A23: Vias não abertas incluídas no total (m): | D23: 0 | F23: constam na planta, sem abertura visível; contam como obra a executar
A24: Passeio (calçada) existente: | D24: 0.36 | F24: 15 ponto(s) do Street View
A25: Passeio faltante (m de via aberta): | D25: =(B19-D23)*(1-D24) -> 1993.472 | F25: metros de VIA sem calçada completa nos dois lados (não é metro linear de calçada)
A26: Passeio faltante (m²): | D26: =ROUND(D25*4,0) -> 7974 | F26: 4.00 m² de calçada por metro de via (dois lados, larguras da planta)
A27: Pontos verificados — em vias nomeadas: | D27: 15
A28: Pontos verificados — na malha física sem nome no mapa: | D28: 0 | F28: verificados e usados na taxa do loteamento; ver aba Pontos auditados
A29: Pavimento sobre metragem medida (m): | D29: 514
A30: Pavimento sobre metragem só de planta (m): | D30: 0 | F30: sem traçado medido — existência a confirmar em campo

Sheet 25 Park Res. Oitizeiro
A1: Loteamento Parque Residencial Oitizeiro — planta nº 25
A2: Proprietário/empreendedor: Alba Figueiredo Brasileiro | Matrícula: 14.380 (02/06/2000) | Área oficial: 557.784 m²
A3: Pontos verificados neste loteamento: 41 (41 atribuídos a vias nomeadas + 0 na malha física sem nome no mapa). Metragem com traçado medido: 13.896 m; só de planta: 0 m. Todos os pontos estão listados na aba 'Pontos auditados'.
A5: Rua / via | B5: Extensão da via (m) | C5: Situação da pista | D5: % pista pavimentada | E5: Pavimentado (m) | F5: Falta pavimentar (m) | G5: Caixa de via — planta (m) | H5: Origem da largura | I5: Largura de pista adotada (m) | J5: Falta pavimentar (m²) | K5: Confiança | L5: Passeio (calçada) | M5: % passeio (via) | N5: Pontos próprios | O5: Origem da classificação | P5: Metragem | Q5: Observações
A6: Avenida Esbertalina Barbosa Damiani | B6: 344.9 | C6: Pavimentada | D6: 1 | E6: =ROUND(B6*D6,1) -> 344.9 | F6: =B6-E6 -> 0 | G6: 12 | H6: mediana da planta | I6: 8 | J6: =ROUND(F6*I6,0) -> 0 | K6: alta | L6: Sim (maioria) | M6: 0.75 | N6: 2 | O6: 2 ponto(s): 2 SV + 0 satélite (bloquete) | P6: medida (traçado) | Q6: limite leste do loteamento; cinza nos 3 recortes hz_18395/18435/18475; onibus e comercio ao longo | corrigido por SV
A7: Avenida Esbertalina B. Damiani | B7: 85.3 | C7: Pavimentada | D7: 1 | E7: =ROUND(B7*D7,1) -> 85.3 | F7: =B7-E7 -> 0 | G7: 12 | H7: mediana da planta | I7: 8 | J7: =ROUND(F7*I7,0) -> 0 | K7: alta | L7: Sim (maioria) | M7: 1 | N7: 1 | O7: 1 ponto(s): 1 SV + 0 satélite (asfalto) | P7: medida (traçado) | Q7: segmento sul do mesmo eixo pavimentado
A8: Avenida Oceano Índico | B8: 1120.1 | C8: Não pavimentada | D8: 0 | E8: =ROUND(B8*D8,1) -> 0 | F8: =B8-E8 -> 1120.1 | G8: 20.58 | H8: quadro/legenda da planta | I8: 12.58 | J8: =ROUND(F8*I8,0) -> 14091 | K8: alta | L8: Não | M8: 0.21 | N8: 2 | O8: 2 ponto(s): 2 SV + 0 satélite (saibro) | P8: medida (traçado) | Q8: todo o trecho a oeste da Esbertalina e bege/areia (hz_18435_L/O); a parte 'paved' das tags OSM corresponde ao trecho junto a orla, fora do poligono
A9: Rua Montanha | B9: 810 | C9: Não pavimentada | D9: 0 | E9: =ROUND(B9*D9,1) -> 0 | F9: =B9-E9 -> 810 | G9: 12 | H9: quadro/legenda da planta | I9: 8 | J9: =ROUND(F9*I9,0) -> 6480 | K9: alta | L9: Parcial | M9: 0.5 | N9: 2 | O9: 2 ponto(s): 2 SV + 0 satélite (areia, saibro) | P9: medida (traçado) | Q9: hz_18395_L: faixa bege em toda extensao
A10: Rua Boa Esperança | B10: 812 | C10: Não pavimentada | D10: 0 | E10: =ROUND(B10*D10,1) -> 0 | F10: =B10-E10 -> 812 | G10: 12 | H10: mediana da planta | I10: 8 | J10: =ROUND(F10*I10,0) -> 6496 | K10: alta | L10: Parcial | M10: 0.5 | N10: 2 | O10: 2 ponto(s): 2 SV + 0 satélite (areia, saibro) | P10: medida (traçado) | Q10: hz_18395/18435: bege/areia
A11: Rua Pinheiros | B11: 751.2 | C11: Não pavimentada | D11: 0 | E11: =ROUND(B11*D11,1) -> 0 | F11: =B11-E11 -> 751.2 | G11: 12 | H11: mediana da planta | I11: 8 | J11: =ROUND(F11*I11,0) -> 6010 | K11: alta | L11: Parcial | M11: 0.5 | N11: 2 | O11: 2 ponto(s): 2 SV + 0 satélite (saibro) | P11: medida (traçado) | Q11: hz_18395/18435: bege/areia
A12: Rua Mururici | B12: 283.4 | C12: Não pavimentada | D12: 0 | E12: =ROUND(B12*D12,1) -> 0 | F12: =B12-E12 -> 283.4 | G12: 12 | H12: mediana da planta | I12: 8 | J12: =ROUND(F12*I12,0) -> 2267 | K12: alta | L12: Parcial | M12: 0.5 | N12: 1 | O12: 1 ponto(s): 1 SV + 0 satélite (saibro) | P12: medida (traçado) | Q12: hz_18435_L: bege/areia
A13: Rua São Daniel Comboni | B13: 249 | C13: Não pavimentada | D13: 0 | E13: =ROUND(B13*D13,1) -> 0 | F13: =B13-E13 -> 249 | G13: 12 | H13: mediana da planta | I13: 8 | J13: =ROUND(F13*I13,0) -> 1992 | K13: alta | L13: Parcial | M13: 0.5 | N13: 1 | O13: 1 ponto(s): 1 SV + 0 satélite (saibro) | P13: medida (traçado) | Q13: hz_18435/18475: bege/areia
A14: Rua Barra de São Francisco | B14: 284.4 | C14: Não pavimentada | D14: 0 | E14: =ROUND(B14*D14,1) -> 0 | F14: =B14-E14 -> 284.4 | G14: 12 | H14: mediana da planta | I14: 8 | J14: =ROUND(F14*I14,0) -> 2275 | K14: alta | L14: Parcial | M14: 0.5 | N14: 1 | O14: 1 ponto(s): 1 SV + 0 satélite (saibro) | P14: medida (traçado) | Q14: hz_18475_L: bege/areia (trecho oeste)
A15: Avenida Praiana | B15: 188.9 | C15: Não pavimentada | D15: 0 | E15: =ROUND(B15*D15,1) -> 0 | F15: =B15-E15 -> 188.9 | G15: 12 | H15: mediana da planta | I15: 8 | J15: =ROUND(F15*I15,0) -> 1511 | K15: alta | L15: Parcial | M15: 0.5 | N15: 1 | O15: 1 ponto(s): 1 SV + 0 satélite (saibro) | P15: medida (traçado) | Q15: hz_18475/18515: bege/areia, canteiro nao perceptivel
A16: Rua Mantenópolis | B16: 185.7 | C16: Não pavimentada | D16: 0 | E16: =ROUND(B16*D16,1) -> 0 | F16: =B16-E16 -> 185.7 | G16: 12 | H16: quadro/legenda da planta | I16: 8 | J16: =ROUND(F16*I16,0) -> 1486 | K16: alta | L16: Sim (maioria) | M16: 1 | N16: 1 | O16: 1 ponto(s): 1 SV + 0 satélite (saibro) | P16: medida (traçado) | Q16: hz_18515_L: bege/areia (trecho oeste)
A17: Rua Octávio Borotto | B17: 439.8 | C17: Não pavimentada | D17: 0 | E17: =ROUND(B17*D17,1) -> 0 | F17: =B17-E17 -> 439.8 | G17: 12 | H17: mediana da planta | I17: 8 | J17: =ROUND(F17*I17,0) -> 3518 | K17: alta | L17: Parcial | M17: 0.5 | N17: 1 | O17: 1 ponto(s): 1 SV + 0 satélite (saibro) | P17: medida (traçado) | Q17: transversal N-S bege/areia em todos os recortes (hz_18395/18435/18475)
... A35: Rua Colatina | B35: 32.7 | C35: Não pavimentada | D35: 0 | E35: =ROUND(B35*D35,1) -> 0 | F35: =B35-E35 -> 32.7 | G35: 12 | H35: quadro/legenda da planta | I35: 8 | J35: =ROUND(F35*I35,0) -> 262 | K35: alta | L35: Parcial | M35: 0.5 | N35: 1 | O35: 1 ponto(s): 1 SV + 0 satélite (saibro) | P35: medida (traçado) | Q35: toco de 33 m na divisa oeste; mesmo corredor de areia do eixo Colatina/Sao Daniel Comboni
A36: (sem nome) | B36: 24.2 | C36: Parcial | D36: 0.08 | E36: =ROUND(B36*D36,1) -> 1.9 | F36: =B36-E36 -> 22.3 | G36: 12 | H36: mediana da planta | I36: 8 | J36: =ROUND(F36*I36,0) -> 178 | K36: baixa | L36: Não avaliável | M36: — | N36: 0 | O36: sem ponto próprio — taxa agregada da malha física auditada do loteamento | P36: medida (traçado) | Q36: links tertiary_link junto a Esbertalina/Oceano Indico, tag dirt; area do cruzamento em areia no satelite
A37: TOTAL | B37: =SUM(B6:B36) -> 13895.5 | D37: =IF(B37=0,0,E37/B37) -> 0.054132633 | E37: =SUM(E6:E36) -> 752.2 | F37: =SUM(F6:F36) -> 13143.3 | J37: =SUM(J6:J36) -> 110278
A39: Falta pavimentar — pista (m²), larguras da planta: | D39: =J37 -> 110278 | F39: soma da coluna J (falta × largura de pista de cada via)
A40: Falta pavimentar — pista (m²), premissa única de 8 m: | D40: =F37*8 -> 105146.4 | F40: base de comparação com a versão anterior do levantamento
A41: Vias não abertas incluídas no total (m): | D41: 0 | F41: constam na planta, sem abertura visível; contam como obra a executar
A42: Passeio (calçada) existente: | D42: 0.44 | F42: 41 ponto(s) do Street View
A43: Passeio faltante (m de via aberta): | D43: =(B37-D41)*(1-D42) -> 7781.48 | F43: metros de VIA sem calçada completa nos dois lados (não é metro linear de calçada)
A44: Passeio faltante (m²): | D44: =ROUND(D43*4.081,0) -> 31756 | F44: 4.08 m² de calçada por metro de via (dois lados, larguras da planta)
A45: Pontos verificados — em vias nomeadas: | D45: 41
A46: Pontos verificados — na malha física sem nome no mapa: | D46: 0 | F46: verificados e usados na taxa do loteamento; ver aba Pontos auditados
A47: Pavimento sobre metragem medida (m): | D47: 752
A48: Pavimento sobre metragem só de planta (m): | D48: 0 | F48: sem traçado medido — existência a confirmar em campo

Sheet 27 Res. Mar Aberto
A1: Loteamento Residencial Mar Aberto — planta nº 27
A2: Proprietário/empreendedor: Mirante Emp. Imobiliários | Matrícula: 9.853 (25/08/2000) | Área oficial: 387.200 m²
A3: Pontos verificados neste loteamento: 33 (8 atribuídos a vias nomeadas + 25 na malha física sem nome no mapa). Metragem com traçado medido: 2.731 m; só de planta: 4.108 m. Todos os pontos estão listados na aba 'Pontos auditados'.
A5: Rua / via | B5: Extensão da via (m) | C5: Situação da pista | D5: % pista pavimentada | E5: Pavimentado (m) | F5: Falta pavimentar (m) | G5: Caixa de via — planta (m) | H5: Origem da largura | I5: Largura de pista adotada (m) | J5: Falta pavimentar (m²) | K5: Confiança | L5: Passeio (calçada) | M5: % passeio (via) | N5: Pontos próprios | O5: Origem da classificação | P5: Metragem | Q5: Observações
A6: Rua Belo Horizonte | B6: 1980 | C6: Não pavimentada | D6: 0 | E6: =ROUND(B6*D6,1) -> 0 | F6: =B6-E6 -> 1980 | G6: 16 | H6: quadro/legenda da planta | I6: 11 | J6: =ROUND(F6*I6,0) -> 21780 | K6: alta | L6: Não | M6: 0 | N6: 6 | O6: 6 ponto(s): 6 SV + 0 satélite (saibro) | P6: medida (traçado) | Q6: Av. Belo Horizonte da planta (16 m): eixo E-W central aberto em areia por toda a extensao (~1.980 m, lon -39.7672..-39.7484); casas esparsas; rotatoria/praca circular da planta NAO construida
A7: Avenida Esbertalina B. Damiani | B7: 511.5 | C7: Pavimentada | D7: 1 | E7: =ROUND(B7*D7,1) -> 511.5 | F7: =B7-E7 -> 0 | G7: 16 | H7: mediana da planta | I7: 11 | J7: =ROUND(F7*I7,0) -> 0 | K7: média | L7: Parcial | M7: 0.5 | N7: 1 | O7: 1 ponto(s): 1 SV + 0 satélite (bloquete) | P7: medida (traçado) | Q7: dentro do p27 leito cinzento de saibro compactado, sem bloquete visivel (RGB ~160/150/135); o bloquete termina ~lat -18.756, ao norte do poligono; tag paving_stones do OSM nao confirmada aqui
A8: Avenida Oceano Atlântico | B8: 239.5 | C8: Não pavimentada | D8: 0 | E8: =ROUND(B8*D8,1) -> 0 | F8: =B8-E8 -> 239.5 | G8: 16 | H8: mediana da planta | I8: 11 | J8: =ROUND(F8*I8,0) -> 2635 | K8: alta | L8: Não | M8: 0 | N8: 1 | O8: 1 ponto(s): 1 SV + 0 satélite (saibro) | P8: medida (traçado) | Q8: orla em frente ao p27 e estrada larga de areia/saibro claro (RGB ~185/175/160); pavimento da orla termina ~lat -18.755, ao norte do p27
A9: RUA ALFENAS | B9: 126 | C9: Não pavimentada | D9: 0 | E9: =ROUND(B9*D9,1) -> 0 | F9: =B9-E9 -> 126 | G9: 16 | H9: mediana da planta | I9: 11 | J9: =ROUND(F9*I9,0) -> 1386 | K9: baixa | L9: Não avaliável | M9: — | N9: 0 | O9: sem ponto próprio — taxa agregada da malha física auditada do loteamento | P9: planta (não medida) | Q9: transversal oeste: stub de areia aberto nos dois lados da Av. Belo Horizonte (sat_18760); quadras em pasto, sem edificacao | metragem rateada da malha OSM sem nome
A10: RUA VARGINHA | B10: 126 | C10: Não pavimentada | D10: 0 | E10: =ROUND(B10*D10,1) -> 0 | F10: =B10-E10 -> 126 | G10: 16 | H10: mediana da planta | I10: 11 | J10: =ROUND(F10*I10,0) -> 1386 | K10: baixa | L10: Não avaliável | M10: — | N10: 0 | O10: sem ponto próprio — taxa agregada da malha física auditada do loteamento | P10: planta (não medida) | Q10: transversal oeste: stub de areia aberto nos dois lados da Av. Belo Horizonte (sat_18760); quadras em pasto, sem edificacao | metragem rateada da malha OSM sem nome
A11: RUA UBÁ | B11: 126 | C11: Não pavimentada | D11: 0 | E11: =ROUND(B11*D11,1) -> 0 | F11: =B11-E11 -> 126 | G11: 16 | H11: mediana da planta | I11: 11 | J11: =ROUND(F11*I11,0) -> 1386 | K11: baixa | L11: Não avaliável | M11: — | N11: 0 | O11: sem ponto próprio — taxa agregada da malha física auditada do loteamento | P11: planta (não medida) | Q11: transversal oeste: stub de areia aberto nos dois lados da Av. Belo Horizonte (sat_18760); quadras em pasto, sem edificacao | metragem rateada da malha OSM sem nome
A12: RUA SÃO JOÃO DEL REY | B12: 126 | C12: Não pavimentada | D12: 0 | E12: =ROUND(B12*D12,1) -> 0 | F12: =B12-E12 -> 126 | G12: 16 | H12: mediana da planta | I12: 11 | J12: =ROUND(F12*I12,0) -> 1386 | K12: baixa | L12: Não avaliável | M12: — | N12: 0 | O12: sem ponto próprio — taxa agregada da malha física auditada do loteamento | P12: planta (não medida) | Q12: transversal oeste: stub de areia aberto nos dois lados da Av. Belo Horizonte (sat_18760); quadras em pasto, sem edificacao | metragem rateada da malha OSM sem nome
A13: RUA PONTE NOVA | B13: 126 | C13: Não pavimentada | D13: 0 | E13: =ROUND(B13*D13,1) -> 0 | F13: =B13-E13 -> 126 | G13: 16 | H13: mediana da planta | I13: 11 | J13: =ROUND(F13*I13,0) -> 1386 | K13: baixa | L13: Não avaliável | M13: — | N13: 0 | O13: sem ponto próprio — taxa agregada da malha física auditada do loteamento | P13: planta (não medida) | Q13: transversal oeste: stub de areia aberto nos dois lados da Av. Belo Horizonte (sat_18760); quadras em pasto, sem edificacao | metragem rateada da malha OSM sem nome
A14: RUA PIRAPORA | B14: 126 | C14: Não pavimentada | D14: 0 | E14: =ROUND(B14*D14,1) -> 0 | F14: =B14-E14 -> 126 | G14: 16 | H14: mediana da planta | I14: 11 | J14: =ROUND(F14*I14,0) -> 1386 | K14: baixa | L14: Não avaliável | M14: — | N14: 0 | O14: sem ponto próprio — taxa agregada da malha física auditada do loteamento | P14: planta (não medida) | Q14: transversal oeste: stub de areia aberto nos dois lados da Av. Belo Horizonte (sat_18760); quadras em pasto, sem edificacao | metragem rateada da malha OSM sem nome
A15: RUA PATOS DE MINAS | B15: 126 | C15: Não pavimentada | D15: 0 | E15: =ROUND(B15*D15,1) -> 0 | F15: =B15-E15 -> 126 | G15: 16 | H15: mediana da planta | I15: 11 | J15: =ROUND(F15*I15,0) -> 1386 | K15: baixa | L15: Não avaliável | M15: — | N15: 0 | O15: sem ponto próprio — taxa agregada da malha física auditada do loteamento | P15: planta (não medida) | Q15: transversal oeste: stub de areia aberto nos dois lados da Av. Belo Horizonte (sat_18760); quadras em pasto, sem edificacao | metragem rateada da malha OSM sem nome
A16: RUA PASSOS | B16: 126 | C16: Não pavimentada | D16: 0 | E16: =ROUND(B16*D16,1) -> 0 | F16: =B16-E16 -> 126 | G16: 16 | H16: mediana da planta | I16: 11 | J16: =ROUND(F16*I16,0) -> 1386 | K16: baixa | L16: Não avaliável | M16: — | N16: 0 | O16: sem ponto próprio — taxa agregada da malha física auditada do loteamento | P16: planta (não medida) | Q16: transversal oeste: stub de areia aberto nos dois lados da Av. Belo Horizonte (sat_18760); quadras em pasto, sem edificacao | metragem rateada da malha OSM sem nome
A17: RUA OURO PRETO | B17: 126 | C17: Não pavimentada | D17: 0 | E17: =ROUND(B17*D17,1) -> 0 | F17: =B17-E17 -> 126 | G17: 16 | H17: mediana da planta | I17: 11 | J17: =ROUND(F17*I17,0) -> 1386 | K17: baixa | L17: Não avaliável | M17: — | N17: 0 | O17: sem ponto próprio — taxa agregada da malha física auditada do loteamento | P17: planta (não medida) | Q17: transversal oeste: stub de areia aberto nos dois lados da Av. Belo Horizonte (sat_18760); quadras em pasto, sem edificacao | metragem rateada da malha OSM sem nome
A18: RUA MURIAÉ | B18: 126 | C18: Não pavimentada | D18: 0 | E18: =ROUND(B18*D18,1) -> 0 | F18: =B18-E18 -> 126 | G18: 16 | H18: mediana da planta | I18: 11 | J18: =ROUND(F18*I18,0) -> 1386 | K18: baixa | L18: Não avaliável | M18: — | N18: 0 | O18: sem ponto próprio — taxa agregada da malha física auditada do loteamento | P18: planta (não medida) | Q18: transversal oeste: stub de areia aberto nos dois lados da Av. Belo Horizonte (sat_18760); quadras em pasto, sem edificacao | metragem rateada da malha OSM sem nome
A19: RUA JANAÚBA | B19: 126 | C19: Não pavimentada | D19: 0 | E19: =ROUND(B19*D19,1) -> 0 | F19: =B19-E19 -> 126 | G19: 16 | H19: mediana da planta | I19: 11 | J19: =ROUND(F19*I19,0) -> 1386 | K19: baixa | L19: Não avaliável | M19: — | N19: 0 | O19: sem ponto próprio — taxa agregada da malha física auditada do loteamento | P19: planta (não medida) | Q19: zona da praca/rotatoria (nao construida): stubs tenues junto a Av. BH; quadras em pasto | metragem rateada da malha OSM sem nome
A20: RUA ITUIUTABA | B20: 126 | C20: Não pavimentada | D20: 0 | E20: =ROUND(B20*D20,1) -> 0 | F20: =B20-E20 -> 126 | G20: 16 | H20: mediana da planta | I20: 11 | J20: =ROUND(F20*I20,0) -> 1386 | K20: baixa | L20: Não avaliável | M20: — | N20: 0 | O20: sem ponto próprio — taxa agregada da malha física auditada do loteamento | P20: planta (não medida) | Q20: zona da praca/rotatoria (nao construida): stubs tenues junto a Av. BH; quadras em pasto | metragem rateada da malha OSM sem nome
... A40: AVENIDA PROJETADA (limite oeste) | B40: 202 | C40: Não pavimentada | D40: 0 | E40: =ROUND(B40*D40,1) -> 0 | F40: =B40-E40 -> 202 | G40: 16 | H40: mediana da planta | I40: 11 | J40: =ROUND(F40*I40,0) -> 2222 | K40: baixa | L40: Não avaliável | M40: — | N40: 0 | O40: sem ponto próprio — taxa agregada da malha física auditada do loteamento | P40: planta (não medida) | Q40: ligacao 'VAI PARA BARRA NOVA': trilha de areia conectando o fim da Av. BH a ES-010, visivel no sat_18760 | metragem rateada da malha OSM sem nome
A41: TOTAL | B41: =SUM(B6:B40) -> 6839 | D41: =IF(B41=0,0,E41/B41) -> 0.091563094 | E41: =SUM(E6:E40) -> 626.2 | F41: =SUM(F6:F40) -> 6212.8 | J41: =SUM(J6:J40) -> 68341
A43: Falta pavimentar — pista (m²), larguras da planta: | D43: =J41 -> 68341 | F43: soma da coluna J (falta × largura de pista de cada via)
A44: Falta pavimentar — pista (m²), premissa única de 8 m: | D44: =F41*8 -> 49702.4 | F44: base de comparação com a versão anterior do levantamento
A45: Vias não abertas incluídas no total (m): | D45: 0 | F45: constam na planta, sem abertura visível; contam como obra a executar
A46: Passeio (calçada) existente: | D46: 0.02 | F46: 33 ponto(s) do Street View
A47: Passeio faltante (m de via aberta): | D47: =(B41-D45)*(1-D46) -> 6702.22 | F47: metros de VIA sem calçada completa nos dois lados (não é metro linear de calçada)
A48: Passeio faltante (m²): | D48: =ROUND(D47*5,0) -> 33511 | F48: 5.00 m² de calçada por metro de via (dois lados, larguras da planta)
A49: Pontos verificados — em vias nomeadas: | D49: 8
A50: Pontos verificados — na malha física sem nome no mapa: | D50: 25 | F50: verificados e usados na taxa do loteamento; ver aba Pontos auditados
A51: Pavimento sobre metragem medida (m): | D51: 512
A52: Pavimento sobre metragem só de planta (m): | D52: 115 | F52: sem traçado medido — existência a confirmar em campo

Sheet 31 Melhorini Res. Parque
A1: Loteamento Melhorini Residencial Parque — planta nº 31
A2: Proprietário/empreendedor: Domingos Melhorini | Matrícula: 9.300 (26/11/2001) | Área oficial: 70.180 m²
A3: Pontos verificados neste loteamento: 10 (10 atribuídos a vias nomeadas + 0 na malha física sem nome no mapa). Metragem com traçado medido: 1.521 m; só de planta: 0 m. Todos os pontos estão listados na aba 'Pontos auditados'.
A5: Rua / via | B5: Extensão da via (m) | C5: Situação da pista | D5: % pista pavimentada | E5: Pavimentado (m) | F5: Falta pavimentar (m) | G5: Caixa de via — planta (m) | H5: Origem da largura | I5: Largura de pista adotada (m) | J5: Falta pavimentar (m²) | K5: Confiança | L5: Passeio (calçada) | M5: % passeio (via) | N5: Pontos próprios | O5: Origem da classificação | P5: Metragem | Q5: Observações
A6: Avenida Esbertalina Barbosa Damiani | B6: 92.4 | C6: Pavimentada | D6: 1 | E6: =ROUND(B6*D6,1) -> 92.4 | F6: =B6-E6 -> 0 | G6: 12 | H6: mediana da planta | I6: 8 | J6: =ROUND(F6*I6,0) -> 0 | K6: alta | L6: Parcial | M6: 0.5 | N6: 1 | O6: 1 ponto(s): 1 SV + 0 satélite (bloquete) | P6: medida (traçado) | Q6: limite leste; cinza em hz_18435/18475 | corrigido por SV
A7: Rua Álvaro Leal Calmon | B7: 151.2 | C7: Não pavimentada | D7: 0 | E7: =ROUND(B7*D7,1) -> 0 | F7: =B7-E7 -> 151.2 | G7: 12 | H7: mediana da planta | I7: 8 | J7: =ROUND(F7*I7,0) -> 1210 | K7: alta | L7: Parcial | M7: 0.5 | N7: 1 | O7: 1 ponto(s): 1 SV + 0 satélite (areia) | P7: medida (traçado) | Q7: via interna N-S bege/areia (hz_18435_L/18475_L)
A8: Rua Odílio Nico | B8: 155.1 | C8: Não pavimentada | D8: 0 | E8: =ROUND(B8*D8,1) -> 0 | F8: =B8-E8 -> 155.1 | G8: 12 | H8: mediana da planta | I8: 8 | J8: =ROUND(F8*I8,0) -> 1241 | K8: alta | L8: Não | M8: 0 | N8: 1 | O8: 1 ponto(s): 1 SV + 0 satélite (areia) | P8: medida (traçado) | Q8: via interna N-S bege/areia (hz_18435_L/18475_L)
A9: Rua Oldemar Faria Santos | B9: 160.6 | C9: Não pavimentada | D9: 0 | E9: =ROUND(B9*D9,1) -> 0 | F9: =B9-E9 -> 160.6 | G9: 12 | H9: mediana da planta | I9: 8 | J9: =ROUND(F9*I9,0) -> 1285 | K9: alta | L9: Parcial | M9: 0.5 | N9: 1 | O9: 1 ponto(s): 1 SV + 0 satélite (areia) | P9: medida (traçado) | Q9: via interna N-S bege/areia (hz_18435_L/18475_L)
A10: Darcy Natalino Formigoni | B10: 159.4 | C10: Não pavimentada | D10: 0 | E10: =ROUND(B10*D10,1) -> 0 | F10: =B10-E10 -> 159.4 | G10: 12 | H10: mediana da planta | I10: 8 | J10: =ROUND(F10*I10,0) -> 1275 | K10: alta | L10: Sim (maioria) | M10: 1 | N10: 1 | O10: 1 ponto(s): 1 SV + 0 satélite (areia) | P10: medida (traçado) | Q10: via interna N-S bege/areia (hz_18435_L/18475_L)
A11: Rua Adriana Barbosa Caran | B11: 158.3 | C11: Não pavimentada | D11: 0 | E11: =ROUND(B11*D11,1) -> 0 | F11: =B11-E11 -> 158.3 | G11: 12 | H11: mediana da planta | I11: 8 | J11: =ROUND(F11*I11,0) -> 1266 | K11: alta | L11: Parcial | M11: 0.5 | N11: 1 | O11: 1 ponto(s): 1 SV + 0 satélite (areia) | P11: medida (traçado) | Q11: via interna N-S bege/areia (hz_18435_L/18475_L)
A12: Rua VII | B12: 157.2 | C12: Não pavimentada | D12: 0 | E12: =ROUND(B12*D12,1) -> 0 | F12: =B12-E12 -> 157.2 | G12: 12 | H12: mediana da planta | I12: 8 | J12: =ROUND(F12*I12,0) -> 1258 | K12: alta | L12: Não | M12: 0 | N12: 1 | O12: 1 ponto(s): 1 SV + 0 satélite (areia) | P12: medida (traçado) | Q12: via interna N-S bege/areia (hz_18435_L/18475_L); Rua VII = Prof. Amaro N. Mendes da planta
A13: Rua Albino Negris | B13: 157.3 | C13: Não pavimentada | D13: 0 | E13: =ROUND(B13*D13,1) -> 0 | F13: =B13-E13 -> 157.3 | G13: 12 | H13: quadro/legenda da planta | I13: 8 | J13: =ROUND(F13*I13,0) -> 1258 | K13: alta | L13: Não | M13: 0 | N13: 1 | O13: 1 ponto(s): 1 SV + 0 satélite (areia) | P13: medida (traçado) | Q13: via interna N-S bege/areia (hz_18435_L/18475_L)
A14: Elisa Maria Ditthz de Abreu Costa | B14: 82.5 | C14: Não pavimentada | D14: 0 | E14: =ROUND(B14*D14,1) -> 0 | F14: =B14-E14 -> 82.5 | G14: 12 | H14: mediana da planta | I14: 8 | J14: =ROUND(F14*I14,0) -> 660 | K14: alta | L14: Parcial | M14: 0.5 | N14: 1 | O14: 1 ponto(s): 1 SV + 0 satélite (areia) | P14: medida (traçado) | Q14: via interna N-S bege/areia (hz_18435_L/18475_L)
A15: Rua Mururici | B15: 246.9 | C15: Pavimentada | D15: 1 | E15: =ROUND(B15*D15,1) -> 246.9 | F15: =B15-E15 -> 0 | G15: 12 | H15: mediana da planta | I15: 8 | J15: =ROUND(F15*I15,0) -> 0 | K15: alta | L15: Não | M15: 0 | N15: 1 | O15: 1 ponto(s): 1 SV + 0 satélite (bloquete) | P15: medida (traçado) | Q15: limite sul; bege/areia em hz_18435/18475
A16: TOTAL | B16: =SUM(B6:B15) -> 1520.9 | D16: =IF(B16=0,0,E16/B16) -> 0.22309159 | E16: =SUM(E6:E15) -> 339.3 | F16: =SUM(F6:F15) -> 1181.6 | J16: =SUM(J6:J15) -> 9453
A18: Falta pavimentar — pista (m²), larguras da planta: | D18: =J16 -> 9453 | F18: soma da coluna J (falta × largura de pista de cada via)
A19: Falta pavimentar — pista (m²), premissa única de 8 m: | D19: =F16*8 -> 9452.8 | F19: base de comparação com a versão anterior do levantamento
A20: Vias não abertas incluídas no total (m): | D20: 0 | F20: constam na planta, sem abertura visível; contam como obra a executar
A21: Passeio (calçada) existente: | D21: 0.29 | F21: 10 ponto(s) do Street View
A22: Passeio faltante (m de via aberta): | D22: =(B16-D20)*(1-D21) -> 1079.839 | F22: metros de VIA sem calçada completa nos dois lados (não é metro linear de calçada)
A23: Passeio faltante (m²): | D23: =ROUND(D22*4,0) -> 4319 | F23: 4.00 m² de calçada por metro de via (dois lados, larguras da planta)
A24: Pontos verificados — em vias nomeadas: | D24: 10
A25: Pontos verificados — na malha física sem nome no mapa: | D25: 0 | F25: verificados e usados na taxa do loteamento; ver aba Pontos auditados
A26: Pavimento sobre metragem medida (m): | D26: 339
A27: Pavimento sobre metragem só de planta (m): | D27: 0 | F27: sem traçado medido — existência a confirmar em campo

Sheet 35 Verão Vermelho
A1: Loteamento Verão Vermelho — planta nº 35
A2: Proprietário/empreendedor: Neri Mariani | Matrícula: 16.265 (24/10/2003) | Área oficial: 402.084 m²
A3: Pontos verificados neste loteamento: 37 (9 atribuídos a vias nomeadas + 28 na malha física sem nome no mapa). Metragem com traçado medido: 2.772 m; só de planta: 7.830 m. Todos os pontos estão listados na aba 'Pontos auditados'.
A5: Rua / via | B5: Extensão da via (m) | C5: Situação da pista | D5: % pista pavimentada | E5: Pavimentado (m) | F5: Falta pavimentar (m) | G5: Caixa de via — planta (m) | H5: Origem da largura | I5: Largura de pista adotada (m) | J5: Falta pavimentar (m²) | K5: Confiança | L5: Passeio (calçada) | M5: % passeio (via) | N5: Pontos próprios | O5: Origem da classificação | P5: Metragem | Q5: Observações
A6: Estrada São Mateus-Estiva de Barra Nova | B6: 51.9 | C6: Não pavimentada | D6: 0 | E6: =ROUND(B6*D6,1) -> 0 | F6: =B6-E6 -> 51.9 | G6: 12 | H6: mediana da planta | I6: 8 | J6: =ROUND(F6*I6,0) -> 415 | K6: alta | L6: Não | M6: 0 | N6: 1 | O6: 1 ponto(s): 1 SV + 0 satélite (saibro) | P6: medida (traçado) | Q6: RODOVIA BREJO VELHO da planta (fundos oeste); asfalto (ES-010), linha escura no satelite; apenas ~52 m dentro do poligono
A7: Rua Verão Vermelho | B7: 2162.6 | C7: Não pavimentada | D7: 0 | E7: =ROUND(B7*D7,1) -> 0 | F7: =B7-E7 -> 2162.6 | G7: 12 | H7: mediana da planta | I7: 8 | J7: =ROUND(F7*I7,0) -> 17301 | K7: alta | L7: Não | M7: 0 | N7: 6 | O7: 6 ponto(s): 6 SV + 0 satélite (areia) | P7: medida (traçado) | Q7: AV. VERAO VERMELHO da planta (longitudinal sul): aberta em areia por ~2,16 km; casas concentradas no trecho centro-leste; extremo oeste com leito tenue
A8: Avenida Esbertalina B. Damiani | B8: 425.3 | C8: Pavimentada | D8: 1 | E8: =ROUND(B8*D8,1) -> 425.3 | F8: =B8-E8 -> 0 | G8: 22 | H8: quadro/legenda da planta | I8: 14 | J8: =ROUND(F8*I8,0) -> 0 | K8: alta | L8: Parcial | M8: 0.5 | N8: 1 | O8: 1 ponto(s): 1 SV + 0 satélite (bloquete) | P8: medida (traçado) | Q8: saibro compactado cinzento, sem bloquete visivel dentro do p35; tag paving_stones do OSM nao confirmada
A9: Avenida Oceano Atlântico | B9: 132.3 | C9: Não pavimentada | D9: 0 | E9: =ROUND(B9*D9,1) -> 0 | F9: =B9-E9 -> 132.3 | G9: 25 | H9: quadro/legenda da planta | I9: 17 | J9: =ROUND(F9*I9,0) -> 2249 | K9: média | L9: Não avaliável | M9: — | N9: 1 | O9: 1 ponto(s): 0 SV + 1 satélite (areia) | P9: medida (traçado) | Q9: aberta em areia junto as dunas no trecho norte do loteamento (ate ~-18.765); ao sul vira trilha na duna; 'Final do Calcadao Lado Sul' fica no limite norte do p35
A10: AV. EDÉSIO MARIANI | B10: 2160 | C10: Não pavimentada | D10: 0 | E10: =ROUND(B10*D10,1) -> 0 | F10: =B10-E10 -> 2160 | G10: 10 | H10: quadro/legenda da planta | I10: 6 | J10: =ROUND(F10*I10,0) -> 12960 | K10: baixa | L10: Não avaliável | M10: — | N10: 0 | O10: sem ponto próprio — taxa agregada da malha física auditada do loteamento | P10: planta (não medida) | Q10: longitudinal norte: aberta em areia por ~2,1 km (hz_18645/sat_18760), com a maior parte das casas do loteamento
A11: RUA NOVA VENÉCIA | B11: 154 | C11: Não pavimentada | D11: 0 | E11: =ROUND(B11*D11,1) -> 0 | F11: =B11-E11 -> 154 | G11: 12 | H11: quadro/legenda da planta | I11: 8 | J11: =ROUND(F11*I11,0) -> 1232 | K11: baixa | L11: Não avaliável | M11: — | N11: 0 | O11: sem ponto próprio — taxa agregada da malha física auditada do loteamento | P11: planta (não medida) | Q11: transversal leste (entre Esbertalina e a orla): trecho norte aberto em areia; fileira sul de quadras em mata fechada | metragem rateada da malha OSM
A12: RUA SÃO GABRIEL DA PALHA | B12: 154 | C12: Não pavimentada | D12: 0 | E12: =ROUND(B12*D12,1) -> 0 | F12: =B12-E12 -> 154 | G12: 12 | H12: quadro/legenda da planta | I12: 8 | J12: =ROUND(F12*I12,0) -> 1232 | K12: baixa | L12: Não avaliável | M12: — | N12: 0 | O12: sem ponto próprio — taxa agregada da malha física auditada do loteamento | P12: planta (não medida) | Q12: transversal leste (entre Esbertalina e a orla): trecho norte aberto em areia; fileira sul de quadras em mata fechada | metragem rateada da malha OSM
A13: RUA ALBINO NEGRIS | B13: 154 | C13: Não pavimentada | D13: 0 | E13: =ROUND(B13*D13,1) -> 0 | F13: =B13-E13 -> 154 | G13: 12 | H13: quadro/legenda da planta | I13: 8 | J13: =ROUND(F13*I13,0) -> 1232 | K13: baixa | L13: Não avaliável | M13: — | N13: 0 | O13: sem ponto próprio — taxa agregada da malha física auditada do loteamento | P13: planta (não medida) | Q13: aberta em areia no trecho entre a Av. Edesio Mariani e a R. Verao Vermelho (~150 m); prolongamentos norte/sul nao abertos | metragem rateada da malha OSM
A14: RUA PROF. AMARO NASC. MENDES | B14: 154 | C14: Não pavimentada | D14: 0 | E14: =ROUND(B14*D14,1) -> 0 | F14: =B14-E14 -> 154 | G14: 12 | H14: quadro/legenda da planta | I14: 8 | J14: =ROUND(F14*I14,0) -> 1232 | K14: baixa | L14: Não avaliável | M14: — | N14: 0 | O14: sem ponto próprio — taxa agregada da malha física auditada do loteamento | P14: planta (não medida) | Q14: aberta em areia no trecho entre a Av. Edesio Mariani e a R. Verao Vermelho (~150 m); prolongamentos norte/sul nao abertos | metragem rateada da malha OSM
A15: RUA ADRIANA BARBOSA CARAN | B15: 154 | C15: Não pavimentada | D15: 0 | E15: =ROUND(B15*D15,1) -> 0 | F15: =B15-E15 -> 154 | G15: 12 | H15: quadro/legenda da planta | I15: 8 | J15: =ROUND(F15*I15,0) -> 1232 | K15: baixa | L15: Não avaliável | M15: — | N15: 0 | O15: sem ponto próprio — taxa agregada da malha física auditada do loteamento | P15: planta (não medida) | Q15: aberta em areia no trecho entre a Av. Edesio Mariani e a R. Verao Vermelho (~150 m); prolongamentos norte/sul nao abertos | metragem rateada da malha OSM
A16: RUA DARCY N. FORMIGONI | B16: 154 | C16: Não pavimentada | D16: 0 | E16: =ROUND(B16*D16,1) -> 0 | F16: =B16-E16 -> 154 | G16: 12 | H16: quadro/legenda da planta | I16: 8 | J16: =ROUND(F16*I16,0) -> 1232 | K16: baixa | L16: Não avaliável | M16: — | N16: 0 | O16: sem ponto próprio — taxa agregada da malha física auditada do loteamento | P16: planta (não medida) | Q16: aberta em areia no trecho entre a Av. Edesio Mariani e a R. Verao Vermelho (~150 m); prolongamentos norte/sul nao abertos | metragem rateada da malha OSM
A17: RUA OLDEMAR FARIAS SANTOS | B17: 154 | C17: Não pavimentada | D17: 0 | E17: =ROUND(B17*D17,1) -> 0 | F17: =B17-E17 -> 154 | G17: 12 | H17: quadro/legenda da planta | I17: 8 | J17: =ROUND(F17*I17,0) -> 1232 | K17: baixa | L17: Não avaliável | M17: — | N17: 0 | O17: sem ponto próprio — taxa agregada da malha física auditada do loteamento | P17: planta (não medida) | Q17: aberta em areia no trecho entre a Av. Edesio Mariani e a R. Verao Vermelho (~150 m); prolongamentos norte/sul nao abertos | metragem rateada da malha OSM
A18: RUA ODÉLIO NICO | B18: 154 | C18: Não pavimentada | D18: 0 | E18: =ROUND(B18*D18,1) -> 0 | F18: =B18-E18 -> 154 | G18: 12 | H18: quadro/legenda da planta | I18: 8 | J18: =ROUND(F18*I18,0) -> 1232 | K18: baixa | L18: Não avaliável | M18: — | N18: 0 | O18: sem ponto próprio — taxa agregada da malha física auditada do loteamento | P18: planta (não medida) | Q18: aberta em areia no trecho entre a Av. Edesio Mariani e a R. Verao Vermelho (~150 m); prolongamentos norte/sul nao abertos | metragem rateada da malha OSM
A19: RUA ALVARO LEAL COLMON | B19: 154 | C19: Não pavimentada | D19: 0 | E19: =ROUND(B19*D19,1) -> 0 | F19: =B19-E19 -> 154 | G19: 12 | H19: quadro/legenda da planta | I19: 8 | J19: =ROUND(F19*I19,0) -> 1232 | K19: baixa | L19: Não avaliável | M19: — | N19: 0 | O19: sem ponto próprio — taxa agregada da malha física auditada do loteamento | P19: planta (não medida) | Q19: aberta em areia no trecho entre a Av. Edesio Mariani e a R. Verao Vermelho (~150 m); prolongamentos norte/sul nao abertos | metragem rateada da malha OSM
A20: RUA ELISA MARIA DITTZ DE ABREU COSTA | B20: 154 | C20: Não pavimentada | D20: 0 | E20: =ROUND(B20*D20,1) -> 0 | F20: =B20-E20 -> 154 | G20: 12 | H20: quadro/legenda da planta | I20: 8 | J20: =ROUND(F20*I20,0) -> 1232 | K20: baixa | L20: Não avaliável | M20: — | N20: 0 | O20: sem ponto próprio — taxa agregada da malha física auditada do loteamento | P20: planta (não medida) | Q20: aberta em areia no trecho entre a Av. Edesio Mariani e a R. Verao Vermelho (~150 m); prolongamentos norte/sul nao abertos | metragem rateada da malha OSM
... A39: RUA XXXII | B39: 240 | C39: Não aberta | D39: 0 | E39: =ROUND(B39*D39,1) -> 0 | F39: =B39-E39 -> 240 | G39: 12 | H39: quadro/legenda da planta | I39: 8 | J39: =ROUND(F39*I39,0) -> 1920 | K39: média | L39: — | M39: — | N39: 0 | O39: mantido (não aberta, sem ponto auditado) | P39: planta (não medida) | Q39: extremo oeste (inclui area 2A dos campos de futebol/lazer, nao implantada): vegetacao/pasto sem leito visivel
A40: TOTAL | B40: =SUM(B6:B39) -> 10602.1 | D40: =IF(B40=0,0,E40/B40) -> 0.040114694 | E40: =SUM(E6:E39) -> 425.3 | F40: =SUM(F6:F39) -> 10176.8 | J40: =SUM(J6:J39) -> 79492
A42: Falta pavimentar — pista (m²), larguras da planta: | D42: =J40 -> 79492 | F42: soma da coluna J (falta × largura de pista de cada via)
A43: Falta pavimentar — pista (m²), premissa única de 8 m: | D43: =F40*8 -> 81414.4 | F43: base de comparação com a versão anterior do levantamento
A44: Vias não abertas incluídas no total (m): | D44: 3360 | F44: constam na planta, sem abertura visível; contam como obra a executar
A45: Passeio (calçada) existente: | D45: 0.06 | F45: 19 ponto(s) do Street View
A46: Passeio faltante (m de via aberta): | D46: =(B40-D44)*(1-D45) -> 6807.574 | F46: metros de VIA sem calçada completa nos dois lados (não é metro linear de calçada)
A47: Passeio faltante (m²): | D47: =ROUND(D46*4.075,0) -> 27741 | F47: 4.08 m² de calçada por metro de via (dois lados, larguras da planta)
A48: Pontos verificados — em vias nomeadas: | D48: 9
A49: Pontos verificados — na malha física sem nome no mapa: | D49: 28 | F49: verificados e usados na taxa do loteamento; ver aba Pontos auditados
A50: Pavimento sobre metragem medida (m): | D50: 425
A51: Pavimento sobre metragem só de planta (m): | D51: 0 | F51: sem traçado medido — existência a confirmar em campo

Sheet 36 Res. Ilha de Guriri I
A1: Loteamento Residencial Ilha de Guriri I — planta nº 36
A2: Proprietário/empreendedor: Airton Ruberth | Matrícula: 15.191 (12/11/2003) | Área oficial: 77.639 m²
A3: Pontos verificados neste loteamento: 9 (9 atribuídos a vias nomeadas + 0 na malha física sem nome no mapa). Metragem com traçado medido: 1.995 m; só de planta: 0 m. Todos os pontos estão listados na aba 'Pontos auditados'.
A5: Rua / via | B5: Extensão da via (m) | C5: Situação da pista | D5: % pista pavimentada | E5: Pavimentado (m) | F5: Falta pavimentar (m) | G5: Caixa de via — planta (m) | H5: Origem da largura | I5: Largura de pista adotada (m) | J5: Falta pavimentar (m²) | K5: Confiança | L5: Passeio (calçada) | M5: % passeio (via) | N5: Pontos próprios | O5: Origem da classificação | P5: Metragem | Q5: Observações
A6: Estrada São Mateus-Estiva de Barra Nova | B6: 205.4 | C6: Não pavimentada | D6: 0 | E6: =ROUND(B6*D6,1) -> 0 | F6: =B6-E6 -> 205.4 | G6: 12 | H6: mediana da planta | I6: 8 | J6: =ROUND(F6*I6,0) -> 1643 | K6: alta | L6: Não | M6: 0 | N6: 1 | O6: 1 ponto(s): 1 SV + 0 satélite (saibro) | P6: medida (traçado) | Q6: Asfalto (ES-010 real, beira-rio); cinza com acostamento rural, sem passeio.
A7: Rua José Pereira de Amorim | B7: 56.5 | C7: Não pavimentada | D7: 0 | E7: =ROUND(B7*D7,1) -> 0 | F7: =B7-E7 -> 56.5 | G7: 12 | H7: mediana da planta | I7: 8 | J7: =ROUND(F7*I7,0) -> 452 | K7: alta | L7: Sim (maioria) | M7: 1 | N7: 1 | O7: 1 ponto(s): 1 SV + 0 satélite (saibro) | P7: medida (traçado) | Q7: Areia/bege no satelite (hz_18355_O/18395_O).
A8: Rua Trinta e Três | B8: 154.7 | C8: Não pavimentada | D8: 0 | E8: =ROUND(B8*D8,1) -> 0 | F8: =B8-E8 -> 154.7 | G8: 12 | H8: mediana da planta | I8: 8 | J8: =ROUND(F8*I8,0) -> 1238 | K8: alta | L8: Parcial | M8: 0.5 | N8: 1 | O8: 1 ponto(s): 1 SV + 0 satélite (saibro) | P8: medida (traçado) | Q8: Areia/bege no satelite (hz_18355_O/18395_O).
A9: Rua José Bonomo | B9: 198.5 | C9: Não pavimentada | D9: 0 | E9: =ROUND(B9*D9,1) -> 0 | F9: =B9-E9 -> 198.5 | G9: 12 | H9: mediana da planta | I9: 8 | J9: =ROUND(F9*I9,0) -> 1588 | K9: alta | L9: Não avaliável | M9: — | N9: 1 | O9: 1 ponto(s): 1 SV + 0 satélite (saibro) | P9: medida (traçado) | Q9: Areia/bege no satelite (hz_18355_O/18395_O).
A10: Rua Elis Regina | B10: 350.9 | C10: Não pavimentada | D10: 0 | E10: =ROUND(B10*D10,1) -> 0 | F10: =B10-E10 -> 350.9 | G10: 12 | H10: mediana da planta | I10: 8 | J10: =ROUND(F10*I10,0) -> 2807 | K10: alta | L10: Não | M10: 0 | N10: 1 | O10: 1 ponto(s): 1 SV + 0 satélite (saibro) | P10: medida (traçado) | Q10: Trilha de areia; trecho sul pouco definido em meio a pasto.
A11: ES-010 | B11: 287.2 | C11: Não pavimentada | D11: 0 | E11: =ROUND(B11*D11,1) -> 0 | F11: =B11-E11 -> 287.2 | G11: 12 | H11: mediana da planta | I11: 8 | J11: =ROUND(F11*I11,0) -> 2298 | K11: alta | L11: Não | M11: 0 | N11: 1 | O11: 1 ponto(s): 1 SV + 0 satélite (saibro) | P11: medida (traçado) | Q11: Way OSM nomeada ES-010 porem residencial/dirt: e via de areia paralela a estrada asfaltada; nome enganoso.
A12: Rua Rafael Barbosa Brahin | B12: 530.2 | C12: Não pavimentada | D12: 0 | E12: =ROUND(B12*D12,1) -> 0 | F12: =B12-E12 -> 530.2 | G12: 12 | H12: mediana da planta | I12: 8 | J12: =ROUND(F12*I12,0) -> 4242 | K12: média | L12: Parcial | M12: 0.5 | N12: 1 | O12: 1 ponto(s): 1 SV + 0 satélite (areia) | P12: medida (traçado) | Q12: Areia na faixa edificada junto a estrada.
A13: (sem nome) | B13: 108.3 | C13: Não pavimentada | D13: 0 | E13: =ROUND(B13*D13,1) -> 0 | F13: =B13-E13 -> 108.3 | G13: 12 | H13: mediana da planta | I13: 8 | J13: =ROUND(F13*I13,0) -> 866 | K13: alta | L13: Não | M13: 0 | N13: 1 | O13: 1 ponto(s): 1 SV + 0 satélite (areia) | P13: medida (traçado) | Q13: Areia/bege no satelite (hz_18355_O/18395_O).
A14: Leôncio Medeiros | B14: 103.5 | C14: Não pavimentada | D14: 0 | E14: =ROUND(B14*D14,1) -> 0 | F14: =B14-E14 -> 103.5 | G14: 12 | H14: quadro/legenda da planta | I14: 8 | J14: =ROUND(F14*I14,0) -> 828 | K14: alta | L14: Não | M14: 0 | N14: 1 | O14: 1 ponto(s): 1 SV + 0 satélite (areia) | P14: medida (traçado) | Q14: Areia/bege no satelite (hz_18355_O/18395_O).
A15: TOTAL | B15: =SUM(B6:B14) -> 1995.2 | D15: =IF(B15=0,0,E15/B15) -> 0 | E15: =SUM(E6:E14) -> 0 | F15: =SUM(F6:F14) -> 1995.2 | J15: =SUM(J6:J14) -> 15962
A17: Falta pavimentar — pista (m²), larguras da planta: | D17: =J15 -> 15962 | F17: soma da coluna J (falta × largura de pista de cada via)
A18: Falta pavimentar — pista (m²), premissa única de 8 m: | D18: =F15*8 -> 15961.6 | F18: base de comparação com a versão anterior do levantamento
A19: Vias não abertas incluídas no total (m): | D19: 0 | F19: constam na planta, sem abertura visível; contam como obra a executar
A20: Passeio (calçada) existente: | D20: 0.22 | F20: 8 ponto(s) do Street View
A21: Passeio faltante (m de via aberta): | D21: =(B15-D19)*(1-D20) -> 1556.256 | F21: metros de VIA sem calçada completa nos dois lados (não é metro linear de calçada)
A22: Passeio faltante (m²): | D22: =ROUND(D21*4,0) -> 6225 | F22: 4.00 m² de calçada por metro de via (dois lados, larguras da planta)
A23: Pontos verificados — em vias nomeadas: | D23: 9
A24: Pontos verificados — na malha física sem nome no mapa: | D24: 0 | F24: verificados e usados na taxa do loteamento; ver aba Pontos auditados
A25: Pavimento sobre metragem medida (m): | D25: 0
A26: Pavimento sobre metragem só de planta (m): | D26: 0 | F26: sem traçado medido — existência a confirmar em campo

Sheet 39 Central
A1: Loteamento Central — planta nº 39
A2: Proprietário/empreendedor: Kajuzal Camping | Matrícula: 16.104 (25/11/2003) | Área oficial: 124.388 m²
A3: Pontos verificados neste loteamento: 10 (10 atribuídos a vias nomeadas + 0 na malha física sem nome no mapa). Metragem com traçado medido: 3.725 m; só de planta: 0 m. Todos os pontos estão listados na aba 'Pontos auditados'.
A5: Rua / via | B5: Extensão da via (m) | C5: Situação da pista | D5: % pista pavimentada | E5: Pavimentado (m) | F5: Falta pavimentar (m) | G5: Caixa de via — planta (m) | H5: Origem da largura | I5: Largura de pista adotada (m) | J5: Falta pavimentar (m²) | K5: Confiança | L5: Passeio (calçada) | M5: % passeio (via) | N5: Pontos próprios | O5: Origem da classificação | P5: Metragem | Q5: Observações
A6: Avenida Esbertalina Barbosa Damiani | B6: 294.6 | C6: Pavimentada | D6: 1 | E6: =ROUND(B6*D6,1) -> 294.6 | F6: =B6-E6 -> 0 | G6: 12 | H6: moda da ilha (12 m) | I6: 8 | J6: =ROUND(F6*I6,0) -> 0 | K6: alta | L6: Sim (maioria) | M6: 1 | N6: 1 | O6: 1 ponto(s): 1 SV + 0 satélite (bloquete) | P6: medida (traçado) | Q6: limite oeste na planta (leste geografico); cinza em hz_18475_L | corrigido por SV
A7: Rua Álvaro Leal Calmon | B7: 282.9 | C7: Não pavimentada | D7: 0 | E7: =ROUND(B7*D7,1) -> 0 | F7: =B7-E7 -> 282.9 | G7: 12 | H7: moda da ilha (12 m) | I7: 8 | J7: =ROUND(F7*I7,0) -> 2263 | K7: alta | L7: Não | M7: 0 | N7: 1 | O7: 1 ponto(s): 1 SV + 0 satélite (areia) | P7: medida (traçado) | Q7: via N-S bege/areia (hz_18475_L)
A8: Rua Odílio Nico | B8: 282.7 | C8: Não pavimentada | D8: 0 | E8: =ROUND(B8*D8,1) -> 0 | F8: =B8-E8 -> 282.7 | G8: 12 | H8: moda da ilha (12 m) | I8: 8 | J8: =ROUND(F8*I8,0) -> 2262 | K8: alta | L8: Não | M8: 0 | N8: 1 | O8: 1 ponto(s): 1 SV + 0 satélite (areia) | P8: medida (traçado) | Q8: via N-S bege/areia (hz_18475_L)
A9: Rua Oldemar Faria Santos | B9: 281.9 | C9: Não pavimentada | D9: 0 | E9: =ROUND(B9*D9,1) -> 0 | F9: =B9-E9 -> 281.9 | G9: 12 | H9: moda da ilha (12 m) | I9: 8 | J9: =ROUND(F9*I9,0) -> 2255 | K9: alta | L9: Parcial | M9: 0.5 | N9: 1 | O9: 1 ponto(s): 1 SV + 0 satélite (areia) | P9: medida (traçado) | Q9: via N-S bege/areia (hz_18475_L)
A10: Darcy Natalino Formigoni | B10: 282.4 | C10: Não pavimentada | D10: 0 | E10: =ROUND(B10*D10,1) -> 0 | F10: =B10-E10 -> 282.4 | G10: 12 | H10: moda da ilha (12 m) | I10: 8 | J10: =ROUND(F10*I10,0) -> 2259 | K10: alta | L10: Não | M10: 0 | N10: 1 | O10: 1 ponto(s): 1 SV + 0 satélite (areia) | P10: medida (traçado) | Q10: via N-S bege/areia (hz_18475_L)
A11: Rua Adriana Barbosa Caran | B11: 296.5 | C11: Parcial | D11: 0.09 | E11: =ROUND(B11*D11,1) -> 26.7 | F11: =B11-E11 -> 269.8 | G11: 12 | H11: moda da ilha (12 m) | I11: 8 | J11: =ROUND(F11*I11,0) -> 2158 | K11: baixa | L11: Não avaliável | M11: — | N11: 0 | O11: trecho curto sem ponto próprio — adotada a situação da mesma via (nome próprio, loteamento contíguo) em 5 ponto(s): p10=100%, p15=0%, p25=0%, p31=0%, p47=0% | P11: medida (traçado) | Q11: via N-S bege/areia (hz_18475_L)
A12: Rua VII | B12: 296.6 | C12: Não pavimentada | D12: 0 | E12: =ROUND(B12*D12,1) -> 0 | F12: =B12-E12 -> 296.6 | G12: 12 | H12: moda da ilha (12 m) | I12: 8 | J12: =ROUND(F12*I12,0) -> 2373 | K12: alta | L12: Não | M12: 0 | N12: 1 | O12: 1 ponto(s): 1 SV + 0 satélite (areia) | P12: medida (traçado) | Q12: via N-S bege/areia (hz_18475_L)
A13: Rua Albino Negris | B13: 296.6 | C13: Não pavimentada | D13: 0 | E13: =ROUND(B13*D13,1) -> 0 | F13: =B13-E13 -> 296.6 | G13: 12 | H13: moda da ilha (12 m) | I13: 8 | J13: =ROUND(F13*I13,0) -> 2373 | K13: alta | L13: Não | M13: 0 | N13: 1 | O13: 1 ponto(s): 1 SV + 0 satélite (areia) | P13: medida (traçado) | Q13: via N-S bege/areia (hz_18475_L)
A14: Elisa Maria Ditthz de Abreu Costa | B14: 142.3 | C14: Não pavimentada | D14: 0 | E14: =ROUND(B14*D14,1) -> 0 | F14: =B14-E14 -> 142.3 | G14: 12 | H14: moda da ilha (12 m) | I14: 8 | J14: =ROUND(F14*I14,0) -> 1138 | K14: alta | L14: Não | M14: 0 | N14: 1 | O14: 1 ponto(s): 1 SV + 0 satélite (areia) | P14: medida (traçado) | Q14: via N-S bege/areia (hz_18475_L)
A15: Rua Mururici | B15: 246.9 | C15: Parcial | D15: 0.43 | E15: =ROUND(B15*D15,1) -> 106.2 | F15: =B15-E15 -> 140.7 | G15: 12 | H15: moda da ilha (12 m) | I15: 8 | J15: =ROUND(F15*I15,0) -> 1126 | K15: baixa | L15: Não avaliável | M15: — | N15: 0 | O15: trecho curto sem ponto próprio — adotada a situação da mesma via (nome próprio, loteamento contíguo) em 3 ponto(s): p25=0%, p31=100%, p7=0% | P15: medida (traçado) | Q15: limite norte; bege/areia
A16: Rua Barra de São Francisco | B16: 492.7 | C16: Não pavimentada | D16: 0 | E16: =ROUND(B16*D16,1) -> 0 | F16: =B16-E16 -> 492.7 | G16: 12 | H16: moda da ilha (12 m) | I16: 8 | J16: =ROUND(F16*I16,0) -> 3942 | K16: média | L16: Não | M16: 0 | N16: 1 | O16: 1 ponto(s): 1 SV + 0 satélite (areia) | P16: medida (traçado) | Q16: limite sul; bege/areia (hz_18475_L)
A17: Rua São Daniel Comboni | B17: 123.5 | C17: Não pavimentada | D17: 0 | E17: =ROUND(B17*D17,1) -> 0 | F17: =B17-E17 -> 123.5 | G17: 12 | H17: moda da ilha (12 m) | I17: 8 | J17: =ROUND(F17*I17,0) -> 988 | K17: média | L17: Não avaliável | M17: — | N17: 0 | O17: trecho curto sem ponto próprio — adotada a situação da mesma via (nome próprio, loteamento contíguo) em 1 ponto(s): p25=0% | P17: medida (traçado) | Q17: transversal central (=Rua Colatina da planta); bege/areia
A18: Rua São Daniel Camboni | B18: 371.4 | C18: Não pavimentada | D18: 0 | E18: =ROUND(B18*D18,1) -> 0 | F18: =B18-E18 -> 371.4 | G18: 12 | H18: moda da ilha (12 m) | I18: 8 | J18: =ROUND(F18*I18,0) -> 2971 | K18: alta | L18: Parcial | M18: 0.5 | N18: 1 | O18: 1 ponto(s): 1 SV + 0 satélite (areia) | P18: medida (traçado) | Q18: mesmo eixo transversal central, grafia OSM do trecho leste; bege/areia
A19: Rua Daniel Camboni | B19: 5.3 | C19: Pavimentada | D19: 1 | E19: =ROUND(B19*D19,1) -> 5.3 | F19: =B19-E19 -> 0 | G19: 12 | H19: moda da ilha (12 m) | I19: 8 | J19: =ROUND(F19*I19,0) -> 0 | K19: média | L19: Não avaliável | M19: — | N19: 0 | O19: trecho curto sem ponto próprio — adotada a situação da mesma via (nome próprio, loteamento contíguo) em 1 ponto(s): p7=100% | P19: medida (traçado) | Q19: fragmento de 5 m do mesmo eixo de areia junto a Esbertalina
A20: (sem nome) | B20: 29 | C20: Parcial | D20: 0.09 | E20: =ROUND(B20*D20,1) -> 2.6 | F20: =B20-E20 -> 26.4 | G20: 12 | H20: moda da ilha (12 m) | I20: 8 | J20: =ROUND(F20*I20,0) -> 211 | K20: baixa | L20: Não avaliável | M20: — | N20: 0 | O20: sem ponto próprio — taxa agregada da malha física auditada do loteamento | P20: medida (traçado) | Q20: 29 m de links sem tag no cruzamento com a Av. Esbertalina; assumidos como parte do corredor pavimentado
A21: TOTAL | B21: =SUM(B6:B20) -> 3725.3 | D21: =IF(B21=0,0,E21/B21) -> 0.11687649 | E21: =SUM(E6:E20) -> 435.4 | F21: =SUM(F6:F20) -> 3289.9 | J21: =SUM(J6:J20) -> 26319
A23: Falta pavimentar — pista (m²), larguras da planta: | D23: =J21 -> 26319 | F23: soma da coluna J (falta × largura de pista de cada via)
A24: Falta pavimentar — pista (m²), premissa única de 8 m: | D24: =F21*8 -> 26319.2 | F24: base de comparação com a versão anterior do levantamento
A25: Vias não abertas incluídas no total (m): | D25: 0 | F25: constam na planta, sem abertura visível; contam como obra a executar
A26: Passeio (calçada) existente: | D26: 0.2 | F26: 10 ponto(s) do Street View
A27: Passeio faltante (m de via aberta): | D27: =(B21-D25)*(1-D26) -> 2980.24 | F27: metros de VIA sem calçada completa nos dois lados (não é metro linear de calçada)
A28: Passeio faltante (m²): | D28: =ROUND(D27*4,0) -> 11921 | F28: 4.00 m² de calçada por metro de via (dois lados, larguras da planta)
A29: Pontos verificados — em vias nomeadas: | D29: 10
A30: Pontos verificados — na malha física sem nome no mapa: | D30: 0 | F30: verificados e usados na taxa do loteamento; ver aba Pontos auditados
A31: Pavimento sobre metragem medida (m): | D31: 435
A32: Pavimento sobre metragem só de planta (m): | D32: 0 | F32: sem traçado medido — existência a confirmar em campo

Sheet 42 Res. Bom Jesus
A1: Loteamento Residencial Bom Jesus — planta nº 42
A2: Proprietário/empreendedor: Kajuzal Camping | Matrícula: 15.989 (23/12/2003) | Área oficial: 1.089.673 m²
A3: Pontos verificados neste loteamento: 70 (70 atribuídos a vias nomeadas + 0 na malha física sem nome no mapa). Metragem com traçado medido: 21.624 m; só de planta: 2.076 m. Todos os pontos estão listados na aba 'Pontos auditados'.
A5: Rua / via | B5: Extensão da via (m) | C5: Situação da pista | D5: % pista pavimentada | E5: Pavimentado (m) | F5: Falta pavimentar (m) | G5: Caixa de via — planta (m) | H5: Origem da largura | I5: Largura de pista adotada (m) | J5: Falta pavimentar (m²) | K5: Confiança | L5: Passeio (calçada) | M5: % passeio (via) | N5: Pontos próprios | O5: Origem da classificação | P5: Metragem | Q5: Observações
A6: Rua Macapá | B6: 354.3 | C6: Não pavimentada | D6: 0 | E6: =ROUND(B6*D6,1) -> 0 | F6: =B6-E6 -> 354.3 | G6: 12 | H6: quadro/legenda da planta | I6: 8 | J6: =ROUND(F6*I6,0) -> 2834 | K6: média | L6: Não avaliável | M6: — | N6: 1 | O6: 1 ponto(s): 0 SV + 1 satélite (areia) | P6: medida (traçado) | Q6: aberta so no trecho leste da Av. Esbertalina ate a orla (~350-500 m); metade oeste em mata (faixa entre p35 e p42) | corrigido por SV
A7: Rua Belém | B7: 759.3 | C7: Pavimentada | D7: 1 | E7: =ROUND(B7*D7,1) -> 759.3 | F7: =B7-E7 -> 0 | G7: 12 | H7: quadro/legenda da planta | I7: 8 | J7: =ROUND(F7*I7,0) -> 0 | K7: alta | L7: Não | M7: 0 | N7: 3 | O7: 3 ponto(s): 2 SV + 1 satélite (bloquete) | P7: medida (traçado) | Q7: aberta da R. Sao Paulo para leste (~760 m); extremo oeste nao aberto (mata) | corrigido por SV
A8: Rua João Pessoa | B8: 1259.9 | C8: Pavimentada | D8: 1 | E8: =ROUND(B8*D8,1) -> 1259.9 | F8: =B8-E8 -> 0 | G8: 12 | H8: quadro/legenda da planta | I8: 8 | J8: =ROUND(F8*I8,0) -> 0 | K8: alta | L8: Não | M8: 0 | N8: 4 | O8: 4 ponto(s): 4 SV + 0 satélite (bloquete) | P8: medida (traçado) | Q8: aberta em areia por toda a largura (Porto Velho ate Conceicao da Barra) | corrigido por SV
A9: Rua Maceió | B9: 1258.8 | C9: Pavimentada | D9: 1 | E9: =ROUND(B9*D9,1) -> 1258.8 | F9: =B9-E9 -> 0 | G9: 12 | H9: quadro/legenda da planta | I9: 8 | J9: =ROUND(F9*I9,0) -> 0 | K9: alta | L9: Não | M9: 0 | N9: 4 | O9: 4 ponto(s): 1 SV + 3 satélite (bloquete) | P9: medida (traçado) | Q9: aberta em areia por toda a largura | corrigido por SV
A10: Rua Natal | B10: 1261 | C10: Pavimentada | D10: 1 | E10: =ROUND(B10*D10,1) -> 1261 | F10: =B10-E10 -> 0 | G10: 12 | H10: quadro/legenda da planta | I10: 8 | J10: =ROUND(F10*I10,0) -> 0 | K10: alta | L10: Não | M10: 0 | N10: 4 | O10: 4 ponto(s): 1 SV + 3 satélite (bloquete) | P10: medida (traçado) | Q10: aberta em areia por toda a largura | corrigido por SV
A11: Rua Recife | B11: 1261 | C11: Pavimentada | D11: 1 | E11: =ROUND(B11*D11,1) -> 1261 | F11: =B11-E11 -> 0 | G11: 12 | H11: quadro/legenda da planta | I11: 8 | J11: =ROUND(F11*I11,0) -> 0 | K11: alta | L11: Parcial | M11: 0.25 | N11: 4 | O11: 4 ponto(s): 2 SV + 2 satélite (bloquete) | P11: medida (traçado) | Q11: aberta em areia por toda a largura | corrigido por SV
A12: Rua Cuiabá | B12: 1006.8 | C12: Parcial | D12: 0.75 | E12: =ROUND(B12*D12,1) -> 755.1 | F12: =B12-E12 -> 251.7 | G12: 12 | H12: quadro/legenda da planta | I12: 8 | J12: =ROUND(F12*I12,0) -> 2014 | K12: alta | L12: Não | M12: 0 | N12: 4 | O12: 4 ponto(s): 2 SV + 2 satélite (areia, bloquete) | P12: medida (traçado) | Q12: aberta em areia por toda a largura | corrigido por SV
A13: Rua Salvador | B13: 1386.2 | C13: Pavimentada | D13: 1 | E13: =ROUND(B13*D13,1) -> 1386.2 | F13: =B13-E13 -> 0 | G13: 12 | H13: quadro/legenda da planta | I13: 8 | J13: =ROUND(F13*I13,0) -> 0 | K13: alta | L13: Parcial | M13: 0.25 | N13: 4 | O13: 4 ponto(s): 2 SV + 2 satélite (bloquete) | P13: medida (traçado) | Q13: aberta em areia; trecho leste com boa ocupacao | corrigido por SV
A14: Rua Vitória | B14: 1385.6 | C14: Pavimentada | D14: 1 | E14: =ROUND(B14*D14,1) -> 1385.6 | F14: =B14-E14 -> 0 | G14: 12 | H14: quadro/legenda da planta | I14: 8 | J14: =ROUND(F14*I14,0) -> 0 | K14: alta | L14: Não | M14: 0 | N14: 4 | O14: 4 ponto(s): 4 SV + 0 satélite (bloquete) | P14: medida (traçado) | Q14: aberta em areia; trecho leste denso (Recanto dos Pioneiros) | corrigido por SV
A15: Rua Brasília | B15: 1384 | C15: Parcial | D15: 0.75 | E15: =ROUND(B15*D15,1) -> 1038 | F15: =B15-E15 -> 346 | G15: 12 | H15: quadro/legenda da planta | I15: 8 | J15: =ROUND(F15*I15,0) -> 2768 | K15: alta | L15: Parcial | M15: 0.38 | N15: 4 | O15: 4 ponto(s): 4 SV + 0 satélite (areia, bloquete) | P15: medida (traçado) | Q15: aberta em areia por toda a largura | corrigido por SV
A16: Rua Campo Grande | B16: 1403.6 | C16: Parcial | D16: 0.75 | E16: =ROUND(B16*D16,1) -> 1052.7 | F16: =B16-E16 -> 350.9 | G16: 12 | H16: quadro/legenda da planta | I16: 8 | J16: =ROUND(F16*I16,0) -> 2807 | K16: alta | L16: Parcial | M16: 0.38 | N16: 4 | O16: 4 ponto(s): 4 SV + 0 satélite (areia, bloquete) | P16: medida (traçado) | Q16: aberta em areia por toda a largura | corrigido por SV
A17: Rua Curitiba | B17: 1013.2 | C17: Parcial | D17: 0.67 | E17: =ROUND(B17*D17,1) -> 678.8 | F17: =B17-E17 -> 334.4 | G17: 12 | H17: quadro/legenda da planta | I17: 8 | J17: =ROUND(F17*I17,0) -> 2675 | K17: alta | L17: Parcial | M17: 0.5 | N17: 3 | O17: 3 ponto(s): 1 SV + 2 satélite (areia, bloquete) | P17: medida (traçado) | Q17: aberta em areia; so existe a oeste da Av. Esbertalina (OSM 1.013 m; a leste ficam as quadras do Camurupin Clube) | corrigido por SV
A18: Rua Florianópolis | B18: 1391.8 | C18: Parcial | D18: 0.75 | E18: =ROUND(B18*D18,1) -> 1043.9 | F18: =B18-E18 -> 347.9 | G18: 12 | H18: quadro/legenda da planta | I18: 8 | J18: =ROUND(F18*I18,0) -> 2783 | K18: alta | L18: Parcial | M18: 0.25 | N18: 4 | O18: 4 ponto(s): 4 SV + 0 satélite (areia, bloquete) | P18: medida (traçado) | Q18: OSM tem way tertiary 'paved'; satelite mostra leito de areia na maior parte, com possivel trecho cinzento curto no acesso leste (Camurupin/orla); estimado 20% pavimentado | corrigido por SV
... A22: Rua Belo Horizonte | B22: 684.1 | C22: Pavimentada | D22: 1 | E22: =ROUND(B22*D22,1) -> 684.1 | F22: =B22-E22 -> 0 | G22: 12 | H22: quadro/legenda da planta | I22: 8 | J22: =ROUND(F22*I22,0) -> 0 | K22: alta | L22: Não | M22: 0 | N22: 2 | O22: 2 ponto(s): 1 SV + 1 satélite (bloquete) | P22: medida (traçado) | Q22: longitudinal N-S (~lon -39.755): aberta em areia, trecho central com falhas/vegetacao | corrigido por SV
A23: Rua São Paulo | B23: 674.2 | C23: Pavimentada | D23: 1 | E23: =ROUND(B23*D23,1) -> 674.2 | F23: =B23-E23 -> 0 | G23: 12 | H23: quadro/legenda da planta | I23: 8 | J23: =ROUND(F23*I23,0) -> 0 | K23: média | L23: Não avaliável | M23: — | N23: 1 | O23: 1 ponto(s): 0 SV + 1 satélite (bloquete) | P23: medida (traçado) | Q23: longitudinal aberta em areia (OSM 674 m, metade sul) | corrigido por SV
A24: Rua Rio de Janeiro | B24: 753.4 | C24: Pavimentada | D24: 1 | E24: =ROUND(B24*D24,1) -> 753.4 | F24: =B24-E24 -> 0 | G24: 12 | H24: quadro/legenda da planta | I24: 8 | J24: =ROUND(F24*I24,0) -> 0 | K24: alta | L24: Não | M24: 0 | N24: 2 | O24: 2 ponto(s): 1 SV + 1 satélite (bloquete) | P24: medida (traçado) | Q24: longitudinal aberta em areia por toda a extensao (~760 m) | corrigido por SV
A25: (sem nome) | B25: 1258.2 | C25: Parcial | D25: 0.43 | E25: =ROUND(B25*D25,1) -> 541 | F25: =B25-E25 -> 717.2 | G25: 12 | H25: mediana da planta | I25: 8 | J25: =ROUND(F25*I25,0) -> 5738 | K25: alta | L25: Parcial | M25: 0.36 | N25: 12 | O25: 12 ponto(s): 9 SV + 3 satélite (areia, bloquete) | P25: medida (traçado) | Q25: 2.628 m em 9 ways: inclui a RUA PORTO ALEGRE e trechos nao nomeados; nao somar em dobro com as entradas de planta abaixo | reduzido 1.370 m (Rua Porto Alegre listada em separado)
A26: RUA PORTO ALEGRE | B26: 1370 | C26: Parcial | D26: 0.84 | E26: =ROUND(B26*D26,1) -> 1150.8 | F26: =B26-E26 -> 219.2 | G26: 12 | H26: quadro/legenda da planta | I26: 8 | J26: =ROUND(F26*I26,0) -> 1754 | K26: baixa | L26: Não avaliável | M26: — | N26: 0 | O26: sem ponto próprio — taxa agregada da malha física auditada do loteamento | P26: planta (não medida) | Q26: transversal sul (divisa com o Bosque da Praia, ~lat -18.7741): aberta em areia por ~1,3 km (hz_18730)
A27: RUA PORTO VELHO | B27: 706 | C27: Parcial | D27: 0.84 | E27: =ROUND(B27*D27,1) -> 593 | F27: =B27-E27 -> 113 | G27: 12 | H27: mediana da planta | I27: 8 | J27: =ROUND(F27*I27,0) -> 904 | K27: baixa | L27: Não avaliável | M27: — | N27: 0 | O27: sem ponto próprio — taxa agregada da malha física auditada do loteamento | P27: planta (não medida) | Q27: longitudinal oeste: aberta em areia (OSM 706 m, mas os ways cairam ~10 m fora do poligono na medicao)
A28: TOTAL | B28: =SUM(B6:B27) -> 23700.1 | D28: =IF(B28=0,0,E28/B28) -> 0.87195835 | E28: =SUM(E6:E27) -> 20665.5 | F28: =SUM(F6:F27) -> 3034.6 | J28: =SUM(J6:J27) -> 24277
A30: Falta pavimentar — pista (m²), larguras da planta: | D30: =J28 -> 24277 | F30: soma da coluna J (falta × largura de pista de cada via)
A31: Falta pavimentar — pista (m²), premissa única de 8 m: | D31: =F28*8 -> 24276.8 | F31: base de comparação com a versão anterior do levantamento
A32: Vias não abertas incluídas no total (m): | D32: 0 | F32: constam na planta, sem abertura visível; contam como obra a executar
A33: Passeio (calçada) existente: | D33: 0.23 | F33: 48 ponto(s) do Street View
A34: Passeio faltante (m de via aberta): | D34: =(B28-D32)*(1-D33) -> 18249.077 | F34: metros de VIA sem calçada completa nos dois lados (não é metro linear de calçada)
A35: Passeio faltante (m²): | D35: =ROUND(D34*4.066,0) -> 74201 | F35: 4.07 m² de calçada por metro de via (dois lados, larguras da planta)
A36: Pontos verificados — em vias nomeadas: | D36: 70
A37: Pontos verificados — na malha física sem nome no mapa: | D37: 0 | F37: verificados e usados na taxa do loteamento; ver aba Pontos auditados
A38: Pavimento sobre metragem medida (m): | D38: 18922
A39: Pavimento sobre metragem só de planta (m): | D39: 1744 | F39: sem traçado medido — existência a confirmar em campo

Sheet 47 Praiano
A1: Loteamento Praiano — planta nº 47
A2: Proprietário/empreendedor: Praiano Guriri Clube | Matrícula: 10.725 | Área oficial: 96.800 m²
A3: Pontos verificados neste loteamento: 15 (15 atribuídos a vias nomeadas + 0 na malha física sem nome no mapa). Metragem com traçado medido: 2.612 m; só de planta: 0 m. Todos os pontos estão listados na aba 'Pontos auditados'.
A5: Rua / via | B5: Extensão da via (m) | C5: Situação da pista | D5: % pista pavimentada | E5: Pavimentado (m) | F5: Falta pavimentar (m) | G5: Caixa de via — planta (m) | H5: Origem da largura | I5: Largura de pista adotada (m) | J5: Falta pavimentar (m²) | K5: Confiança | L5: Passeio (calçada) | M5: % passeio (via) | N5: Pontos próprios | O5: Origem da classificação | P5: Metragem | Q5: Observações
A6: Avenida Esbertalina Barbosa Damiani | B6: 173.9 | C6: Pavimentada | D6: 1 | E6: =ROUND(B6*D6,1) -> 173.9 | F6: =B6-E6 -> 0 | G6: 20 | H6: quadro/legenda da planta | I6: 15 | J6: =ROUND(F6*I6,0) -> 0 | K6: alta | L6: Não | M6: 0 | N6: 1 | O6: 1 ponto(s): 1 SV + 0 satélite (bloquete) | P6: medida (traçado) | Q6: divisa leste (20 m na planta); cinza em hz_18475/18515 | corrigido por SV
A7: Avenida Esbertalina B. Damiani | B7: 92.8 | C7: Parcial | D7: 0.9 | E7: =ROUND(B7*D7,1) -> 83.5 | F7: =B7-E7 -> 9.3 | G7: 12 | H7: mediana da planta | I7: 8 | J7: =ROUND(F7*I7,0) -> 74 | K7: baixa | L7: Não avaliável | M7: — | N7: 0 | O7: trecho curto sem ponto próprio — adotada a situação da mesma via (nome próprio, loteamento contíguo) em 10 ponto(s): p10=100%, p15=62%, p25=100%, p27=100%, p7=100% | P7: medida (traçado) | Q7: mesmo eixo pavimentado
A8: Elisa Maria Ditthz de Abreu Costa | B8: 183.9 | C8: Não pavimentada | D8: 0 | E8: =ROUND(B8*D8,1) -> 0 | F8: =B8-E8 -> 183.9 | G8: 12 | H8: mediana da planta | I8: 8 | J8: =ROUND(F8*I8,0) -> 1471 | K8: alta | L8: Não | M8: 0 | N8: 1 | O8: 1 ponto(s): 1 SV + 0 satélite (areia) | P8: medida (traçado) | Q8: via interna N-S bege/areia (hz_18475_L/18515_L)
A9: Rua Álvaro Leal Calmon | B9: 184.6 | C9: Não pavimentada | D9: 0 | E9: =ROUND(B9*D9,1) -> 0 | F9: =B9-E9 -> 184.6 | G9: 12 | H9: quadro/legenda da planta | I9: 8 | J9: =ROUND(F9*I9,0) -> 1477 | K9: alta | L9: Não | M9: 0 | N9: 1 | O9: 1 ponto(s): 1 SV + 0 satélite (areia) | P9: medida (traçado) | Q9: via interna N-S bege/areia (hz_18475_L/18515_L)
A10: Rua Odílio Nico | B10: 184.7 | C10: Não pavimentada | D10: 0 | E10: =ROUND(B10*D10,1) -> 0 | F10: =B10-E10 -> 184.7 | G10: 12 | H10: quadro/legenda da planta | I10: 8 | J10: =ROUND(F10*I10,0) -> 1478 | K10: alta | L10: Parcial | M10: 0.5 | N10: 1 | O10: 1 ponto(s): 1 SV + 0 satélite (areia) | P10: medida (traçado) | Q10: via interna N-S bege/areia (hz_18475_L/18515_L)
A11: Rua Oldemar Faria Santos | B11: 185.5 | C11: Não pavimentada | D11: 0 | E11: =ROUND(B11*D11,1) -> 0 | F11: =B11-E11 -> 185.5 | G11: 12 | H11: mediana da planta | I11: 8 | J11: =ROUND(F11*I11,0) -> 1484 | K11: alta | L11: Não | M11: 0 | N11: 1 | O11: 1 ponto(s): 1 SV + 0 satélite (areia) | P11: medida (traçado) | Q11: via interna N-S bege/areia (hz_18475_L/18515_L)
A12: Darcy Natalino Formigoni | B12: 184.9 | C12: Não pavimentada | D12: 0 | E12: =ROUND(B12*D12,1) -> 0 | F12: =B12-E12 -> 184.9 | G12: 12 | H12: quadro/legenda da planta | I12: 8 | J12: =ROUND(F12*I12,0) -> 1479 | K12: alta | L12: Parcial | M12: 0.5 | N12: 1 | O12: 1 ponto(s): 1 SV + 0 satélite (areia) | P12: medida (traçado) | Q12: via interna N-S bege/areia (hz_18475_L/18515_L)
A13: Rua Adriana Barbosa Caran | B13: 170.9 | C13: Não pavimentada | D13: 0 | E13: =ROUND(B13*D13,1) -> 0 | F13: =B13-E13 -> 170.9 | G13: 12 | H13: quadro/legenda da planta | I13: 8 | J13: =ROUND(F13*I13,0) -> 1367 | K13: alta | L13: Não | M13: 0 | N13: 1 | O13: 1 ponto(s): 1 SV + 0 satélite (areia) | P13: medida (traçado) | Q13: via interna N-S bege/areia (hz_18475_L/18515_L)
A14: Rua VII | B14: 171.9 | C14: Não pavimentada | D14: 0 | E14: =ROUND(B14*D14,1) -> 0 | F14: =B14-E14 -> 171.9 | G14: 12 | H14: mediana da planta | I14: 8 | J14: =ROUND(F14*I14,0) -> 1375 | K14: alta | L14: Sim (maioria) | M14: 1 | N14: 1 | O14: 1 ponto(s): 1 SV + 0 satélite (areia) | P14: medida (traçado) | Q14: via interna N-S bege/areia (hz_18475_L/18515_L); Rua VII = Prof. Amaro N. Mendes
A15: Rua Albino Negris | B15: 91.1 | C15: Não pavimentada | D15: 0 | E15: =ROUND(B15*D15,1) -> 0 | F15: =B15-E15 -> 91.1 | G15: 12 | H15: quadro/legenda da planta | I15: 8 | J15: =ROUND(F15*I15,0) -> 729 | K15: alta | L15: Não | M15: 0 | N15: 2 | O15: 2 ponto(s): 2 SV + 0 satélite (areia) | P15: medida (traçado) | Q15: via interna N-S bege/areia (hz_18475_L/18515_L)
A16: Raísa Bastos Magnago | B16: 92.2 | C16: Não pavimentada | D16: 0 | E16: =ROUND(B16*D16,1) -> 0 | F16: =B16-E16 -> 92.2 | G16: 12 | H16: mediana da planta | I16: 8 | J16: =ROUND(F16*I16,0) -> 738 | K16: alta | L16: Não | M16: 0 | N16: 1 | O16: 1 ponto(s): 1 SV + 0 satélite (areia) | P16: medida (traçado) | Q16: via interna N-S bege/areia (hz_18475_L/18515_L)
A17: Avenida Praiana | B17: 373.3 | C17: Não pavimentada | D17: 0 | E17: =ROUND(B17*D17,1) -> 0 | F17: =B17-E17 -> 373.3 | G17: 12 | H17: mediana da planta | I17: 8 | J17: =ROUND(F17*I17,0) -> 2986 | K17: média | L17: Não avaliável | M17: — | N17: 0 | O17: trecho curto sem ponto próprio — adotada a situação da mesma via (nome próprio, loteamento contíguo) em 1 ponto(s): p25=0% | P17: medida (traçado) | Q17: Av. Praiano da planta (20 m com canteiro); bege/areia em hz_18475/18515, canteiro nao pavimentado
A18: Rua Mantenópolis | B18: 441.6 | C18: Não pavimentada | D18: 0 | E18: =ROUND(B18*D18,1) -> 0 | F18: =B18-E18 -> 441.6 | G18: 12 | H18: quadro/legenda da planta | I18: 8 | J18: =ROUND(F18*I18,0) -> 3533 | K18: alta | L18: Parcial | M18: 0.25 | N18: 2 | O18: 2 ponto(s): 2 SV + 0 satélite (areia) | P18: medida (traçado) | Q18: divisa sul; bege/areia (hz_18515_L)
A19: Rua Barra de São Francisco | B19: 11.6 | C19: Não pavimentada | D19: 0 | E19: =ROUND(B19*D19,1) -> 0 | F19: =B19-E19 -> 11.6 | G19: 12 | H19: quadro/legenda da planta | I19: 8 | J19: =ROUND(F19*I19,0) -> 93 | K19: alta | L19: Parcial | M19: 0.5 | N19: 1 | O19: 1 ponto(s): 1 SV + 0 satélite (areia) | P19: medida (traçado) | Q19: toco de 12 m na divisa norte; corredor de areia
A20: (sem nome) | B20: 69.3 | C20: Não pavimentada | D20: 0 | E20: =ROUND(B20*D20,1) -> 0 | F20: =B20-E20 -> 69.3 | G20: 12 | H20: mediana da planta | I20: 8 | J20: =ROUND(F20*I20,0) -> 554 | K20: alta | L20: Não | M20: 0 | N20: 1 | O20: 1 ponto(s): 1 SV + 0 satélite (areia) | P20: medida (traçado) | Q20: 69 m residential sem tag; nenhum corredor cinza interno no poligono alem da Esbertalina
A21: TOTAL | B21: =SUM(B6:B20) -> 2612.2 | D21: =IF(B21=0,0,E21/B21) -> 0.098537631 | E21: =SUM(E6:E20) -> 257.4 | F21: =SUM(F6:F20) -> 2354.8 | J21: =SUM(J6:J20) -> 18838
A23: Falta pavimentar — pista (m²), larguras da planta: | D23: =J21 -> 18838 | F23: soma da coluna J (falta × largura de pista de cada via)
A24: Falta pavimentar — pista (m²), premissa única de 8 m: | D24: =F21*8 -> 18838.4 | F24: base de comparação com a versão anterior do levantamento
A25: Vias não abertas incluídas no total (m): | D25: 0 | F25: constam na planta, sem abertura visível; contam como obra a executar
A26: Passeio (calçada) existente: | D26: 0.21 | F26: 15 ponto(s) do Street View
A27: Passeio faltante (m de via aberta): | D27: =(B21-D25)*(1-D26) -> 2063.638 | F27: metros de VIA sem calçada completa nos dois lados (não é metro linear de calçada)
A28: Passeio faltante (m²): | D28: =ROUND(D27*4.067,0) -> 8393 | F28: 4.07 m² de calçada por metro de via (dois lados, larguras da planta)
A29: Pontos verificados — em vias nomeadas: | D29: 15
A30: Pontos verificados — na malha física sem nome no mapa: | D30: 0 | F30: verificados e usados na taxa do loteamento; ver aba Pontos auditados
A31: Pavimento sobre metragem medida (m): | D31: 257
A32: Pavimento sobre metragem só de planta (m): | D32: 0 | F32: sem traçado medido — existência a confirmar em campo

Sheet 49 Vale do Amazonas
A1: Loteamento Vale do Amazonas — planta nº 49
A2: Proprietário/empreendedor: Igor Vescovi Devens | Matrícula: 15.185 | Área oficial: 77.639 m²
A3: Pontos verificados neste loteamento: 4 (4 atribuídos a vias nomeadas + 0 na malha física sem nome no mapa). Metragem com traçado medido: 1.154 m; só de planta: 0 m. Todos os pontos estão listados na aba 'Pontos auditados'.
A5: Rua / via | B5: Extensão da via (m) | C5: Situação da pista | D5: % pista pavimentada | E5: Pavimentado (m) | F5: Falta pavimentar (m) | G5: Caixa de via — planta (m) | H5: Origem da largura | I5: Largura de pista adotada (m) | J5: Falta pavimentar (m²) | K5: Confiança | L5: Passeio (calçada) | M5: % passeio (via) | N5: Pontos próprios | O5: Origem da classificação | P5: Metragem | Q5: Observações
A6: Quinta Avenida | B6: 110 | C6: Não pavimentada | D6: 0 | E6: =ROUND(B6*D6,1) -> 0 | F6: =B6-E6 -> 110 | G6: 13.5 | H6: mediana da planta | I6: 9.5 | J6: =ROUND(F6*I6,0) -> 1045 | K6: alta | L6: Não | M6: 0 | N6: 1 | O6: 1 ponto(s): 1 SV + 0 satélite (areia) | P6: medida (traçado) | Q6: Areia/bege no satelite (hz_18355_O/18395_O).
A7: Avenida Homero Zordan | B7: 112.7 | C7: Não pavimentada | D7: 0 | E7: =ROUND(B7*D7,1) -> 0 | F7: =B7-E7 -> 112.7 | G7: 15 | H7: quadro/legenda da planta | I7: 11 | J7: =ROUND(F7*I7,0) -> 1240 | K7: alta | L7: Não | M7: 0 | N7: 1 | O7: 1 ponto(s): 1 SV + 0 satélite (areia) | P7: medida (traçado) | Q7: Areia/bege no satelite (hz_18355_O/18395_O).
A8: Rua Oswaldo Manoel Pimenta Ramos | B8: 469.2 | C8: Não pavimentada | D8: 0 | E8: =ROUND(B8*D8,1) -> 0 | F8: =B8-E8 -> 469.2 | G8: 13.5 | H8: mediana da planta | I8: 9.5 | J8: =ROUND(F8*I8,0) -> 4457 | K8: média | L8: Não | M8: 0 | N8: 1 | O8: 1 ponto(s): 1 SV + 0 satélite (areia) | P8: medida (traçado) | Q8: Areia; tracado em 3 trechos, partes oeste/sul pouco definidas com grama.
A9: Rua Gentil Otaviano Fundão Santos | B9: 462.5 | C9: Não pavimentada | D9: 0 | E9: =ROUND(B9*D9,1) -> 0 | F9: =B9-E9 -> 462.5 | G9: 12 | H9: quadro/legenda da planta | I9: 8 | J9: =ROUND(F9*I9,0) -> 3700 | K9: média | L9: Não | M9: 0 | N9: 1 | O9: 1 ponto(s): 1 SV + 0 satélite (areia) | P9: medida (traçado) | Q9: Areia; trechos fragmentados por vegetacao no lado oeste.
A10: TOTAL | B10: =SUM(B6:B9) -> 1154.4 | D10: =IF(B10=0,0,E10/B10) -> 0 | E10: =SUM(E6:E9) -> 0 | F10: =SUM(F6:F9) -> 1154.4 | J10: =SUM(J6:J9) -> 10442
A12: Falta pavimentar — pista (m²), larguras da planta: | D12: =J10 -> 10442 | F12: soma da coluna J (falta × largura de pista de cada via)
A13: Falta pavimentar — pista (m²), premissa única de 8 m: | D13: =F10*8 -> 9235.2 | F13: base de comparação com a versão anterior do levantamento
A14: Vias não abertas incluídas no total (m): | D14: 0 | F14: constam na planta, sem abertura visível; contam como obra a executar
A15: Passeio (calçada) existente: | D15: 0 | F15: 4 ponto(s) do Street View
A16: Passeio faltante (m de via aberta): | D16: =(B10-D14)*(1-D15) -> 1154.4 | F16: metros de VIA sem calçada completa nos dois lados (não é metro linear de calçada)
A17: Passeio faltante (m²): | D17: =ROUND(D16*4,0) -> 4618 | F17: 4.00 m² de calçada por metro de via (dois lados, larguras da planta)
A18: Pontos verificados — em vias nomeadas: | D18: 4
A19: Pontos verificados — na malha física sem nome no mapa: | D19: 0 | F19: verificados e usados na taxa do loteamento; ver aba Pontos auditados
A20: Pavimento sobre metragem medida (m): | D20: 0
A21: Pavimento sobre metragem só de planta (m): | D21: 0 | F21: sem traçado medido — existência a confirmar em campo

Sheet 50 Flor Pan
A1: Loteamento Flor Pan — planta nº 50
A2: Proprietário/empreendedor: Antonio Costa | Matrícula: 15.189 | Área oficial: 77.639 m²
A3: Pontos verificados neste loteamento: 9 (9 atribuídos a vias nomeadas + 0 na malha física sem nome no mapa). Metragem com traçado medido: 1.809 m; só de planta: 0 m. Todos os pontos estão listados na aba 'Pontos auditados'.
A5: Rua / via | B5: Extensão da via (m) | C5: Situação da pista | D5: % pista pavimentada | E5: Pavimentado (m) | F5: Falta pavimentar (m) | G5: Caixa de via — planta (m) | H5: Origem da largura | I5: Largura de pista adotada (m) | J5: Falta pavimentar (m²) | K5: Confiança | L5: Passeio (calçada) | M5: % passeio (via) | N5: Pontos próprios | O5: Origem da classificação | P5: Metragem | Q5: Observações
A6: Quinta Avenida | B6: 146 | C6: Não pavimentada | D6: 0 | E6: =ROUND(B6*D6,1) -> 0 | F6: =B6-E6 -> 146 | G6: 15 | H6: mediana da planta | I6: 11 | J6: =ROUND(F6*I6,0) -> 1606 | K6: alta | L6: Não | M6: 0 | N6: 1 | O6: 1 ponto(s): 1 SV + 0 satélite (areia) | P6: medida (traçado) | Q6: Areia/bege no satelite (hz_18355_O/18395_O).
A7: Avenida Homero Zordan | B7: 154.9 | C7: Não pavimentada | D7: 0 | E7: =ROUND(B7*D7,1) -> 0 | F7: =B7-E7 -> 154.9 | G7: 15 | H7: quadro/legenda da planta | I7: 11 | J7: =ROUND(F7*I7,0) -> 1704 | K7: alta | L7: Sim (maioria) | M7: 1 | N7: 1 | O7: 1 ponto(s): 1 SV + 0 satélite (areia) | P7: medida (traçado) | Q7: Areia/bege no satelite (hz_18355_O/18395_O).
A8: Rua Orestes Bigossi | B8: 541.2 | C8: Não pavimentada | D8: 0 | E8: =ROUND(B8*D8,1) -> 0 | F8: =B8-E8 -> 541.2 | G8: 15 | H8: mediana da planta | I8: 11 | J8: =ROUND(F8*I8,0) -> 5953 | K8: alta | L8: Parcial | M8: 0.25 | N8: 2 | O8: 2 ponto(s): 2 SV + 0 satélite (areia) | P8: medida (traçado) | Q8: Areia/bege no satelite (hz_18355_O/18395_O).
A9: (sem nome) | B9: 106 | C9: Não pavimentada | D9: 0 | E9: =ROUND(B9*D9,1) -> 0 | F9: =B9-E9 -> 106 | G9: 15 | H9: mediana da planta | I9: 11 | J9: =ROUND(F9*I9,0) -> 1166 | K9: alta | L9: Não | M9: 0 | N9: 2 | O9: 2 ponto(s): 2 SV + 0 satélite (areia) | P9: medida (traçado) | Q9: Areia/bege no satelite (hz_18355_O/18395_O).
A10: Plínio Borotto | B10: 25 | C10: Não pavimentada | D10: 0 | E10: =ROUND(B10*D10,1) -> 0 | F10: =B10-E10 -> 25 | G10: 15 | H10: mediana da planta | I10: 11 | J10: =ROUND(F10*I10,0) -> 275 | K10: alta | L10: Não | M10: 0 | N10: 1 | O10: 1 ponto(s): 1 SV + 0 satélite (areia) | P10: medida (traçado) | Q10: Areia/bege no satelite (hz_18355_O/18395_O).
A11: Rua Plínio Borotto | B11: 499.1 | C11: Não pavimentada | D11: 0 | E11: =ROUND(B11*D11,1) -> 0 | F11: =B11-E11 -> 499.1 | G11: 15 | H11: mediana da planta | I11: 11 | J11: =ROUND(F11*I11,0) -> 5490 | K11: média | L11: Parcial | M11: 0.5 | N11: 1 | O11: 1 ponto(s): 1 SV + 0 satélite (areia) | P11: medida (traçado) | Q11: Areia/bege no satelite (hz_18355_O/18395_O).
A12: Rua Maria Tezolin Carrafa | B12: 336.9 | C12: Não pavimentada | D12: 0 | E12: =ROUND(B12*D12,1) -> 0 | F12: =B12-E12 -> 336.9 | G12: 15 | H12: mediana da planta | I12: 11 | J12: =ROUND(F12*I12,0) -> 3706 | K12: alta | L12: Não | M12: 0 | N12: 1 | O12: 1 ponto(s): 1 SV + 0 satélite (areia) | P12: medida (traçado) | Q12: Areia/bege no satelite (hz_18355_O/18395_O).
A13: TOTAL | B13: =SUM(B6:B12) -> 1809.1 | D13: =IF(B13=0,0,E13/B13) -> 0 | E13: =SUM(E6:E12) -> 0 | F13: =SUM(F6:F12) -> 1809.1 | J13: =SUM(J6:J12) -> 19900
A15: Falta pavimentar — pista (m²), larguras da planta: | D15: =J13 -> 19900 | F15: soma da coluna J (falta × largura de pista de cada via)
A16: Falta pavimentar — pista (m²), premissa única de 8 m: | D16: =F13*8 -> 14472.8 | F16: base de comparação com a versão anterior do levantamento
A17: Vias não abertas incluídas no total (m): | D17: 0 | F17: constam na planta, sem abertura visível; contam como obra a executar
A18: Passeio (calçada) existente: | D18: 0.27 | F18: 9 ponto(s) do Street View
A19: Passeio faltante (m de via aberta): | D19: =(B13-D17)*(1-D18) -> 1320.643 | F19: metros de VIA sem calçada completa nos dois lados (não é metro linear de calçada)
A20: Passeio faltante (m²): | D20: =ROUND(D19*4,0) -> 5283 | F20: 4.00 m² de calçada por metro de via (dois lados, larguras da planta)
A21: Pontos verificados — em vias nomeadas: | D21: 9
A22: Pontos verificados — na malha física sem nome no mapa: | D22: 0 | F22: verificados e usados na taxa do loteamento; ver aba Pontos auditados
A23: Pavimento sobre metragem medida (m): | D23: 0
A24: Pavimento sobre metragem só de planta (m): | D24: 0 | F24: sem traçado medido — existência a confirmar em campo

Sheet 60 Res. Evidência
A1: Loteamento Residencial Evidência — planta nº 60
A2: Proprietário/empreendedor: Anildo Moreira Tavares | Matrícula: 9.497 | Área oficial: 138.514 m²
A3: Pontos verificados neste loteamento: 22 (22 atribuídos a vias nomeadas + 0 na malha física sem nome no mapa). Metragem com traçado medido: 3.885 m; só de planta: 0 m. Todos os pontos estão listados na aba 'Pontos auditados'.
A5: Rua / via | B5: Extensão da via (m) | C5: Situação da pista | D5: % pista pavimentada | E5: Pavimentado (m) | F5: Falta pavimentar (m) | G5: Caixa de via — planta (m) | H5: Origem da largura | I5: Largura de pista adotada (m) | J5: Falta pavimentar (m²) | K5: Confiança | L5: Passeio (calçada) | M5: % passeio (via) | N5: Pontos próprios | O5: Origem da classificação | P5: Metragem | Q5: Observações
A6: Rua Cajueiro | B6: 196.4 | C6: Não pavimentada | D6: 0 | E6: =ROUND(B6*D6,1) -> 0 | F6: =B6-E6 -> 196.4 | G6: 12 | H6: mediana da planta | I6: 8 | J6: =ROUND(F6*I6,0) -> 1571 | K6: alta | L6: Parcial | M6: 0.5 | N6: 1 | O6: 1 ponto(s): 1 SV + 0 satélite (saibro) | P6: medida (traçado) | Q6: areia clara no satelite (hz_18315_O)
A7: Rua Trinta e Nove | B7: 29 | C7: Não pavimentada | D7: 0 | E7: =ROUND(B7*D7,1) -> 0 | F7: =B7-E7 -> 29 | G7: 12 | H7: mediana da planta | I7: 8 | J7: =ROUND(F7*I7,0) -> 232 | K7: alta | L7: Não | M7: 0 | N7: 1 | O7: 1 ponto(s): 1 SV + 0 satélite (saibro) | P7: medida (traçado) | Q7: areia clara no satelite (hz_18315_O)
A8: Rua José Pereira de Amorim | B8: 255.7 | C8: Não pavimentada | D8: 0 | E8: =ROUND(B8*D8,1) -> 0 | F8: =B8-E8 -> 255.7 | G8: 12 | H8: mediana da planta | I8: 8 | J8: =ROUND(F8*I8,0) -> 2046 | K8: alta | L8: Parcial | M8: 0.5 | N8: 1 | O8: 1 ponto(s): 1 SV + 0 satélite (saibro) | P8: medida (traçado) | Q8: areia clara no satelite (hz_18315_O)
A9: Rua Edaval Pedro Barcello | B9: 168.7 | C9: Não pavimentada | D9: 0 | E9: =ROUND(B9*D9,1) -> 0 | F9: =B9-E9 -> 168.7 | G9: 12 | H9: mediana da planta | I9: 8 | J9: =ROUND(F9*I9,0) -> 1350 | K9: alta | L9: Não | M9: 0 | N9: 1 | O9: 1 ponto(s): 1 SV + 0 satélite (areia) | P9: medida (traçado) | Q9: areia clara no satelite (hz_18315_O)
A10: Rua Oswaldo Manoel Pimenta Ramos | B10: 81.1 | C10: Não pavimentada | D10: 0 | E10: =ROUND(B10*D10,1) -> 0 | F10: =B10-E10 -> 81.1 | G10: 12 | H10: mediana da planta | I10: 8 | J10: =ROUND(F10*I10,0) -> 649 | K10: alta | L10: Parcial | M10: 0.5 | N10: 1 | O10: 1 ponto(s): 1 SV + 0 satélite (areia) | P10: medida (traçado) | Q10: areia clara no satelite (hz_18315_O)
A11: Rua XXVII | B11: 103.5 | C11: Não pavimentada | D11: 0 | E11: =ROUND(B11*D11,1) -> 0 | F11: =B11-E11 -> 103.5 | G11: 12 | H11: mediana da planta | I11: 8 | J11: =ROUND(F11*I11,0) -> 828 | K11: alta | L11: Parcial | M11: 0.5 | N11: 1 | O11: 1 ponto(s): 1 SV + 0 satélite (areia) | P11: medida (traçado) | Q11: areia clara no satelite (hz_18315_O)
A12: Rua XXVIII | B12: 134.7 | C12: Não pavimentada | D12: 0 | E12: =ROUND(B12*D12,1) -> 0 | F12: =B12-E12 -> 134.7 | G12: 12 | H12: mediana da planta | I12: 8 | J12: =ROUND(F12*I12,0) -> 1078 | K12: alta | L12: Parcial | M12: 0.5 | N12: 1 | O12: 1 ponto(s): 1 SV + 0 satélite (areia) | P12: medida (traçado) | Q12: areia clara no satelite (hz_18315_O)
A13: Rua Trinta e Cinco | B13: 253.6 | C13: Não pavimentada | D13: 0 | E13: =ROUND(B13*D13,1) -> 0 | F13: =B13-E13 -> 253.6 | G13: 12 | H13: mediana da planta | I13: 8 | J13: =ROUND(F13*I13,0) -> 2029 | K13: alta | L13: Não | M13: 0 | N13: 1 | O13: 1 ponto(s): 1 SV + 0 satélite (saibro) | P13: medida (traçado) | Q13: areia clara no satelite (hz_18315_O)
A14: Rua Domingos Carrafa | B14: 192.1 | C14: Não pavimentada | D14: 0 | E14: =ROUND(B14*D14,1) -> 0 | F14: =B14-E14 -> 192.1 | G14: 12 | H14: mediana da planta | I14: 8 | J14: =ROUND(F14*I14,0) -> 1537 | K14: alta | L14: Parcial | M14: 0.5 | N14: 1 | O14: 1 ponto(s): 1 SV + 0 satélite (areia) | P14: medida (traçado) | Q14: areia clara no satelite (hz_18315_O)
A15: Rua XXIX | B15: 138.2 | C15: Não pavimentada | D15: 0 | E15: =ROUND(B15*D15,1) -> 0 | F15: =B15-E15 -> 138.2 | G15: 12 | H15: mediana da planta | I15: 8 | J15: =ROUND(F15*I15,0) -> 1106 | K15: alta | L15: Parcial | M15: 0.5 | N15: 1 | O15: 1 ponto(s): 1 SV + 0 satélite (areia) | P15: medida (traçado) | Q15: areia clara no satelite (hz_18315_O)
A16: Rua XXXII | B16: 215.7 | C16: Não pavimentada | D16: 0 | E16: =ROUND(B16*D16,1) -> 0 | F16: =B16-E16 -> 215.7 | G16: 12 | H16: mediana da planta | I16: 8 | J16: =ROUND(F16*I16,0) -> 1726 | K16: alta | L16: Parcial | M16: 0.5 | N16: 1 | O16: 1 ponto(s): 1 SV + 0 satélite (areia) | P16: medida (traçado) | Q16: areia clara no satelite (hz_18315_O)
A17: Rua Orestes Bigossi | B17: 52.1 | C17: Não pavimentada | D17: 0 | E17: =ROUND(B17*D17,1) -> 0 | F17: =B17-E17 -> 52.1 | G17: 12 | H17: mediana da planta | I17: 8 | J17: =ROUND(F17*I17,0) -> 417 | K17: alta | L17: Não | M17: 0 | N17: 1 | O17: 1 ponto(s): 1 SV + 0 satélite (areia) | P17: medida (traçado) | Q17: areia clara no satelite (hz_18315_O)
... A27: Quarenta e Seis | B27: 83.6 | C27: Não pavimentada | D27: 0 | E27: =ROUND(B27*D27,1) -> 0 | F27: =B27-E27 -> 83.6 | G27: 12 | H27: mediana da planta | I27: 8 | J27: =ROUND(F27*I27,0) -> 669 | K27: alta | L27: Não | M27: 0 | N27: 1 | O27: 1 ponto(s): 1 SV + 0 satélite (areia) | P27: medida (traçado) | Q27: areia clara no satelite (hz_18315_O)
A28: TOTAL | B28: =SUM(B6:B27) -> 3885 | D28: =IF(B28=0,0,E28/B28) -> 0 | E28: =SUM(E6:E27) -> 0 | F28: =SUM(F6:F27) -> 3885 | J28: =SUM(J6:J27) -> 31083
A30: Falta pavimentar — pista (m²), larguras da planta: | D30: =J28 -> 31083 | F30: soma da coluna J (falta × largura de pista de cada via)
A31: Falta pavimentar — pista (m²), premissa única de 8 m: | D31: =F28*8 -> 31080 | F31: base de comparação com a versão anterior do levantamento
A32: Vias não abertas incluídas no total (m): | D32: 0 | F32: constam na planta, sem abertura visível; contam como obra a executar
A33: Passeio (calçada) existente: | D33: 0.33 | F33: 22 ponto(s) do Street View
A34: Passeio faltante (m de via aberta): | D34: =(B28-D32)*(1-D33) -> 2602.95 | F34: metros de VIA sem calçada completa nos dois lados (não é metro linear de calçada)
A35: Passeio faltante (m²): | D35: =ROUND(D34*4,0) -> 10412 | F35: 4.00 m² de calçada por metro de via (dois lados, larguras da planta)
A36: Pontos verificados — em vias nomeadas: | D36: 22
A37: Pontos verificados — na malha física sem nome no mapa: | D37: 0 | F37: verificados e usados na taxa do loteamento; ver aba Pontos auditados
A38: Pavimento sobre metragem medida (m): | D38: 0
A39: Pavimento sobre metragem só de planta (m): | D39: 0 | F39: sem traçado medido — existência a confirmar em campo

Sheet 70 Pontal de Guriri
A1: Loteamento Pontal de Guriri — planta nº 70
A2: Proprietário/empreendedor: João Bosco Cevolane | Matrícula: 19.747 | Área oficial: 244.195 m²
A3: Pontos verificados neste loteamento: 28 (28 atribuídos a vias nomeadas + 0 na malha física sem nome no mapa). Metragem com traçado medido: 6.052 m; só de planta: 0 m. Todos os pontos estão listados na aba 'Pontos auditados'.
A5: Rua / via | B5: Extensão da via (m) | C5: Situação da pista | D5: % pista pavimentada | E5: Pavimentado (m) | F5: Falta pavimentar (m) | G5: Caixa de via — planta (m) | H5: Origem da largura | I5: Largura de pista adotada (m) | J5: Falta pavimentar (m²) | K5: Confiança | L5: Passeio (calçada) | M5: % passeio (via) | N5: Pontos próprios | O5: Origem da classificação | P5: Metragem | Q5: Observações
A6: Rua XXXII | B6: 230.3 | C6: Não pavimentada | D6: 0 | E6: =ROUND(B6*D6,1) -> 0 | F6: =B6-E6 -> 230.3 | G6: 12 | H6: mediana da planta | I6: 8 | J6: =ROUND(F6*I6,0) -> 1842 | K6: alta | L6: Não | M6: 0 | N6: 1 | O6: 1 ponto(s): 1 SV + 0 satélite (areia) | P6: medida (traçado) | Q6: faixa norte do grid, areia clara no satelite (hz_18245_O)
A7: Rua Antônio Cunha Filho | B7: 256.7 | C7: Não pavimentada | D7: 0 | E7: =ROUND(B7*D7,1) -> 0 | F7: =B7-E7 -> 256.7 | G7: 12 | H7: quadro/legenda da planta | I7: 8 | J7: =ROUND(F7*I7,0) -> 2054 | K7: alta | L7: Não | M7: 0 | N7: 1 | O7: 1 ponto(s): 1 SV + 0 satélite (areia) | P7: medida (traçado) | Q7: faixa norte do grid, areia clara no satelite (hz_18245_O)
A8: Rua Trinta e Cinco | B8: 26.4 | C8: Não pavimentada | D8: 0 | E8: =ROUND(B8*D8,1) -> 0 | F8: =B8-E8 -> 26.4 | G8: 12 | H8: mediana da planta | I8: 8 | J8: =ROUND(F8*I8,0) -> 211 | K8: alta | L8: Não | M8: 0 | N8: 1 | O8: 1 ponto(s): 1 SV + 0 satélite (areia) | P8: medida (traçado) | Q8: faixa norte do grid, areia clara no satelite (hz_18245_O)
A9: Rua Climéria Santos Barcellos | B9: 232.6 | C9: Não pavimentada | D9: 0 | E9: =ROUND(B9*D9,1) -> 0 | F9: =B9-E9 -> 232.6 | G9: 12 | H9: quadro/legenda da planta | I9: 8 | J9: =ROUND(F9*I9,0) -> 1861 | K9: alta | L9: Não | M9: 0 | N9: 1 | O9: 1 ponto(s): 1 SV + 0 satélite (areia) | P9: medida (traçado) | Q9: faixa norte do grid, areia clara no satelite (hz_18245_O)
A10: Rua José Bonomo | B10: 232.6 | C10: Pavimentada | D10: 1 | E10: =ROUND(B10*D10,1) -> 232.6 | F10: =B10-E10 -> 0 | G10: 12 | H10: quadro/legenda da planta | I10: 8 | J10: =ROUND(F10*I10,0) -> 0 | K10: alta | L10: Parcial | M10: 0.5 | N10: 1 | O10: 1 ponto(s): 1 SV + 0 satélite (bloquete) | P10: medida (traçado) | Q10: faixa norte do grid, areia clara no satelite (hz_18245_O)
A11: Rua Domingos Carrafa | B11: 256.1 | C11: Não pavimentada | D11: 0 | E11: =ROUND(B11*D11,1) -> 0 | F11: =B11-E11 -> 256.1 | G11: 12 | H11: quadro/legenda da planta | I11: 8 | J11: =ROUND(F11*I11,0) -> 2049 | K11: alta | L11: Não | M11: 0 | N11: 1 | O11: 1 ponto(s): 1 SV + 0 satélite (areia) | P11: medida (traçado) | Q11: faixa norte do grid, areia clara no satelite (hz_18245_O)
A12: Rua XXV | B12: 109.2 | C12: Não pavimentada | D12: 0 | E12: =ROUND(B12*D12,1) -> 0 | F12: =B12-E12 -> 109.2 | G12: 12 | H12: mediana da planta | I12: 8 | J12: =ROUND(F12*I12,0) -> 874 | K12: média | L12: Não avaliável | M12: — | N12: 1 | O12: 1 ponto(s): 0 SV + 1 satélite (areia) | P12: medida (traçado) | Q12: faixa norte do grid, areia clara no satelite (hz_18245_O)
A13: Rua João Mafra Araújo | B13: 229.7 | C13: Não pavimentada | D13: 0 | E13: =ROUND(B13*D13,1) -> 0 | F13: =B13-E13 -> 229.7 | G13: 12 | H13: quadro/legenda da planta | I13: 8 | J13: =ROUND(F13*I13,0) -> 1838 | K13: média | L13: Não avaliável | M13: — | N13: 1 | O13: 1 ponto(s): 0 SV + 1 satélite (areia) | P13: medida (traçado) | Q13: faixa norte do grid, areia clara no satelite (hz_18245_O)
A14: Rua Douglas Lima | B14: 229.2 | C14: Não pavimentada | D14: 0 | E14: =ROUND(B14*D14,1) -> 0 | F14: =B14-E14 -> 229.2 | G14: 12 | H14: quadro/legenda da planta | I14: 8 | J14: =ROUND(F14*I14,0) -> 1834 | K14: alta | L14: Não | M14: 0 | N14: 1 | O14: 1 ponto(s): 1 SV + 0 satélite (areia) | P14: medida (traçado) | Q14: faixa norte do grid, areia clara no satelite (hz_18245_O)
A15: Rua Oreste Bigossi | B15: 226.9 | C15: Não pavimentada | D15: 0 | E15: =ROUND(B15*D15,1) -> 0 | F15: =B15-E15 -> 226.9 | G15: 12 | H15: quadro/legenda da planta | I15: 8 | J15: =ROUND(F15*I15,0) -> 1815 | K15: alta | L15: Não | M15: 0 | N15: 1 | O15: 1 ponto(s): 1 SV + 0 satélite (areia) | P15: medida (traçado) | Q15: faixa norte do grid, areia clara no satelite (hz_18245_O)
A16: Rua Geraldo Pinto | B16: 230.4 | C16: Não pavimentada | D16: 0 | E16: =ROUND(B16*D16,1) -> 0 | F16: =B16-E16 -> 230.4 | G16: 12 | H16: quadro/legenda da planta | I16: 8 | J16: =ROUND(F16*I16,0) -> 1843 | K16: alta | L16: Não | M16: 0 | N16: 1 | O16: 1 ponto(s): 1 SV + 0 satélite (areia) | P16: medida (traçado) | Q16: faixa norte do grid, areia clara no satelite (hz_18245_O)
A17: Rua XXIV | B17: 228 | C17: Não pavimentada | D17: 0 | E17: =ROUND(B17*D17,1) -> 0 | F17: =B17-E17 -> 228 | G17: 12 | H17: mediana da planta | I17: 8 | J17: =ROUND(F17*I17,0) -> 1824 | K17: alta | L17: Não | M17: 0 | N17: 1 | O17: 1 ponto(s): 1 SV + 0 satélite (areia) | P17: medida (traçado) | Q17: faixa norte do grid, areia clara no satelite (hz_18245_O)
A18: Rua XXVII | B18: 229.2 | C18: Não pavimentada | D18: 0 | E18: =ROUND(B18*D18,1) -> 0 | F18: =B18-E18 -> 229.2 | G18: 12 | H18: mediana da planta | I18: 8 | J18: =ROUND(F18*I18,0) -> 1834 | K18: alta | L18: Não | M18: 0 | N18: 1 | O18: 1 ponto(s): 1 SV + 0 satélite (areia) | P18: medida (traçado) | Q18: faixa norte do grid, areia clara no satelite (hz_18245_O)
A19: Rua Cajueiro | B19: 253.5 | C19: Não pavimentada | D19: 0 | E19: =ROUND(B19*D19,1) -> 0 | F19: =B19-E19 -> 253.5 | G19: 12 | H19: quadro/legenda da planta | I19: 8 | J19: =ROUND(F19*I19,0) -> 2028 | K19: alta | L19: Não | M19: 0 | N19: 1 | O19: 1 ponto(s): 1 SV + 0 satélite (areia) | P19: medida (traçado) | Q19: faixa norte do grid, areia clara no satelite (hz_18245_O)
A20: Rua Trinta e Sete | B20: 239.3 | C20: Não pavimentada | D20: 0 | E20: =ROUND(B20*D20,1) -> 0 | F20: =B20-E20 -> 239.3 | G20: 12 | H20: mediana da planta | I20: 8 | J20: =ROUND(F20*I20,0) -> 1914 | K20: alta | L20: Não | M20: 0 | N20: 1 | O20: 1 ponto(s): 1 SV + 0 satélite (areia) | P20: medida (traçado) | Q20: faixa norte do grid, areia clara no satelite (hz_18245_O)
A21: (sem nome) | B21: 2610.5 | C21: Parcial | D21: 0.13 | E21: =ROUND(B21*D21,1) -> 339.4 | F21: =B21-E21 -> 2271.1 | G21: 12 | H21: mediana da planta | I21: 8 | J21: =ROUND(F21*I21,0) -> 18169 | K21: alta | L21: Não | M21: 0 | N21: 12 | O21: 12 ponto(s): 9 SV + 3 satélite (areia, bloquete) | P21: medida (traçado) | Q21: vias sem nome do grid do Pontal, incl. eixo E-W da Av. Samuel Scardini (18,5 m na planta) - tudo areia no satelite
A22: Rua XXXV | B22: 231.5 | C22: Não pavimentada | D22: 0 | E22: =ROUND(B22*D22,1) -> 0 | F22: =B22-E22 -> 231.5 | G22: 12 | H22: mediana da planta | I22: 8 | J22: =ROUND(F22*I22,0) -> 1852 | K22: alta | L22: Não | M22: 0 | N22: 1 | O22: 1 ponto(s): 1 SV + 0 satélite (saibro) | P22: medida (traçado) | Q22: faixa norte do grid, areia clara no satelite (hz_18245_O)
A23: TOTAL | B23: =SUM(B6:B22) -> 6052.1 | D23: =IF(B23=0,0,E23/B23) -> 0.094512649 | E23: =SUM(E6:E22) -> 572 | F23: =SUM(F6:F22) -> 5480.1 | J23: =SUM(J6:J22) -> 43842
A25: Falta pavimentar — pista (m²), larguras da planta: | D25: =J23 -> 43842 | F25: soma da coluna J (falta × largura de pista de cada via)
A26: Falta pavimentar — pista (m²), premissa única de 8 m: | D26: =F23*8 -> 43840.8 | F26: base de comparação com a versão anterior do levantamento
A27: Vias não abertas incluídas no total (m): | D27: 0 | F27: constam na planta, sem abertura visível; contam como obra a executar
A28: Passeio (calçada) existente: | D28: 0.02 | F28: 23 ponto(s) do Street View
A29: Passeio faltante (m de via aberta): | D29: =(B23-D27)*(1-D28) -> 5931.058 | F29: metros de VIA sem calçada completa nos dois lados (não é metro linear de calçada)
A30: Passeio faltante (m²): | D30: =ROUND(D29*4,0) -> 23724 | F30: 4.00 m² de calçada por metro de via (dois lados, larguras da planta)
A31: Pontos verificados — em vias nomeadas: | D31: 28
A32: Pontos verificados — na malha física sem nome no mapa: | D32: 0 | F32: verificados e usados na taxa do loteamento; ver aba Pontos auditados
A33: Pavimento sobre metragem medida (m): | D33: 572
A34: Pavimento sobre metragem só de planta (m): | D34: 0 | F34: sem traçado medido — existência a confirmar em campo

Sheet 78 João de Barro
A1: Loteamento João de Barro (COHAJOBA) — planta nº 78
A2: Proprietário/empreendedor: COHAJOBA | Matrícula: 19.792 | Área oficial: 54.750 m²
A3: Pontos verificados neste loteamento: 14 (0 atribuídos a vias nomeadas + 14 na malha física sem nome no mapa). Metragem com traçado medido: 0 m; só de planta: 1.490 m. Todos os pontos estão listados na aba 'Pontos auditados'.
A5: Rua / via | B5: Extensão da via (m) | C5: Situação da pista | D5: % pista pavimentada | E5: Pavimentado (m) | F5: Falta pavimentar (m) | G5: Caixa de via — planta (m) | H5: Origem da largura | I5: Largura de pista adotada (m) | J5: Falta pavimentar (m²) | K5: Confiança | L5: Passeio (calçada) | M5: % passeio (via) | N5: Pontos próprios | O5: Origem da classificação | P5: Metragem | Q5: Observações
A6: AVENIDA PROJETADA - 01 | B6: 500 | C6: Não pavimentada | D6: 0 | E6: =ROUND(B6*D6,1) -> 0 | F6: =B6-E6 -> 500 | G6: 12 | H6: moda da ilha (12 m) | I6: 8 | J6: =ROUND(F6*I6,0) -> 4000 | K6: baixa | L6: Não avaliável | M6: — | N6: 0 | O6: sem ponto próprio — taxa agregada da malha física auditada do loteamento | P6: planta (não medida) | Q6: eixo central ENE-WSW (~500 m): consolidado em areia no trecho leste (~300 m, lotes murados); a oeste apenas traco no pasto
A7: RUA PLINIO BOROTTO | B7: 110 | C7: Não aberta | D7: 0 | E7: =ROUND(B7*D7,1) -> 0 | F7: =B7-E7 -> 110 | G7: 12 | H7: moda da ilha (12 m) | I7: 8 | J7: =ROUND(F7*I7,0) -> 880 | K7: média | L7: — | M7: — | N7: 0 | O7: mantido (não aberta, sem ponto auditado) | P7: planta (não medida) | Q7: extremo oeste: leito apenas demarcado no pasto, nao consolidado
A8: RUA MARIA TEZOLIN GARRAFA | B8: 110 | C8: Não aberta | D8: 0 | E8: =ROUND(B8*D8,1) -> 0 | F8: =B8-E8 -> 110 | G8: 12 | H8: moda da ilha (12 m) | I8: 8 | J8: =ROUND(F8*I8,0) -> 880 | K8: média | L8: — | M8: — | N8: 0 | O8: mantido (não aberta, sem ponto auditado) | P8: planta (não medida) | Q8: leito apenas demarcado no pasto, nao consolidado
A9: RUA JAMIL ALHAKIM | B9: 110 | C9: Não aberta | D9: 0 | E9: =ROUND(B9*D9,1) -> 0 | F9: =B9-E9 -> 110 | G9: 12 | H9: moda da ilha (12 m) | I9: 8 | J9: =ROUND(F9*I9,0) -> 880 | K9: baixa | L9: — | M9: — | N9: 0 | O9: mantido (não aberta, sem ponto auditado) | P9: planta (não medida) | Q9: traco tenue no pasto
A10: RUA ROGÉRIO CAMPISTA CORREIRA | B10: 110 | C10: Não pavimentada | D10: 0 | E10: =ROUND(B10*D10,1) -> 0 | F10: =B10-E10 -> 110 | G10: 12 | H10: moda da ilha (12 m) | I10: 8 | J10: =ROUND(F10*I10,0) -> 880 | K10: baixa | L10: Não avaliável | M10: — | N10: 0 | O10: sem ponto próprio — taxa agregada da malha física auditada do loteamento | P10: planta (não medida) | Q10: na borda da area consolidada (~lon -39.760); abertura parcial
A11: RUA EDITH LAURA MOREIRA D'ALMEIDA | B11: 110 | C11: Não pavimentada | D11: 0 | E11: =ROUND(B11*D11,1) -> 0 | F11: =B11-E11 -> 110 | G11: 12 | H11: moda da ilha (12 m) | I11: 8 | J11: =ROUND(F11*I11,0) -> 880 | K11: baixa | L11: Não avaliável | M11: — | N11: 0 | O11: sem ponto próprio — taxa agregada da malha física auditada do loteamento | P11: planta (não medida) | Q11: aberta em areia, grade visivel (hz_18565)
A12: RUA OCTAVIO BOROTTO | B12: 110 | C12: Não pavimentada | D12: 0 | E12: =ROUND(B12*D12,1) -> 0 | F12: =B12-E12 -> 110 | G12: 12 | H12: moda da ilha (12 m) | I12: 8 | J12: =ROUND(F12*I12,0) -> 880 | K12: baixa | L12: Não avaliável | M12: — | N12: 0 | O12: sem ponto próprio — taxa agregada da malha física auditada do loteamento | P12: planta (não medida) | Q12: aberta em areia, quadras com muros
A13: RUA DOMINGOS DUARTE SANTOS | B13: 110 | C13: Não pavimentada | D13: 0 | E13: =ROUND(B13*D13,1) -> 0 | F13: =B13-E13 -> 110 | G13: 12 | H13: moda da ilha (12 m) | I13: 8 | J13: =ROUND(F13*I13,0) -> 880 | K13: baixa | L13: Não avaliável | M13: — | N13: 0 | O13: sem ponto próprio — taxa agregada da malha física auditada do loteamento | P13: planta (não medida) | Q13: aberta em areia
A14: RUA PEDRO ALVES RIBEIRO | B14: 110 | C14: Não pavimentada | D14: 0 | E14: =ROUND(B14*D14,1) -> 0 | F14: =B14-E14 -> 110 | G14: 12 | H14: moda da ilha (12 m) | I14: 8 | J14: =ROUND(F14*I14,0) -> 880 | K14: baixa | L14: Não avaliável | M14: — | N14: 0 | O14: sem ponto próprio — taxa agregada da malha física auditada do loteamento | P14: planta (não medida) | Q14: aberta em areia; alinha com a R. Pedro Alves Ribeiro de Guriri (lon -39.7576)
A15: RUA RAISA BASTOS MAGNAGO | B15: 110 | C15: Não pavimentada | D15: 0 | E15: =ROUND(B15*D15,1) -> 0 | F15: =B15-E15 -> 110 | G15: 12 | H15: moda da ilha (12 m) | I15: 8 | J15: =ROUND(F15*I15,0) -> 880 | K15: média | L15: Não avaliável | M15: — | N15: 0 | O15: trecho curto sem ponto próprio — adotada a situação da mesma via (nome próprio, loteamento contíguo) em 1 ponto(s): p47=0% | P15: planta (não medida) | Q15: extremo leste, junto a ETE/RA; aberta em areia
A16: TOTAL | B16: =SUM(B6:B15) -> 1490 | D16: =IF(B16=0,0,E16/B16) -> 0 | E16: =SUM(E6:E15) -> 0 | F16: =SUM(F6:F15) -> 1490 | J16: =SUM(J6:J15) -> 11920
A18: Falta pavimentar — pista (m²), larguras da planta: | D18: =J16 -> 11920 | F18: soma da coluna J (falta × largura de pista de cada via)
A19: Falta pavimentar — pista (m²), premissa única de 8 m: | D19: =F16*8 -> 11920 | F19: base de comparação com a versão anterior do levantamento
A20: Vias não abertas incluídas no total (m): | D20: 330 | F20: constam na planta, sem abertura visível; contam como obra a executar
A21: Passeio (calçada) existente: | D21: não medido | F21: NÃO MEDIDO — nenhum ponto com leitura de calçada
A22: Passeio faltante (m de via aberta): | D22: não estimado | F22: sem base de medição — ver aba Resumo Geral
A23: Passeio faltante (m²): | D23: não estimado
A24: Pontos verificados — em vias nomeadas: | D24: 0
A25: Pontos verificados — na malha física sem nome no mapa: | D25: 14 | F25: verificados e usados na taxa do loteamento; ver aba Pontos auditados
A26: Pavimento sobre metragem medida (m): | D26: 0
A27: Pavimento sobre metragem só de planta (m): | D27: 0 | F27: sem traçado medido — existência a confirmar em campo

Sheet 80 Soma Cevolani
A1: Loteamento Soma Cevolani (Golden Guriri) — planta nº 80
A2: Proprietário/empreendedor: Soma Cevolani SPE | Matrícula: 52.586 | Área oficial: 234.672 m²
A3: Pontos verificados neste loteamento: 32 (0 atribuídos a vias nomeadas + 32 na malha física sem nome no mapa). Metragem com traçado medido: 0 m; só de planta: 4.952 m. Todos os pontos estão listados na aba 'Pontos auditados'.
A5: Rua / via | B5: Extensão da via (m) | C5: Situação da pista | D5: % pista pavimentada | E5: Pavimentado (m) | F5: Falta pavimentar (m) | G5: Caixa de via — planta (m) | H5: Origem da largura | I5: Largura de pista adotada (m) | J5: Falta pavimentar (m²) | K5: Confiança | L5: Passeio (calçada) | M5: % passeio (via) | N5: Pontos próprios | O5: Origem da classificação | P5: Metragem | Q5: Observações
A6: Avenida Copacabana | B6: 1200 | C6: Pavimentada | D6: 1 | E6: =ROUND(B6*D6,1) -> 1200 | F6: =B6-E6 -> 0 | G6: 25 | H6: quadro/legenda da planta | I6: 17 | J6: =ROUND(F6*I6,0) -> 0 | K6: baixa | L6: Não avaliável | M6: — | N6: 0 | O6: sem ponto próprio — taxa agregada da malha física auditada do loteamento | P6: planta (não medida) | Q6: avenida coletora 25 m com canteiro/ciclovia; pista cinza com meio-fio e setas de mao; inclui acesso pela area verde ate rotatoria ELUP1 na ES-010 e 2a rotatoria na quadra F (hz_18235_L)
A7: Rua Ipanema | B7: 536 | C7: Pavimentada | D7: 1 | E7: =ROUND(B7*D7,1) -> 536 | F7: =B7-E7 -> 0 | G7: 11 | H7: quadro/legenda da planta | I7: 7 | J7: =ROUND(F7*I7,0) -> 0 | K7: baixa | L7: Não avaliável | M7: — | N7: 0 | O7: sem ponto próprio — taxa agregada da malha física auditada do loteamento | P7: planta (não medida) | Q7: perimetral NW paralela a Copacabana; pista cinza com meio-fio
A8: Rua Praia Grande | B8: 536 | C8: Pavimentada | D8: 1 | E8: =ROUND(B8*D8,1) -> 536 | F8: =B8-E8 -> 0 | G8: 11 | H8: quadro/legenda da planta | I8: 7 | J8: =ROUND(F8*I8,0) -> 0 | K8: baixa | L8: Não avaliável | M8: — | N8: 0 | O8: sem ponto próprio — taxa agregada da malha física auditada do loteamento | P8: planta (não medida) | Q8: longitudinal interna; pista cinza com meio-fio
A9: Rua Canoa Quebrada | B9: 536 | C9: Pavimentada | D9: 1 | E9: =ROUND(B9*D9,1) -> 536 | F9: =B9-E9 -> 0 | G9: 11 | H9: quadro/legenda da planta | I9: 7 | J9: =ROUND(F9*I9,0) -> 0 | K9: baixa | L9: Não avaliável | M9: — | N9: 0 | O9: sem ponto próprio — taxa agregada da malha física auditada do loteamento | P9: planta (não medida) | Q9: perimetral SE junto a malha antiga de Guriri Norte; pista cinza com meio-fio
A10: Rua Boa Viagem | B10: 536 | C10: Pavimentada | D10: 1 | E10: =ROUND(B10*D10,1) -> 536 | F10: =B10-E10 -> 0 | G10: 11 | H10: quadro/legenda da planta | I10: 7 | J10: =ROUND(F10*I10,0) -> 0 | K10: baixa | L10: Não avaliável | M10: — | N10: 0 | O10: sem ponto próprio — taxa agregada da malha física auditada do loteamento | P10: planta (não medida) | Q10: transversal junto a rotatoria da quadra F; segmento extra contornando a quadra Z nao distinguivel individualmente, mas todo o grid aparece pavimentado
A11: Rua Praia do Espelho | B11: 536 | C11: Pavimentada | D11: 1 | E11: =ROUND(B11*D11,1) -> 536 | F11: =B11-E11 -> 0 | G11: 11 | H11: quadro/legenda da planta | I11: 7 | J11: =ROUND(F11*I11,0) -> 0 | K11: baixa | L11: Não avaliável | M11: — | N11: 0 | O11: sem ponto próprio — taxa agregada da malha física auditada do loteamento | P11: planta (não medida) | Q11: transversal; pista cinza com meio-fio
A12: Rua Jurere | B12: 536 | C12: Pavimentada | D12: 1 | E12: =ROUND(B12*D12,1) -> 536 | F12: =B12-E12 -> 0 | G12: 11 | H12: quadro/legenda da planta | I12: 7 | J12: =ROUND(F12*I12,0) -> 0 | K12: baixa | L12: Não avaliável | M12: — | N12: 0 | O12: sem ponto próprio — taxa agregada da malha física auditada do loteamento | P12: planta (não medida) | Q12: transversal; pista cinza com meio-fio
A13: Rua Cabo Branco | B13: 536 | C13: Pavimentada | D13: 1 | E13: =ROUND(B13*D13,1) -> 536 | F13: =B13-E13 -> 0 | G13: 11 | H13: quadro/legenda da planta | I13: 7 | J13: =ROUND(F13*I13,0) -> 0 | K13: baixa | L13: Não avaliável | M13: — | N13: 0 | O13: sem ponto próprio — taxa agregada da malha física auditada do loteamento | P13: planta (não medida) | Q13: transversal no extremo oeste do grid (visivel tambem em hz_18245_O a direita); pista cinza com meio-fio
A14: TOTAL | B14: =SUM(B6:B13) -> 4952 | D14: =IF(B14=0,0,E14/B14) -> 1 | E14: =SUM(E6:E13) -> 4952 | F14: =SUM(F6:F13) -> 0 | J14: =SUM(J6:J13) -> 0
A16: Falta pavimentar — pista (m²), larguras da planta: | D16: =J14 -> 0 | F16: soma da coluna J (falta × largura de pista de cada via)
A17: Falta pavimentar — pista (m²), premissa única de 8 m: | D17: =F14*8 -> 0 | F17: base de comparação com a versão anterior do levantamento
A18: Vias não abertas incluídas no total (m): | D18: 0 | F18: constam na planta, sem abertura visível; contam como obra a executar
A19: Passeio (calçada) existente: | D19: não medido | F19: NÃO MEDIDO — as 2 leituras existentes ficam na ES-010 (orla), fora da malha interna
A20: Passeio faltante (m de via aberta): | D20: não estimado | F20: sem base de medição — ver aba Resumo Geral
A21: Passeio faltante (m²): | D21: não estimado
A22: Pontos verificados — em vias nomeadas: | D22: 0
A23: Pontos verificados — na malha física sem nome no mapa: | D23: 32 | F23: verificados e usados na taxa do loteamento; ver aba Pontos auditados
A24: Pavimento sobre metragem medida (m): | D24: 0
A25: Pavimento sobre metragem só de planta (m): | D25: 4952 | F25: sem traçado medido — existência a confirmar em campo

Sheet 84 Pontal de Guriri II
A1: Loteamento Pontal de Guriri II — planta nº 84
A2: Proprietário/empreendedor: João Bosco Cevolane Ltda | Matrícula: 54.633 | Área oficial: 44.371 m²
A3: Pontos verificados neste loteamento: 14 (0 atribuídos a vias nomeadas + 14 na malha física sem nome no mapa). Metragem com traçado medido: 0 m; só de planta: 1.073 m. Todos os pontos estão listados na aba 'Pontos auditados'.
A5: Rua / via | B5: Extensão da via (m) | C5: Situação da pista | D5: % pista pavimentada | E5: Pavimentado (m) | F5: Falta pavimentar (m) | G5: Caixa de via — planta (m) | H5: Origem da largura | I5: Largura de pista adotada (m) | J5: Falta pavimentar (m²) | K5: Confiança | L5: Passeio (calçada) | M5: % passeio (via) | N5: Pontos próprios | O5: Origem da classificação | P5: Metragem | Q5: Observações
A6: Avenida Samuel Scardini | B6: 231 | C6: Não pavimentada | D6: 0 | E6: =ROUND(B6*D6,1) -> 0 | F6: =B6-E6 -> 231 | G6: 18.5 | H6: quadro/legenda da planta | I6: 13.5 | J6: =ROUND(F6*I6,0) -> 3119 | K6: baixa | L6: Não avaliável | M6: — | N6: 0 | O6: sem ponto próprio — taxa agregada da malha física auditada do loteamento | P6: planta (não medida) | Q6: avenida central E-W (18,5 m na planta); aberta em areia, continuacao do eixo do p70; OSM: way sem nome unpaved
A7: Rua Plínio Boroto | B7: 209 | C7: Não pavimentada | D7: 0 | E7: =ROUND(B7*D7,1) -> 0 | F7: =B7-E7 -> 209 | G7: 12 | H7: quadro/legenda da planta | I7: 8 | J7: =ROUND(F7*I7,0) -> 1672 | K7: baixa | L7: Não avaliável | M7: — | N7: 0 | O7: sem ponto próprio — taxa agregada da malha física auditada do loteamento | P7: planta (não medida) | Q7: N-S entre Q1/Q7 e Q2/Q6; aberta em areia (hz_18245_O)
A8: Rua Maria Tezolin Carrafa | B8: 209 | C8: Não pavimentada | D8: 0 | E8: =ROUND(B8*D8,1) -> 0 | F8: =B8-E8 -> 209 | G8: 12 | H8: quadro/legenda da planta | I8: 8 | J8: =ROUND(F8*I8,0) -> 1672 | K8: média | L8: Não avaliável | M8: — | N8: 0 | O8: trecho curto sem ponto próprio — adotada a situação da mesma via (nome próprio, loteamento contíguo) em 3 ponto(s): p10=0%, p13=0%, p50=0% | P8: planta (não medida) | Q8: N-S entre Q2/Q6 e Q3/Q5; aberta em areia
A9: Rua Jamil Alhakim | B9: 209 | C9: Não pavimentada | D9: 0 | E9: =ROUND(B9*D9,1) -> 0 | F9: =B9-E9 -> 209 | G9: 12 | H9: quadro/legenda da planta | I9: 8 | J9: =ROUND(F9*I9,0) -> 1672 | K9: média | L9: Não avaliável | M9: — | N9: 0 | O9: trecho curto sem ponto próprio — adotada a situação da mesma via (nome próprio, loteamento contíguo) em 1 ponto(s): p13=0% | P9: planta (não medida) | Q9: N-S junto a Q4; aparece so como trilha tenue na areia/vegetacao rasteira - quase nao aberta
A10: Rua Abilio Duque de Lima | B10: 215 | C10: Não pavimentada | D10: 0 | E10: =ROUND(B10*D10,1) -> 0 | F10: =B10-E10 -> 215 | G10: 12 | H10: quadro/legenda da planta | I10: 8 | J10: =ROUND(F10*I10,0) -> 1720 | K10: baixa | L10: Não avaliável | M10: — | N10: 0 | O10: sem ponto próprio — taxa agregada da malha física auditada do loteamento | P10: planta (não medida) | Q10: E-W na divisa sul (12 m na planta); corredor em areia com casas da malha antiga ao sul
A11: TOTAL | B11: =SUM(B6:B10) -> 1073 | D11: =IF(B11=0,0,E11/B11) -> 0 | E11: =SUM(E6:E10) -> 0 | F11: =SUM(F6:F10) -> 1073 | J11: =SUM(J6:J10) -> 9855
A13: Falta pavimentar — pista (m²), larguras da planta: | D13: =J11 -> 9855 | F13: soma da coluna J (falta × largura de pista de cada via)
A14: Falta pavimentar — pista (m²), premissa única de 8 m: | D14: =F11*8 -> 8584 | F14: base de comparação com a versão anterior do levantamento
A15: Vias não abertas incluídas no total (m): | D15: 0 | F15: constam na planta, sem abertura visível; contam como obra a executar
A16: Passeio (calçada) existente: | D16: 0.28 | F16: 4 ponto(s) do Street View
A17: Passeio faltante (m de via aberta): | D17: =(B11-D15)*(1-D16) -> 772.56 | F17: metros de VIA sem calçada completa nos dois lados (não é metro linear de calçada)
A18: Passeio faltante (m²): | D18: =ROUND(D17*4.215,0) -> 3256 | F18: 4.22 m² de calçada por metro de via (dois lados, larguras da planta)
A19: Pontos verificados — em vias nomeadas: | D19: 0
A20: Pontos verificados — na malha física sem nome no mapa: | D20: 14 | F20: verificados e usados na taxa do loteamento; ver aba Pontos auditados
A21: Pavimento sobre metragem medida (m): | D21: 0
A22: Pavimento sobre metragem só de planta (m): | D22: 0 | F22: sem traçado medido — existência a confirmar em campo

Sheet Pontos auditados
A1: Os 637 pontos verificados, um a um
A2: Cada linha é um ponto efetivamente aberto e examinado. "Via / malha" com o prefixo (malha) indica ponto sobre traçado existente no mapa sem nome que corresponda a uma via da planta: o ponto foi verificado e entra na taxa do loteamento, mas não é creditado a uma linha de via. Coordenadas em WGS-84; para reproduzir um ponto de Street View, abra https://www.google.com/maps/@?api=1&map_action=pano&viewpoint=LATITUDE,LONGITUDE
A4: ID | B4: Nº lot. | C4: Loteamento | D4: Via / malha | E4: Latitude | F4: Longitude | G4: Fonte | H4: Data da imagem | I4: Superfície da pista | J4: Conta como pavimentada? | K4: Calçada nas testadas | L4: Extensão representada (m) | M4: Confiança (satélite) | N4: Observação do verificador
A5: 1 | B5: 25 | C5: Parque Residencial Oitizeiro | D5: Avenida Esbertalina Barbosa Damiani | E5: -18.739844 | F5: -39.751302 | G5: Street View | H5: mai/2026 | I5: bloquete | J5: Sim | K5: Nos dois lados | L5: 334.2 | M5: — | N5: canteiro central
A6: 2 | B6: 25 | C6: Parque Residencial Oitizeiro | D6: Avenida Esbertalina Barbosa Damiani | E6: -18.742862 | F6: -39.751408 | G6: Street View | H6: nov/2023 | I6: bloquete | J6: Sim | K6: Em um lado | L6: 334.2 | M6: —
A7: 3 | B7: 25 | C7: Parque Residencial Oitizeiro | D7: Rua Pinheiros | E7: -18.7425 | F7: -39.75669 | G7: Street View | H7: nov/2023 | I7: saibro | J7: Não | K7: Nenhuma | L7: 377.7 | M7: —
A8: 4 | B8: 25 | C8: Parque Residencial Oitizeiro | D8: Rua Pinheiros | E8: -18.742642 | F8: -39.75311 | G8: Street View | H8: nov/2023 | I8: saibro | J8: Não | K8: Nos dois lados | L8: 377.7 | M8: —
A9: 5 | B9: 25 | C9: Parque Residencial Oitizeiro | D9: Rua Boa Esperança | E9: -18.741448 | F9: -39.757 | G9: Street View | H9: nov/2023 | I9: areia | J9: Não | K9: Em um lado | L9: 396 | M9: —
A10: 6 | B10: 25 | C10: Parque Residencial Oitizeiro | D10: Rua Boa Esperança | E10: -18.741596 | F10: -39.753247 | G10: Street View | H10: nov/2023 | I10: saibro | J10: Não | K10: Em um lado | L10: 396 | M10: —
A11: 7 | B11: 25 | C11: Parque Residencial Oitizeiro | D11: Rua Montanha | E11: -18.739967 | F11: -39.756984 | G11: Street View | H11: nov/2023 | I11: areia | J11: Não | K11: Em um lado | L11: 399.2 | M11: —
A12: 8 | B12: 25 | C12: Parque Residencial Oitizeiro | D12: Rua Montanha | E12: -18.740126 | F12: -39.753202 | G12: Street View | H12: nov/2023 | I12: saibro | J12: Não | K12: Em um lado | L12: 399.2 | M12: —
A13: 9 | B13: 25 | C13: Parque Residencial Oitizeiro | D13: Rua Odílio Nico | E13: -18.742079 | F13: -39.754921 | G13: Street View | H13: nov/2023 | I13: saibro | J13: Não | K13: Nenhuma | L13: 464.9 | M13: —
A14: 10 | B14: 25 | C14: Parque Residencial Oitizeiro | D14: Avenida Oceano Índico | E14: -18.743932 | F14: -39.756742 | G14: Street View | H14: nov/2023 | I14: saibro | J14: Não | K14: Nenhuma | L14: 450.3 | M14: —
A15: 11 | B15: 25 | C15: Parque Residencial Oitizeiro | D15: Avenida Oceano Índico | E15: -18.744067 | F15: -39.753046 | G15: Street View | H15: nov/2023 | I15: saibro | J15: Não | K15: Em um lado | L15: 332.4 | M15: —
A16: 12 | B16: 25 | C16: Parque Residencial Oitizeiro | D16: Rua Octávio Borotto | E16: -18.741862 | F16: -39.758458 | G16: Street View | H16: nov/2023 | I16: saibro | J16: Não | K16: Em um lado | L16: 447 | M16: —
A17: 13 | B17: 25 | C17: Parque Residencial Oitizeiro | D17: Rua Albino Negris | E17: -18.7399 | F17: -39.751876 | G17: Street View | H17: nov/2023 | I17: saibro | J17: Não | K17: Em um lado | L17: 327.7 | M17: —
... A29: 25 | B29: 25 | C29: Parque Residencial Oitizeiro | D29: Rua São Daniel Comboni | E29: -18.746831 | F29: -39.757463 | G29: Street View | H29: nov/2023 | I29: saibro | J29: Não | K29: Em um lado | L29: 252.5 | M29: —
A30: 26 | B30: 25 | C30: Parque Residencial Oitizeiro | D30: Avenida Esbertalina B. Damiani | E30: -18.743452 | F30: -39.751353 | G30: Street View | H30: dez/2023 | I30: asfalto | J30: Sim | K30: Nos dois lados | L30: 174.6 | M30: — | N30: asfalto antigo com trincas; canteiro central
A31: 27 | B31: 25 | C31: Parque Residencial Oitizeiro | D31: Rua Professor Amaro Nascimento Mendes | E31: -18.73994 | F31: -39.75247 | G31: Street View | H31: nov/2023 | I31: bloquete | J31: Sim | K31: Em um lado | L31: 313.8 | M31: — | N31: bloquete antigo, parcialmente coberto de areia
A32: 28 | B32: 25 | C32: Parque Residencial Oitizeiro | D32: Rua Professor Amaro Nascimento Mendes | E32: -18.742773 | F32: -39.752604 | G32: Street View | H32: nov/2023 | I32: saibro | J32: Não | K32: Em um lado | L32: 313.8 | M32: —
A33: 29 | B33: 25 | C33: Parque Residencial Oitizeiro | D33: Elisa Maria Ditthz de Abreu Costa | E33: -18.746014 | F33: -39.756257 | G33: Street View | H33: nov/2023 | I33: saibro | J33: Não | K33: Nos dois lados | L33: 450.5 | M33: —
A34: 30 | B34: 25 | C34: Parque Residencial Oitizeiro | D34: Avenida Praiana | E34: -18.748751 | F34: -39.757833 | G34: Street View | H34: dez/2023 | I34: saibro | J34: Não | K34: Em um lado | L34: 197.7 | M34: —
A35: 31 | B35: 25 | C35: Parque Residencial Oitizeiro | D35: Rua Darcy Natalino Formigoni | E35: -18.742697 | F35: -39.753773 | G35: Street View | H35: nov/2023 | I35: saibro | J35: Não | K35: Nenhuma | L35: 293.1 | M35: —
A36: 32 | B36: 25 | C36: Parque Residencial Oitizeiro | D36: Rua Darcy Natalino Formigoni | E36: -18.74005 | F36: -39.753667 | G36: Street View | H36: nov/2023 | I36: saibro | J36: Não | K36: Nenhuma | L36: 293.1 | M36: —
A37: 33 | B37: 25 | C37: Parque Residencial Oitizeiro | D37: Darcy Natalino Formigoni | E37: -18.744131 | F37: -39.75384 | G37: Street View | H37: nov/2023 | I37: saibro | J37: Não | K37: Nenhuma | L37: 24.6 | M37: —
A38: 34 | B38: 25 | C38: Parque Residencial Oitizeiro | D38: Rua Pedro Alves Ribeiro | E38: -18.741905 | F38: -39.757272 | G38: Street View | H38: nov/2023 | I38: saibro | J38: Não | K38: Nos dois lados | L38: 446.4 | M38: —
A39: 35 | B39: 25 | C39: Parque Residencial Oitizeiro | D39: Rua Domingos Duarte Santos | E39: -18.741879 | F39: -39.757848 | G39: Street View | H39: nov/2023 | I39: saibro | J39: Não | K39: Nenhuma | L39: 445.6 | M39: —
A40: 36 | B40: 25 | C40: Parque Residencial Oitizeiro | D40: Octávio Borotto | E40: -18.745328 | F40: -39.758608 | G40: Street View | H40: nov/2023 | I40: saibro | J40: Não | K40: Nenhuma | L40: 320.8 | M40: — | N40: lotes vazios
A41: 37 | B41: 25 | C41: Parque Residencial Oitizeiro | D41: Octávio Borotto | E41: -18.748224 | F41: -39.758746 | G41: Street View | H41: nov/2023 | I41: saibro | J41: Não | K41: Nenhuma | L41: 320.8 | M41: — | N41: lotes vazios
A42: 38 | B42: 25 | C42: Parque Residencial Oitizeiro | D42: Raísa Bastos Magnago | E42: -18.745383 | F42: -39.756837 | G42: Street View | H42: nov/2023 | I42: saibro | J42: Não | K42: Em um lado | L42: 321.8 | M42: —
A43: 39 | B43: 25 | C43: Parque Residencial Oitizeiro | D43: Raísa Bastos Magnago | E43: -18.748289 | F43: -39.756961 | G43: Street View | H43: nov/2023 | I43: saibro | J43: Não | K43: Em um lado | L43: 321.8 | M43: —
A44: 40 | B44: 25 | C44: Parque Residencial Oitizeiro | D44: Rua Barra de São Francisco | E44: -18.747748 | F44: -39.757595 | G44: Street View | H44: nov/2023 | I44: saibro | J44: Não | K44: Em um lado | L44: 270.4 | M44: —
A45: 41 | B45: 25 | C45: Parque Residencial Oitizeiro | D45: Rua Oldemar Faria Santos | E45: -18.741997 | F45: -39.754327 | G45: Street View | H45: nov/2023 | I45: saibro | J45: Não | K45: Nenhuma | L45: 441.6 | M45: —
A46: 42 | B46: 31 | C46: Melhorini Residencial Parque | D46: Avenida Esbertalina Barbosa Damiani | E46: -18.744972 | F46: -39.751516 | G46: Street View | H46: mai/2026 | I46: bloquete | J46: Sim | K46: Em um lado | L46: 156 | M46: — | N46: areia sobre pavimento
A47: 43 | B47: 31 | C47: Melhorini Residencial Parque | D47: Rua Odílio Nico | E47: -18.744823 | F47: -39.755028 | G47: Street View | H47: nov/2023 | I47: areia | J47: Não | K47: Nenhuma | L47: 158.6 | M47: —
A48: 44 | B48: 31 | C48: Melhorini Residencial Parque | D48: Rua Albino Negris | E48: -18.744947 | F48: -39.752101 | G48: Street View | H48: nov/2023 | I48: areia | J48: Não | K48: Nenhuma | L48: 157.9 | M48: —
A49: 45 | B49: 31 | C49: Melhorini Residencial Parque | D49: Rua Álvaro Leal Calmon | E49: -18.744798 | F49: -39.755622 | G49: Street View | H49: nov/2023 | I49: areia | J49: Não | K49: Em um lado | L49: 158.7 | M49: —
A50: 46 | B50: 31 | C50: Melhorini Residencial Parque | D50: Rua Mururici | E50: -18.74557 | F50: -39.753886 | G50: Street View | H50: mai/2026 | I50: bloquete | J50: Sim | K50: Nenhuma | L50: 495.7 | M50: — | N50: areia sobre pavimento
A51: 47 | B51: 31 | C51: Melhorini Residencial Parque | D51: Rua Oldemar Faria Santos | E51: -18.744847 | F51: -39.754466 | G51: Street View | H51: nov/2023 | I51: areia | J51: Não | K51: Em um lado | L51: 158.4 | M51: —
A52: 48 | B52: 31 | C52: Melhorini Residencial Parque | D52: Elisa Maria Ditthz de Abreu Costa | E52: -18.744776 | F52: -39.756207 | G52: Street View | H52: nov/2023 | I52: areia | J52: Não | K52: Em um lado | L52: 154.5 | M52: —
A53: 49 | B53: 31 | C53: Melhorini Residencial Parque | D53: Rua VII | E53: -18.744922 | F53: -39.752686 | G53: Street View | H53: nov/2023 | I53: areia | J53: Não | K53: Nenhuma | L53: 158 | M53: —
A54: 50 | B54: 31 | C54: Melhorini Residencial Parque | D54: Darcy Natalino Formigoni | E54: -18.744872 | F54: -39.753866 | G54: Street View | H54: nov/2023 | I54: areia | J54: Não | K54: Nos dois lados | L54: 158.3 | M54: —
A55: 51 | B55: 31 | C55: Melhorini Residencial Parque | D55: Rua Adriana Barbosa Caran | E55: -18.744897 | F55: -39.753276 | G55: Street View | H55: nov/2023 | I55: areia | J55: Não | K55: Em um lado | L55: 158.2 | M55: —
A56: 52 | B56: 39 | C56: Central | D56: Avenida Esbertalina Barbosa Damiani | E56: -18.747018 | F56: -39.751608 | G56: Street View | H56: mai/2026 | I56: bloquete | J56: Sim | K56: Nos dois lados | L56: 304.3 | M56: — | N56: bloquete coberto de areia; canteiro central
A57: 53 | B57: 39 | C57: Central | D57: Rua Odílio Nico | E57: -18.746827 | F57: -39.755124 | G57: Street View | H57: fev/2012 | I57: areia | J57: Não | K57: Nenhuma | L57: 295.3 | M57: —
A58: 54 | B58: 39 | C58: Central | D58: Rua Albino Negris | E58: -18.746985 | F58: -39.752187 | G58: Street View | H58: nov/2023 | I58: areia | J58: Não | K58: Nenhuma | L58: 303.3 | M58: —
A59: 55 | B59: 39 | C59: Central | D59: Rua Álvaro Leal Calmon | E59: -18.746795 | F59: -39.755714 | G59: Street View | H59: nov/2023 | I59: areia | J59: Não | K59: Nenhuma | L59: 293.7 | M59: —
A60: 56 | B60: 39 | C60: Central | D60: Rua Oldemar Faria Santos | E60: -18.746859 | F60: -39.754518 | G60: Street View | H60: mai/2026 | I60: areia | J60: Não | K60: Em um lado | L60: 296.9 | M60: —
A61: 57 | B61: 39 | C61: Central | D61: Rua São Daniel Camboni | E61: -18.747009 | F61: -39.75337 | G61: Street View | H61: mai/2026 | I61: areia | J61: Não | K61: Em um lado | L61: 371.4 | M61: —
A62: 58 | B62: 39 | C62: Central | D62: Elisa Maria Ditthz de Abreu Costa | E62: -18.746774 | F62: -39.756295 | G62: Street View | H62: nov/2023 | I62: areia | J62: Não | K62: Nenhuma | L62: 289.8 | M62: —
A63: 59 | B63: 39 | C63: Central | D63: Rua VII | E63: -18.746953 | F63: -39.752776 | G63: Street View | H63: nov/2023 | I63: areia | J63: Não | K63: Nenhuma | L63: 301.7 | M63: —
A64: 60 | B64: 39 | C64: Central | D64: Darcy Natalino Formigoni | E64: -18.74689 | F64: -39.753946 | G64: Street View | H64: mai/2026 | I64: areia | J64: Não | K64: Nenhuma | L64: 298.5 | M64: —
A65: 61 | B65: 39 | C65: Central | D65: Rua Barra de São Francisco | E65: -18.747878 | F65: -39.754026 | G65: Street View | H65: nov/2023 | I65: areia | J65: Não | K65: Nenhuma | L65: 501.3 | M65: —
A66: 62 | B66: 47 | C66: Praiano | D66: Avenida Esbertalina Barbosa Damiani | E66: -18.74912 | F66: -39.7517 | G66: Street View | H66: mai/2026 | I66: bloquete | J66: Sim | K66: Nenhuma | L66: 183.5 | M66: — | N66: canteiro central
A67: 63 | B67: 47 | C67: Praiano | D67: Rua Odílio Nico | E67: -18.748941 | F67: -39.755197 | G67: Street View | H67: nov/2023 | I67: areia | J67: Não | K67: Em um lado | L67: 192.9 | M67: —
A68: 64 | B68: 47 | C68: Praiano | D68: Rua Albino Negris | E68: -18.749548 | F68: -39.752301 | G68: Street View | H68: nov/2023 | I68: areia | J68: Não | K68: Nenhuma | L68: 83.7 | M68: —
A69: 65 | B69: 47 | C69: Praiano | D69: Rua Albino Negris | E69: -18.748347 | F69: -39.752254 | G69: Street View | H69: nov/2023 | I69: areia | J69: Não | K69: Nenhuma | L69: 20.6 | M69: —
A70: 66 | B70: 47 | C70: Praiano | D70: Rua Álvaro Leal Calmon | E70: -18.748877 | F70: -39.755777 | G70: Street View | H70: nov/2023 | I70: areia | J70: Não | K70: Nenhuma | L70: 186.9 | M70: — | N70: lente parcialmente obstruida
A71: 67 | B71: 47 | C71: Praiano | D71: Rua Oldemar Faria Santos | E71: -18.74897 | F71: -39.754626 | G71: Street View | H71: nov/2023 | I71: areia | J71: Não | K71: Nenhuma | L71: 191.3 | M71: —
A72: 68 | B72: 47 | C72: Praiano | D72: Rua Barra de São Francisco | E72: -18.748458 | F72: -39.751584 | G72: Street View | H72: mai/2026 | I72: areia | J72: Não | K72: Em um lado | L72: 18.2 | M72: — | N72: passeio novo em concreto
A73: 69 | B73: 47 | C73: Praiano | D73: Rua Mantenópolis | E73: -18.749724 | F73: -39.755705 | G73: Street View | H73: dez/2023 | I73: areia | J73: Não | K73: Em um lado | L73: 291.3 | M73: —
A74: 70 | B74: 47 | C74: Praiano | D74: Rua Mantenópolis | E74: -18.749838 | F74: -39.752944 | G74: Street View | H74: dez/2023 | I74: areia | J74: Não | K74: Nenhuma | L74: 291.3 | M74: —
A75: 71 | B75: 47 | C75: Praiano | D75: Elisa Maria Ditthz de Abreu Costa | E75: -18.748848 | F75: -39.756383 | G75: Street View | H75: nov/2023 | I75: areia | J75: Não | K75: Nenhuma | L75: 188.8 | M75: —
A76: 72 | B76: 47 | C76: Praiano | D76: Rua VII | E76: -18.74906 | F76: -39.752867 | G76: Street View | H76: nov/2023 | I76: areia | J76: Não | K76: Nos dois lados | L76: 186.6 | M76: —
A77: 73 | B77: 47 | C77: Praiano | D77: Darcy Natalino Formigoni | E77: -18.749001 | F77: -39.754027 | G77: Street View | H77: nov/2023 | I77: areia | J77: Não | K77: Em um lado | L77: 189.7 | M77: —
A78: 74 | B78: 47 | C78: Praiano | D78: Rua Adriana Barbosa Caran | E78: -18.74903 | F78: -39.753447 | G78: Street View | H78: nov/2023 | I78: areia | J78: Não | K78: Nenhuma | L78: 188.2 | M78: —
A79: 75 | B79: 47 | C79: Praiano | D79: Raísa Bastos Magnago | E79: -18.748849 | F79: -39.756984 | G79: Street View | H79: nov/2023 | I79: areia | J79: Não | K79: Nenhuma | L79: 197.3 | M79: —
A80: 76 | B80: 47 | C80: Praiano | D80: (sem nome) | E80: -18.749051 | F80: -39.752012 | G80: Street View | H80: nov/2023 | I80: areia | J80: Não | K80: Nenhuma | L80: 69.3 | M80: —
A81: 77 | B81: 15 | C81: Morada do Sol | D81: Avenida Esbertalina Barbosa Damiani | E81: -18.750508 | F81: -39.751753 | G81: Street View | H81: mai/2026 | I81: bloquete | J81: Sim | K81: Em um lado | L81: 155.6 | M81: — | N81: canteiro central; bloquete coberto
A82: 78 | B82: 15 | C82: Morada do Sol | D82: Rua Conceição da Barra | E82: -18.752864 | F82: -39.74942 | G82: Street View | H82: nov/2023 | I82: areia | J82: Não | K82: Nos dois lados | L82: 74.4 | M82: —
A83: 79 | B83: 15 | C83: Morada do Sol | D83: Rua Horácio Barbosa Alves | E83: -18.752877 | F83: -39.748743 | G83: Street View | H83: nov/2023 | I83: areia | J83: Não | K83: Nenhuma | L83: 69.4 | M83: —
A84: 80 | B84: 15 | C84: Morada do Sol | D84: Rua Nova Venécia | E84: -18.752995 | F84: -39.750585 | G84: Street View | H84: nov/2023 | I84: areia | J84: Não | K84: Em um lado | L84: 116.5 | M84: —
A85: 81 | B85: 15 | C85: Morada do Sol | D85: Rua Jaguaré | E85: -18.752656 | F85: -39.752258 | G85: Street View | H85: nov/2023 | I85: areia | J85: Não | K85: Em um lado | L85: 320.3 | M85: —
A86: 82 | B86: 15 | C86: Morada do Sol | D86: Avenida Mar Negro | E86: -18.751172 | F86: -39.753228 | G86: Street View | H86: nov/2023 | I86: areia | J86: Não | K86: Nenhuma | L86: 164.3 | M86: —
A87: 83 | B87: 15 | C87: Morada do Sol | D87: Avenida Mar Negro | E87: -18.751188 | F87: -39.752075 | G87: Street View | H87: nov/2023 | I87: areia | J87: Não | K87: Nenhuma | L87: 62.3 | M87: —
A88: 84 | B88: 15 | C88: Morada do Sol | D88: Rua Albino Negris | E88: -18.751607 | F88: -39.752383 | G88: Street View | H88: nov/2023 | I88: areia | J88: Não | K88: Em um lado | L88: 404.2 | M88: —
A89: 85 | B89: 15 | C89: Morada do Sol | D89: Avenida Esbertalina B. Damiani | E89: -18.752335 | F89: -39.751833 | G89: Street View | H89: mai/2026 | I89: areia | J89: Não | K89: Em um lado | L89: 249.2 | M89: — | N89: canteiro central
A90: 86 | B90: 15 | C90: Morada do Sol | D90: Avenida Esbertalina B. Damiani | E90: -18.75164 | F90: -39.751706 | G90: Street View | H90: mai/2026 | I90: bloquete | J90: Sim | K90: Nenhuma | L90: 404.2 | M90: — | N90: canteiro central; bloquete sob sedimento
A91: 87 | B91: 15 | C91: Morada do Sol | D91: Rua Linhares | E91: -18.752779 | F91: -39.750011 | G91: Street View | H91: nov/2023 | I91: areia | J91: Não | K91: Em um lado | L91: 62.3 | M91: —
A92: 88 | B92: 15 | C92: Morada do Sol | D92: Rua São Gabriel da Palha | E92: -18.752965 | F92: -39.751181 | G92: Street View | H92: nov/2023 | I92: areia | J92: Não | K92: Em um lado | L92: 116.7 | M92: —
A93: 89 | B93: 15 | C93: Morada do Sol | D93: Rua VII | E93: -18.751581 | F93: -39.752974 | G93: Street View | H93: nov/2023 | I93: areia | J93: Não | K93: Em um lado | L93: 403.6 | M93: —
A94: 90 | B94: 15 | C94: Morada do Sol | D94: Rua Mantenópolis | E94: -18.749845 | F94: -39.752795 | G94: Street View | H94: dez/2023 | I94: areia | J94: Não | K94: Nenhuma | L94: 255.6 | M94: —
A95: 91 | B95: 15 | C95: Morada do Sol | D95: Rua Adriana Barbosa Caran | E95: -18.751556 | F95: -39.753561 | G95: Street View | H95: nov/2023 | I95: saibro | J95: Não | K95: Em um lado | L95: 403.1 | M95: —
A96: 92 | B96: 70 | C96: Pontal de Guriri | D96: Rua XXXII | E96: -18.724958 | F96: -39.766285 | G96: Street View | H96: mai/2026 | I96: areia | J96: Não | K96: Nenhuma | L96: 246.1 | M96: —
A97: 93 | B97: 70 | C97: Pontal de Guriri | D97: Rua Antônio Cunha Filho | E97: -18.724914 | F97: -39.765114 | G97: Street View | H97: nov/2023 | I97: areia | J97: Não | K97: Nenhuma | L97: 244.4 | M97: —
A98: 94 | B98: 70 | C98: Pontal de Guriri | D98: Rua Trinta e Cinco | E98: -18.726078 | F98: -39.768103 | G98: Street View | H98: nov/2023 | I98: areia | J98: Não | K98: Nenhuma | L98: 15.2 | M98: —
A99: 95 | B99: 70 | C99: Pontal de Guriri | D99: Rua Climéria Santos Barcellos | E99: -18.725014 | F99: -39.767482 | G99: Street View | H99: nov/2023 | I99: areia | J99: Não | K99: Nenhuma | L99: 244.8 | M99: —
A100: 96 | B100: 70 | C100: Pontal de Guriri | D100: Rua José Bonomo | E100: -18.724988 | F100: -39.766875 | G100: Street View | H100: mai/2026 | I100: bloquete | J100: Sim | K100: Em um lado | L100: 245.4 | M100: —
A101: 97 | B101: 70 | C101: Pontal de Guriri | D101: Rua Domingos Carrafa | E101: -18.724941 | F101: -39.765703 | G101: Street View | H101: nov/2023 | I101: areia | J101: Não | K101: Nenhuma | L101: 243.9 | M101: —
A102: 98 | B102: 70 | C102: Pontal de Guriri | D102: Rua XXV | E102: -18.725345 | F102: -39.76222 | G102: Satélite | H102: — | I102: areia | J102: Não | K102: — | L102: 120 | M102: media | N102: p70 R. Vinte e Cinco; faixa bege sem meio-fio nem textura de bloquete
A103: 99 | B103: 70 | C103: Pontal de Guriri | D103: Rua João Mafra Araújo | E103: -18.724796 | F103: -39.762771 | G103: Satélite | H103: — | I103: areia | J103: Não | K103: — | L103: 247.1 | M103: media | N103: p70 R. Joao Mafra Araujo; cruzamento, leito claro confundindo-se com o terreno
A104: 100 | B104: 70 | C104: Pontal de Guriri | D104: Rua Douglas Lima | E104: -18.724878 | F104: -39.764513 | G104: Street View | H104: nov/2023 | I104: areia | J104: Não | K104: Nenhuma | L104: 246.6 | M104: —
A105: 101 | B105: 70 | C105: Pontal de Guriri | D105: Rua Oreste Bigossi | E105: -18.724767 | F105: -39.761002 | G105: Street View | H105: nov/2023 | I105: areia | J105: Não | K105: Nenhuma | L105: 236.2 | M105: —
A106: 102 | B106: 70 | C106: Pontal de Guriri | D106: Rua Geraldo Pinto | E106: -18.724873 | F106: -39.763933 | G106: Street View | H106: nov/2023 | I106: areia | J106: Não | K106: Nenhuma | L106: 242 | M106: —
A107: 103 | B107: 70 | C107: Pontal de Guriri | D107: Rua XXIV | E107: -18.724786 | F107: -39.76165 | G107: Street View | H107: nov/2023 | I107: areia | J107: Não | K107: Nenhuma | L107: 238 | M107: —
A108: 104 | B108: 70 | C108: Pontal de Guriri | D108: Rua XXVII | E108: -18.724853 | F108: -39.763361 | G108: Street View | H108: nov/2023 | I108: areia | J108: Não | K108: Nenhuma | L108: 240 | M108: —
A109: 105 | B109: 70 | C109: Pontal de Guriri | D109: Rua Cajueiro | E109: -18.725065 | F109: -39.768647 | G109: Street View | H109: mai/2026 | I109: areia | J109: Não | K109: Nenhuma | L109: 245.8 | M109: —
A110: 106 | B110: 70 | C110: Pontal de Guriri | D110: Rua Trinta e Sete | E110: -18.7251 | F110: -39.769237 | G110: Street View | H110: mai/2026 | I110: areia | J110: Não | K110: Nenhuma | L110: 243.7 | M110: —
A111: 107 | B111: 70 | C111: Pontal de Guriri | D111: (sem nome) | E111: -18.725518 | F111: -39.771077 | G111: Street View | H111: mai/2026 | I111: bloquete | J111: Sim | K111: Nenhuma | L111: 130 | M111: — | N111: Estr. das Meleiras
A112: 108 | B112: 70 | C112: Pontal de Guriri | D112: (sem nome) | E112: -18.72502 | F112: -39.77058 | G112: Street View | H112: mai/2026 | I112: areia | J112: Não | K112: Nenhuma | L112: 35.8 | M112: — | N112: via lateral a pista asfaltada
...
