Workbook

Sheet Resumo Geral
A1: Levantamento de pavimentação — Loteamentos de Guriri (São Mateus/ES)
A2: Pista = leito carroçável da rua; Passeio = calçada de pedestre. Elaborado em 19/08/2026 a partir de: plantas dos loteamentos, planilha oficial de loteamentos, OpenStreetMap (medição das vias) e AUDITORIA COMPLETA DE 637 PONTOS — 1 ponto a cada ~350 m de via, verificados um a um no Google Street View (517 pontos, imagens de fev/2012 a mai/2026, predominando nov-dez/2023 e mai/2026) e, onde não há cobertura de Street View, em imagem de satélite (120 pontos).
A3: Valores aproximados. Em cada ponto classificou-se a superfície da pista (asfalto e bloquete = pavimentada; saibro e areia = não pavimentada) e a existência de calçada nas testadas. 69% da metragem teve a situação decidida por ponto próprio; o restante herdou a taxa da mesma via em loteamento contíguo ou a taxa agregada da malha auditada do loteamento (ver coluna "Origem da classificação" em cada aba). Azul = premissa/entrada editável. Recomenda-se conferência em campo e junto à Prefeitura antes de uso oficial.
A5: Nº | B5: Loteamento | C5: Proprietário / empreendedor | D5: Matrícula (registro) | E5: Área oficial (m²) | F5: Nº de vias | G5: Extensão de vias (m) | H5: Pista pavimentada (m) | I5: % pavimentada | J5: Falta pavimentar — pista (m) | K5: Falta pavimentar — pista (m²) | L5: Passeio faltante (m de via) | M5: Passeio faltante (m²) | N5: Pontos auditados | O5: Metragem medida (m) | P5: Metragem só de planta (m) | Q5: Falta s/ metragem medida (m) | R5: Falta s/ metragem de planta (m) | S5: % passeio existente | T5: Confiança do passeio
A6: 7 | B6: Balneário de Guriri | C6: Município de São Mateus | D6: 7.798/3-J (22/02/1979) | E6: 578500 | F6: 20 | G6: ='07 Balneário de Guriri'!B26 -> 16241.4 | H6: ='07 Balneário de Guriri'!E26 -> 9731.3 | I6: =IF(G6=0,0,H6/G6) -> 0.59916633 | J6: ='07 Balneário de Guriri'!F26 -> 6510.1 | K6: ='07 Balneário de Guriri'!D28 -> 52080.8 | L6: ='07 Balneário de Guriri'!D31 -> 6496.56 | M6: ='07 Balneário de Guriri'!D32 -> 25986.24 | N6: 58 | O6: 16241 | P6: 0 | Q6: 6510 | R6: 0 | S6: 0.6 | T6: alta
A7: 9 | B7: Bosque da Praia | C7: TEGIL Territorial Guriri Ltda | D7: 2.315 (14/12/1979) | E7: 1728555 | F7: 40 | G7: ='09 Bosque da Praia'!B46 -> 36392.4 | H7: ='09 Bosque da Praia'!E46 -> 0 | I7: =IF(G7=0,0,H7/G7) -> 0 | J7: ='09 Bosque da Praia'!F46 -> 36392.4 | K7: ='09 Bosque da Praia'!D48 -> 291139.2 | L7: ='09 Bosque da Praia'!D51 -> 32796.28 | M7: ='09 Bosque da Praia'!D52 -> 131185.12 | N7: 27 | O7: 942 | P7: 35450 | Q7: 942 | R7: 35450 | S7: 0.05 | T7: média
A8: 10 | B8: Parque dos Albatrozes | C8: BINOTTE Emp. Imobiliários | D8: 2.383 (18/06/1980) | E8: 757170 | F8: 32 | G8: ='10 Parque dos Albatrozes'!B38 -> 17996.4 | H8: ='10 Parque dos Albatrozes'!E38 -> 5685.3 | I8: =IF(G8=0,0,H8/G8) -> 0.31591318 | J8: ='10 Parque dos Albatrozes'!F38 -> 12311.1 | K8: ='10 Parque dos Albatrozes'!D40 -> 98488.8 | L8: ='10 Parque dos Albatrozes'!D43 -> 8458.308 | M8: ='10 Parque dos Albatrozes'!D44 -> 33833.232 | N8: 54 | O8: 17996 | P8: 0 | Q8: 12311 | R8: 0 | S8: 0.53 | T8: alta
A9: 13 | B9: Praia de Guriri | C9: Dalla Bernardina Imob. | D9: 2.025 (06/07/1983) | E9: 625209.2 | F9: 40 | G9: ='13 Praia de Guriri'!B46 -> 12416.1 | H9: ='13 Praia de Guriri'!E46 -> 2691.3 | I9: =IF(G9=0,0,H9/G9) -> 0.21675889 | J9: ='13 Praia de Guriri'!F46 -> 9724.8 | K9: ='13 Praia de Guriri'!D48 -> 77798.4 | L9: ='13 Praia de Guriri'!D51 -> 9063.753 | M9: ='13 Praia de Guriri'!D52 -> 36255.012 | N9: 57 | O9: 12416 | P9: 0 | Q9: 9725 | R9: 0 | S9: 0.27 | T9: alta
A10: 14 | B10: Jardim das Caiçaras | C10: Caiçaras Emp. Imobiliários | D10: 4.170 (05/05/1986) | E10: 1141457.9 | F10: 48 | G10: ='14 Jardim das Caiçaras'!B54 -> 21907.8 | H10: ='14 Jardim das Caiçaras'!E54 -> 3731.2 | I10: =IF(G10=0,0,H10/G10) -> 0.17031377 | J10: ='14 Jardim das Caiçaras'!F54 -> 18176.6 | K10: ='14 Jardim das Caiçaras'!D56 -> 145412.8 | L10: ='14 Jardim das Caiçaras'!D59 -> 18402.552 | M10: ='14 Jardim das Caiçaras'!D60 -> 73610.208 | N10: 78 | O10: 21908 | P10: 0 | Q10: 18177 | R10: 0 | S10: 0.16 | T10: alta
A11: 15 | B11: Morada do Sol | C11: Guriri Beach Turismo | D11: 7.640 (09/10/1986) | E11: 122213.92 | F11: 13 | G11: ='15 Morada do Sol'!B19 -> 3114.8 | H11: ='15 Morada do Sol'!E19 -> 514.4 | I11: =IF(G11=0,0,H11/G11) -> 0.16514704 | J11: ='15 Morada do Sol'!F19 -> 2600.4 | K11: ='15 Morada do Sol'!D21 -> 20803.2 | L11: ='15 Morada do Sol'!D24 -> 1993.472 | M11: ='15 Morada do Sol'!D25 -> 7973.888 | N11: 15 | O11: 3115 | P11: 0 | Q11: 2600 | R11: 0 | S11: 0.36 | T11: alta
A12: 25 | B12: Parque Residencial Oitizeiro | C12: Alba Figueiredo Brasileiro | D12: 14.380 (02/06/2000) | E12: 557784.5 | F12: 31 | G12: ='25 Park Res. Oitizeiro'!B37 -> 13895.5 | H12: ='25 Park Res. Oitizeiro'!E37 -> 752.2 | I12: =IF(G12=0,0,H12/G12) -> 0.054132633 | J12: ='25 Park Res. Oitizeiro'!F37 -> 13143.3 | K12: ='25 Park Res. Oitizeiro'!D39 -> 105146.4 | L12: ='25 Park Res. Oitizeiro'!D42 -> 7781.48 | M12: ='25 Park Res. Oitizeiro'!D43 -> 31125.92 | N12: 41 | O12: 13896 | P12: 0 | Q12: 13143 | R12: 0 | S12: 0.44 | T12: alta
A13: 27 | B13: Residencial Mar Aberto | C13: Mirante Emp. Imobiliários | D13: 9.853 (25/08/2000) | E13: 387200 | F13: 35 | G13: ='27 Res. Mar Aberto'!B41 -> 6839 | H13: ='27 Res. Mar Aberto'!E41 -> 626.2 | I13: =IF(G13=0,0,H13/G13) -> 0.091563094 | J13: ='27 Res. Mar Aberto'!F41 -> 6212.8 | K13: ='27 Res. Mar Aberto'!D43 -> 49702.4 | L13: ='27 Res. Mar Aberto'!D46 -> 6702.22 | M13: ='27 Res. Mar Aberto'!D47 -> 26808.88 | N13: 33 | O13: 2731 | P13: 4108 | Q13: 2220 | R13: 3993 | S13: 0.02 | T13: alta
A14: 31 | B14: Melhorini Residencial Parque | C14: Domingos Melhorini | D14: 9.300 (26/11/2001) | E14: 70180 | F14: 10 | G14: ='31 Melhorini Res. Parque'!B16 -> 1520.9 | H14: ='31 Melhorini Res. Parque'!E16 -> 339.3 | I14: =IF(G14=0,0,H14/G14) -> 0.22309159 | J14: ='31 Melhorini Res. Parque'!F16 -> 1181.6 | K14: ='31 Melhorini Res. Parque'!D18 -> 9452.8 | L14: ='31 Melhorini Res. Parque'!D21 -> 1079.839 | M14: ='31 Melhorini Res. Parque'!D22 -> 4319.356 | N14: 10 | O14: 1521 | P14: 0 | Q14: 1182 | R14: 0 | S14: 0.29 | T14: média
A15: 35 | B15: Verão Vermelho | C15: Neri Mariani | D15: 16.265 (24/10/2003) | E15: 402084 | F15: 34 | G15: ='35 Verão Vermelho'!B40 -> 10602.1 | H15: ='35 Verão Vermelho'!E40 -> 425.3 | I15: =IF(G15=0,0,H15/G15) -> 0.040114694 | J15: ='35 Verão Vermelho'!F40 -> 10176.8 | K15: ='35 Verão Vermelho'!D42 -> 81414.4 | L15: ='35 Verão Vermelho'!D45 -> 6807.574 | M15: ='35 Verão Vermelho'!D46 -> 27230.296 | N15: 37 | O15: 2772 | P15: 7830 | Q15: 2347 | R15: 7830 | S15: 0.06 | T15: alta
A16: 36 | B16: Residencial Ilha de Guriri I | C16: Airton Ruberth | D16: 15.191 (12/11/2003) | E16: 77639 | F16: 9 | G16: ='36 Res. Ilha de Guriri I'!B15 -> 1995.2 | H16: ='36 Res. Ilha de Guriri I'!E15 -> 0 | I16: =IF(G16=0,0,H16/G16) -> 0 | J16: ='36 Res. Ilha de Guriri I'!F15 -> 1995.2 | K16: ='36 Res. Ilha de Guriri I'!D17 -> 15961.6 | L16: ='36 Res. Ilha de Guriri I'!D20 -> 1556.256 | M16: ='36 Res. Ilha de Guriri I'!D21 -> 6225.024 | N16: 9 | O16: 1995 | P16: 0 | Q16: 1995 | R16: 0 | S16: 0.22 | T16: média
A17: 39 | B17: Central | C17: Kajuzal Camping | D17: 16.104 (25/11/2003) | E17: 124388 | F17: 15 | G17: ='39 Central'!B21 -> 3725.3 | H17: ='39 Central'!E21 -> 435.4 | I17: =IF(G17=0,0,H17/G17) -> 0.11687649 | J17: ='39 Central'!F21 -> 3289.9 | K17: ='39 Central'!D23 -> 26319.2 | L17: ='39 Central'!D26 -> 2980.24 | M17: ='39 Central'!D27 -> 11920.96 | N17: 10 | O17: 3725 | P17: 0 | Q17: 3290 | R17: 0 | S17: 0.2 | T17: média
A18: 42 | B18: Residencial Bom Jesus | C18: Kajuzal Camping | D18: 15.989 (23/12/2003) | E18: 1089673.4 | F18: 22 | G18: ='42 Res. Bom Jesus'!B28 -> 23700.1 | H18: ='42 Res. Bom Jesus'!E28 -> 20665.5 | I18: =IF(G18=0,0,H18/G18) -> 0.87195835 | J18: ='42 Res. Bom Jesus'!F28 -> 3034.6 | K18: ='42 Res. Bom Jesus'!D30 -> 24276.8 | L18: ='42 Res. Bom Jesus'!D33 -> 18249.077 | M18: ='42 Res. Bom Jesus'!D34 -> 72996.308 | N18: 70 | O18: 21624 | P18: 2076 | Q18: 2702 | R18: 332 | S18: 0.23 | T18: alta
A19: 47 | B19: Praiano | C19: Praiano Guriri Clube | D19: 10.725 | E19: 96800 | F19: 15 | G19: ='47 Praiano'!B21 -> 2612.2 | H19: ='47 Praiano'!E21 -> 257.4 | I19: =IF(G19=0,0,H19/G19) -> 0.098537631 | J19: ='47 Praiano'!F21 -> 2354.8 | K19: ='47 Praiano'!D23 -> 18838.4 | L19: ='47 Praiano'!D26 -> 2063.638 | M19: ='47 Praiano'!D27 -> 8254.552 | N19: 15 | O19: 2612 | P19: 0 | Q19: 2355 | R19: 0 | S19: 0.21 | T19: alta
A20: 49 | B20: Vale do Amazonas | C20: Igor Vescovi Devens | D20: 15.185 | E20: 77639 | F20: 4 | G20: ='49 Vale do Amazonas'!B10 -> 1154.4 | H20: ='49 Vale do Amazonas'!E10 -> 0 | I20: =IF(G20=0,0,H20/G20) -> 0 | J20: ='49 Vale do Amazonas'!F10 -> 1154.4 | K20: ='49 Vale do Amazonas'!D12 -> 9235.2 | L20: ='49 Vale do Amazonas'!D15 -> 1154.4 | M20: ='49 Vale do Amazonas'!D16 -> 4617.6 | N20: 4 | O20: 1154 | P20: 0 | Q20: 1154 | R20: 0 | S20: 0 | T20: baixa
A21: 50 | B21: Flor Pan | C21: Antonio Costa | D21: 15.189 | E21: 77639 | F21: 7 | G21: ='50 Flor Pan'!B13 -> 1809.1 | H21: ='50 Flor Pan'!E13 -> 0 | I21: =IF(G21=0,0,H21/G21) -> 0 | J21: ='50 Flor Pan'!F13 -> 1809.1 | K21: ='50 Flor Pan'!D15 -> 14472.8 | L21: ='50 Flor Pan'!D18 -> 1320.643 | M21: ='50 Flor Pan'!D19 -> 5282.572 | N21: 9 | O21: 1809 | P21: 0 | Q21: 1809 | R21: 0 | S21: 0.27 | T21: média
A22: 60 | B22: Residencial Evidência | C22: Anildo Moreira Tavares | D22: 9.497 | E22: 138513.92 | F22: 22 | G22: ='60 Res. Evidência'!B28 -> 3885 | H22: ='60 Res. Evidência'!E28 -> 0 | I22: =IF(G22=0,0,H22/G22) -> 0 | J22: ='60 Res. Evidência'!F28 -> 3885 | K22: ='60 Res. Evidência'!D30 -> 31080 | L22: ='60 Res. Evidência'!D33 -> 2602.95 | M22: ='60 Res. Evidência'!D34 -> 10411.8 | N22: 22 | O22: 3885 | P22: 0 | Q22: 3885 | R22: 0 | S22: 0.33 | T22: alta
A23: 70 | B23: Pontal de Guriri | C23: João Bosco Cevolane | D23: 19.747 | E23: 244194.61 | F23: 17 | G23: ='70 Pontal de Guriri'!B23 -> 6052.1 | H23: ='70 Pontal de Guriri'!E23 -> 572 | I23: =IF(G23=0,0,H23/G23) -> 0.094512649 | J23: ='70 Pontal de Guriri'!F23 -> 5480.1 | K23: ='70 Pontal de Guriri'!D25 -> 43840.8 | L23: ='70 Pontal de Guriri'!D28 -> 5931.058 | M23: ='70 Pontal de Guriri'!D29 -> 23724.232 | N23: 28 | O23: 6052 | P23: 0 | Q23: 5480 | R23: 0 | S23: 0.02 | T23: alta
A24: 78 | B24: João de Barro (COHAJOBA) | C24: COHAJOBA | D24: 19.792 | E24: 54750 | F24: 10 | G24: ='78 João de Barro'!B16 -> 1490 | H24: ='78 João de Barro'!E16 -> 0 | I24: =IF(G24=0,0,H24/G24) -> 0 | J24: ='78 João de Barro'!F16 -> 1490 | K24: ='78 João de Barro'!D18 -> 11920 | L24: ='78 João de Barro'!D21 -> 1102 | M24: ='78 João de Barro'!D22 -> 4408 | N24: 14 | O24: 0 | P24: 1490 | Q24: 0 | R24: 1490 | S24: 0.05 | T24: baixa
A25: 80 | B25: Soma Cevolani (Golden Guriri) | C25: Soma Cevolani SPE | D25: 52.586 | E25: 234671.83 | F25: 8 | G25: ='80 Soma Cevolani'!B14 -> 4952 | H25: ='80 Soma Cevolani'!E14 -> 4952 | I25: =IF(G25=0,0,H25/G25) -> 1 | J25: ='80 Soma Cevolani'!F14 -> 0 | K25: ='80 Soma Cevolani'!D16 -> 0 | L25: ='80 Soma Cevolani'!D19 -> 4308.24 | M25: ='80 Soma Cevolani'!D20 -> 17232.96 | N25: 32 | O25: 0 | P25: 4952 | Q25: 0 | R25: 0 | S25: 0.13 | T25: baixa
A26: 84 | B26: Pontal de Guriri II | C26: João Bosco Cevolane Ltda | D26: 54.633 | E26: 44371.01 | F26: 5 | G26: ='84 Pontal de Guriri II'!B11 -> 1073 | H26: ='84 Pontal de Guriri II'!E11 -> 0 | I26: =IF(G26=0,0,H26/G26) -> 0 | J26: ='84 Pontal de Guriri II'!F11 -> 1073 | K26: ='84 Pontal de Guriri II'!D13 -> 8584 | L26: ='84 Pontal de Guriri II'!D16 -> 772.56 | M26: ='84 Pontal de Guriri II'!D17 -> 3090.24 | N26: 14 | O26: 0 | P26: 1073 | Q26: 0 | R26: 1073 | S26: 0.28 | T26: baixa
B27: TOTAL GERAL — GURIRI | F27: =SUM(F6:F26) -> 437 | G27: =SUM(G6:G26) -> 193374.8 | H27: =SUM(H6:H26) -> 51378.8 | I27: =IF(G27=0,0,H27/G27) -> 0.26569543 | J27: =SUM(J6:J26) -> 141996 | K27: =SUM(K6:K26) -> 1135968 | L27: =SUM(L6:L26) -> 141623.1 | M27: =SUM(M6:M26) -> 566492.4 | N27: =SUM(N6:N26) -> 637 | O27: =SUM(O6:O26) -> 136394 | P27: =SUM(P6:P26) -> 56979 | Q27: =SUM(Q6:Q26) -> 91827 | R27: =SUM(R6:R26) -> 50168
A29: Notas e premissas:
A30: • Falta pavimentar (m²) = metros lineares faltantes × 8 m (largura média de pista adotada como premissa).
A31: • ATENÇÃO — "Passeio faltante (m de via)": são metros de VIA sem calçada completa nos dois lados, NÃO metros lineares de calçada. Para orçar calçada em metro linear, multiplique por 2 (dois lados).
A32: • A extensão de vias não abertas está incluída em "Falta pavimentar", pois são obras a executar; ela NÃO entra no cálculo de passeio.
A33: • Metragem medida = via com traçado existente medido sobre imagem; metragem só de planta = via prevista no projeto, sem traçado medido — sua existência física deve ser confirmada em campo antes de orçar.
A34: • Passeio faltante (m²) = metros de via aberta sem passeio completo × 4 m (2 lados × 2 m de largura de calçada); vias não abertas não entram no cálculo de passeio.
A35: • A extensão total inclui vias previstas em planta ainda não abertas (contam integralmente como “falta pavimentar”).
A36: • Células em azul nas abas = entradas/premissas editáveis (ex.: % de passeio existente por amostragem).
A37: • Áreas oficiais: planilha de loteamentos da Prefeitura de São Mateus e quadros de áreas das plantas.
A38: • Nº 7 (Balneário): a planta disponível cobre apenas um setor (386.000 m²); adotada a área da planilha oficial (578.500 m²).

Sheet 07 Balneário de Guriri
A1: Loteamento Balneário de Guriri — planta nº 7
A2: Proprietário/empreendedor: Município de São Mateus | Matrícula: 7.798/3-J (22/02/1979) | Área oficial: 578.500 m²
A3: Auditoria completa: 58 pontos verificados neste loteamento (1 ponto a cada ~350 m de via) no Google Street View e. onde não há cobertura. em satélite. Metragem com traçado medido: 16.241 m; só de planta: 0 m.
A5: Rua / via | B5: Extensão da pista (m) | C5: Situação da pista | D5: % pista pavimentada | E5: Pavimentado (m) | F5: Falta pavimentar (m) | G5: Confiança | H5: Passeio (calçada) | I5: % passeio | J5: Pontos auditados | K5: Origem da classificação | L5: Metragem | M5: Observações
A6: Avenida Oceano Atlântico | B6: 2712 | C6: Pavimentada | D6: 1 | E6: =ROUND(B6*D6,1) -> 2712 | F6: =B6-E6 -> 0 | G6: alta | H6: Sim (maioria) | I6: 0.93 | J6: 8 | K6: 8 ponto(s): 8 SV + 0 satélite (bloquete) | L6: medida (traçado) | M6: Primeira Avenida da planta/orla ES-010; asfalto cinza com estacionamento, quiosques e calcadao junto a praca.
A7: Avenida Governador Eurico Vieira de Rezende | B7: 805.1 | C7: Pavimentada | D7: 1 | E7: =ROUND(B7*D7,1) -> 805.1 | F7: =B7-E7 -> 0 | G7: alta | H7: Sim (maioria) | I7: 1 | J7: 2 | K7: 2 ponto(s): 1 SV + 1 satélite (asfalto, bloquete) | L7: medida (traçado) | M7: Corresponde ao eixo Av. Guriri/praca do centro comercial; cinza, comercio denso.
A8: Avenida Esbertalina Barbosa Damiani | B8: 379.5 | C8: Pavimentada | D8: 1 | E8: =ROUND(B8*D8,1) -> 379.5 | F8: =B8-E8 -> 0 | G8: alta | H8: Parcial | I8: 0.5 | J8: 1 | K8: 1 ponto(s): 1 SV + 0 satélite (bloquete) | L8: medida (traçado) | M8: Segunda Avenida da planta (limite oeste); cinza continua, rota de onibus. | corrigido por SV
A9: Rua Pinheiros | B9: 386.2 | C9: Não pavimentada | D9: 0 | E9: =ROUND(B9*D9,1) -> 0 | F9: =B9-E9 -> 386.2 | G9: alta | H9: Parcial | I9: 0.5 | J9: 1 | K9: 1 ponto(s): 1 SV + 0 satélite (saibro) | L9: medida (traçado) | M9: Areia/bege no satelite (hz_18395/18435/18475).
A10: Rua Linhares | B10: 1390.7 | C10: Não pavimentada | D10: 0 | E10: =ROUND(B10*D10,1) -> 0 | F10: =B10-E10 -> 1390.7 | G10: alta | H10: Parcial | I10: 0.5 | J10: 5 | K10: 5 ponto(s): 5 SV + 0 satélite (saibro) | L10: medida (traçado) | M10: OSM unpaved; satelite mostra ~150 m cinza junto ao centro comercial (Zuliani/Eurico Rezende); restante ate -18.751 em areia.
A11: Avenida Oceano Índico | B11: 805.8 | C11: Pavimentada | D11: 1 | E11: =ROUND(B11*D11,1) -> 805.8 | F11: =B11-E11 -> 0 | G11: alta | H11: Parcial | I11: 0.5 | J11: 2 | K11: 2 ponto(s): 2 SV + 0 satélite (bloquete) | L11: medida (traçado) | M11: Terceira Avenida da planta (transversal com canteiro); cinza da Esbertalina ate a orla.
A12: Rua Horácio Barbosa Alves | B12: 1372.6 | C12: Parcial | D12: 0.77 | E12: =ROUND(B12*D12,1) -> 1056.9 | F12: =B12-E12 -> 315.7 | G12: alta | H12: Parcial | I12: 0.54 | J12: 5 | K12: 5 ponto(s): 5 SV + 0 satélite (bloquete, saibro) | L12: medida (traçado) | M12: Areia/bege no satelite (hz_18395/18435/18475).
A13: Rua São Gabriel da Palha | B13: 1414 | C13: Parcial | D13: 0.27 | E13: =ROUND(B13*D13,1) -> 381.8 | F13: =B13-E13 -> 1032.2 | G13: alta | H13: Parcial | I13: 0.64 | J13: 5 | K13: 5 ponto(s): 5 SV + 0 satélite (bloquete, saibro) | L13: medida (traçado) | M13: Areia; possivel toco curto pavimentado junto ao centro (nao conclusivo).
A14: Rua Barra de São Francisco | B14: 383.2 | C14: Não pavimentada | D14: 0 | E14: =ROUND(B14*D14,1) -> 0 | F14: =B14-E14 -> 383.2 | G14: alta | H14: Parcial | I14: 0.5 | J14: 1 | K14: 1 ponto(s): 1 SV + 0 satélite (saibro) | L14: medida (traçado) | M14: Areia/bege no satelite (hz_18395/18435/18475).
A15: (sem nome) | B15: 367.2 | C15: Parcial | D15: 0.66 | E15: =ROUND(B15*D15,1) -> 242.4 | F15: =B15-E15 -> 124.8 | G15: alta | H15: Sim (maioria) | I15: 0.79 | J15: 5 | K15: 5 ponto(s): 5 SV + 0 satélite (areia, asfalto, bloquete) | L15: medida (traçado) | M15: 22 ways de ligacao na praca/orla (primary_link/tertiary_link) majoritariamente asfaltados; poucos tocos de areia.
A16: Avenida Esbertalina B. Damiani | B16: 1142.1 | C16: Pavimentada | D16: 1 | E16: =ROUND(B16*D16,1) -> 1142.1 | F16: =B16-E16 -> 0 | G16: alta | H16: Parcial | I16: 0.5 | J16: 2 | K16: 2 ponto(s): 2 SV + 0 satélite (bloquete) | L16: medida (traçado) | M16: Continuacao sul do mesmo eixo; cinza com pontos de onibus ate alem da Mantenopolis. | corrigido por SV
A17: Rua Boa Esperança | B17: 389 | C17: Não pavimentada | D17: 0 | E17: =ROUND(B17*D17,1) -> 0 | F17: =B17-E17 -> 389 | G17: alta | H17: Não | I17: 0 | J17: 1 | K17: 1 ponto(s): 1 SV + 0 satélite (areia) | L17: medida (traçado) | M17: Areia/bege no satelite (hz_18395/18435/18475).
... A25: Rua Esbertalina B. Damiani | B25: 9.2 | C25: Pavimentada | D25: 1 | E25: =ROUND(B25*D25,1) -> 9.2 | F25: =B25-E25 -> 0 | G25: alta | H25: Sim (maioria) | I25: 1 | J25: 1 | K25: 1 ponto(s): 1 SV + 0 satélite (bloquete) | L25: medida (traçado) | M25: Toco de 9 m sem tag; mesmo eixo pavimentado. | corrigido por SV
A26: TOTAL | B26: =SUM(B6:B25) -> 16241.4 | D26: =IF(B26=0,0,E26/B26) -> 0.59916633 | E26: =SUM(E6:E25) -> 9731.3 | F26: =SUM(F6:F25) -> 6510.1
A28: Falta pavimentar — pista (m²): | D28: =F26*8 -> 52080.8 | E28: largura média de pista adotada: 8 m (premissa)
A29: Vias não abertas incluídas no total (m): | D29: 0 | E29: constam na planta, sem abertura visível no satélite
A30: Passeio (calçada de pedestre) existente: | D30: 0.6 | E30: medido em 53 ponto(s) do Street View — confiança alta
A31: Passeio faltante (m de via aberta): | D31: =(B26-D29)*(1-D30) -> 6496.56 | E31: vias não abertas excluídas do cálculo de passeio
A32: Passeio faltante (m²): | D32: =D31*4 -> 25986.24 | E32: premissa: 2 lados × 2 m de largura de calçada
A33: Pavimento sobre metragem medida (m): | D33: 9731
A34: Pavimento sobre metragem só de planta (m): | D34: 0 | E34: sem traçado medido — existência a confirmar em campo
A35: Falta pavimentar sobre metragem medida (m): | D35: 6510
A36: Falta pavimentar sobre metragem só de planta (m): | D36: 0 | E36: parcela do orçamento que depende de vias ainda não confirmadas em campo
A37: Obs. passeio: medido em 53 ponto(s) do Street View — ambos os lados=100%, um lado=50%, nenhum=0%

Sheet 09 Bosque da Praia
A1: Loteamento Bosque da Praia — planta nº 9
A2: Proprietário/empreendedor: TEGIL Territorial Guriri Ltda | Matrícula: 2.315 (14/12/1979) | Área oficial: 1.728.555 m²
A3: Auditoria completa: 27 pontos verificados neste loteamento (1 ponto a cada ~350 m de via) no Google Street View e. onde não há cobertura. em satélite. Metragem com traçado medido: 942 m; só de planta: 35.450 m.
A5: Rua / via | B5: Extensão da pista (m) | C5: Situação da pista | D5: % pista pavimentada | E5: Pavimentado (m) | F5: Falta pavimentar (m) | G5: Confiança | H5: Passeio (calçada) | I5: % passeio | J5: Pontos auditados | K5: Origem da classificação | L5: Metragem | M5: Observações
A6: Estrada São Mateus-Estiva de Barra Nova | B6: 942.4 | C6: Não pavimentada | D6: 0 | E6: =ROUND(B6*D6,1) -> 0 | F6: =B6-E6 -> 942.4 | G6: alta | H6: Não | I6: 0 | J6: 3 | K6: 3 ponto(s): 3 SV + 0 satélite (saibro) | L6: medida (traçado) | M6: 'AV.' diagonal de 20 m da divisa oeste da planta de 1979; hoje ES-010 asfaltada (linha escura no satelite), 942 m no poligono
A7: RUA 1 | B7: 920 | C7: Não pavimentada | D7: 0 | E7: =ROUND(B7*D7,1) -> 0 | F7: =B7-E7 -> 920 | G7: baixa | H7: Não avaliável | I7: — | J7: 0 | K7: sem ponto próprio — taxa agregada da malha física auditada do loteamento | L7: planta (não medida) | M7: primeira rua junto a orla, atras da duna: aberta em areia, continua de -18.7746 a ~-18.782
A8: RUA 2 | B8: 920 | C8: Não pavimentada | D8: 0 | E8: =ROUND(B8*D8,1) -> 0 | F8: =B8-E8 -> 920 | G8: baixa | H8: Não avaliável | I8: — | J8: 0 | K8: sem ponto próprio — taxa agregada da malha física auditada do loteamento | L8: planta (não medida) | M8: 'R. Dois' rotulada no Google: aberta em areia por toda a extensao
A9: RUA 3 | B9: 920 | C9: Não pavimentada | D9: 0 | E9: =ROUND(B9*D9,1) -> 0 | F9: =B9-E9 -> 920 | G9: baixa | H9: Não avaliável | I9: — | J9: 0 | K9: sem ponto próprio — taxa agregada da malha física auditada do loteamento | L9: planta (não medida) | M9: aberta em areia (grade visivel hz_18775s/hz_18830s) de -18.7746 ate a mata em ~-18.782; sem edificacao na maior parte
A10: RUA 4 | B10: 920 | C10: Não pavimentada | D10: 0 | E10: =ROUND(B10*D10,1) -> 0 | F10: =B10-E10 -> 920 | G10: baixa | H10: Não avaliável | I10: — | J10: 0 | K10: sem ponto próprio — taxa agregada da malha física auditada do loteamento | L10: planta (não medida) | M10: aberta em areia (grade visivel hz_18775s/hz_18830s) de -18.7746 ate a mata em ~-18.782; sem edificacao na maior parte
A11: RUA 5 | B11: 920 | C11: Não pavimentada | D11: 0 | E11: =ROUND(B11*D11,1) -> 0 | F11: =B11-E11 -> 920 | G11: baixa | H11: Não avaliável | I11: — | J11: 0 | K11: sem ponto próprio — taxa agregada da malha física auditada do loteamento | L11: planta (não medida) | M11: aberta em areia (grade visivel hz_18775s/hz_18830s) de -18.7746 ate a mata em ~-18.782; sem edificacao na maior parte
A12: RUA 6 | B12: 920 | C12: Não pavimentada | D12: 0 | E12: =ROUND(B12*D12,1) -> 0 | F12: =B12-E12 -> 920 | G12: baixa | H12: Não avaliável | I12: — | J12: 0 | K12: sem ponto próprio — taxa agregada da malha física auditada do loteamento | L12: planta (não medida) | M12: aberta em areia (grade visivel hz_18775s/hz_18830s) de -18.7746 ate a mata em ~-18.782; sem edificacao na maior parte
A13: RUA 7 | B13: 920 | C13: Não pavimentada | D13: 0 | E13: =ROUND(B13*D13,1) -> 0 | F13: =B13-E13 -> 920 | G13: baixa | H13: Não avaliável | I13: — | J13: 0 | K13: sem ponto próprio — taxa agregada da malha física auditada do loteamento | L13: planta (não medida) | M13: aberta em areia (grade visivel hz_18775s/hz_18830s) de -18.7746 ate a mata em ~-18.782; sem edificacao na maior parte
A14: RUA 8 | B14: 920 | C14: Não pavimentada | D14: 0 | E14: =ROUND(B14*D14,1) -> 0 | F14: =B14-E14 -> 920 | G14: baixa | H14: Não avaliável | I14: — | J14: 0 | K14: sem ponto próprio — taxa agregada da malha física auditada do loteamento | L14: planta (não medida) | M14: aberta em areia (grade visivel hz_18775s/hz_18830s) de -18.7746 ate a mata em ~-18.782; sem edificacao na maior parte
A15: RUA 9 | B15: 920 | C15: Não pavimentada | D15: 0 | E15: =ROUND(B15*D15,1) -> 0 | F15: =B15-E15 -> 920 | G15: baixa | H15: Não avaliável | I15: — | J15: 0 | K15: sem ponto próprio — taxa agregada da malha física auditada do loteamento | L15: planta (não medida) | M15: aberta em areia (grade visivel hz_18775s/hz_18830s) de -18.7746 ate a mata em ~-18.782; sem edificacao na maior parte
A16: RUA 10 | B16: 920 | C16: Não pavimentada | D16: 0 | E16: =ROUND(B16*D16,1) -> 0 | F16: =B16-E16 -> 920 | G16: baixa | H16: Não avaliável | I16: — | J16: 0 | K16: sem ponto próprio — taxa agregada da malha física auditada do loteamento | L16: planta (não medida) | M16: aberta em areia (grade visivel hz_18775s/hz_18830s) de -18.7746 ate a mata em ~-18.782; sem edificacao na maior parte
A17: RUA 11 | B17: 920 | C17: Não pavimentada | D17: 0 | E17: =ROUND(B17*D17,1) -> 0 | F17: =B17-E17 -> 920 | G17: baixa | H17: Não avaliável | I17: — | J17: 0 | K17: sem ponto próprio — taxa agregada da malha física auditada do loteamento | L17: planta (não medida) | M17: aberta em areia (grade visivel hz_18775s/hz_18830s) de -18.7746 ate a mata em ~-18.782; sem edificacao na maior parte
A18: RUA 12 | B18: 920 | C18: Não pavimentada | D18: 0 | E18: =ROUND(B18*D18,1) -> 0 | F18: =B18-E18 -> 920 | G18: baixa | H18: Não avaliável | I18: — | J18: 0 | K18: sem ponto próprio — taxa agregada da malha física auditada do loteamento | L18: planta (não medida) | M18: aberta em areia (grade visivel hz_18775s/hz_18830s) de -18.7746 ate a mata em ~-18.782; sem edificacao na maior parte
... A45: AV. ATLANTICA | B45: 920 | C45: Não pavimentada | D45: 0 | E45: =ROUND(B45*D45,1) -> 0 | F45: =B45-E45 -> 920 | G45: baixa | H45: Não avaliável | I45: — | J45: 0 | K45: sem ponto próprio — taxa agregada da malha física auditada do loteamento | L45: planta (não medida) | M45: orla: trilha de areia na crista da duna, continua em trechos; estacionamento e calcadao do projeto nunca implantados
A46: TOTAL | B46: =SUM(B6:B45) -> 36392.4 | D46: =IF(B46=0,0,E46/B46) -> 0 | E46: =SUM(E6:E45) -> 0 | F46: =SUM(F6:F45) -> 36392.4
A48: Falta pavimentar — pista (m²): | D48: =F46*8 -> 291139.2 | E48: largura média de pista adotada: 8 m (premissa)
A49: Vias não abertas incluídas no total (m): | D49: 1870 | E49: constam na planta, sem abertura visível no satélite
A50: Passeio (calçada de pedestre) existente: | D50: 0.05 | E50: medido em 12 ponto(s) do Street View — confiança média
A51: Passeio faltante (m de via aberta): | D51: =(B46-D49)*(1-D50) -> 32796.28 | E51: vias não abertas excluídas do cálculo de passeio
A52: Passeio faltante (m²): | D52: =D51*4 -> 131185.12 | E52: premissa: 2 lados × 2 m de largura de calçada
A53: Pavimento sobre metragem medida (m): | D53: 0
A54: Pavimento sobre metragem só de planta (m): | D54: 0 | E54: sem traçado medido — existência a confirmar em campo
A55: Falta pavimentar sobre metragem medida (m): | D55: 942
A56: Falta pavimentar sobre metragem só de planta (m): | D56: 35450 | E56: parcela do orçamento que depende de vias ainda não confirmadas em campo
A57: Obs. passeio: medido em 12 ponto(s) do Street View — ambos os lados=100%, um lado=50%, nenhum=0%

Sheet 10 Parque dos Albatrozes
A1: Loteamento Parque dos Albatrozes — planta nº 10
A2: Proprietário/empreendedor: BINOTTE Emp. Imobiliários | Matrícula: 2.383 (18/06/1980) | Área oficial: 757.170 m²
A3: Auditoria completa: 54 pontos verificados neste loteamento (1 ponto a cada ~350 m de via) no Google Street View e. onde não há cobertura. em satélite. Metragem com traçado medido: 17.996 m; só de planta: 0 m.
A5: Rua / via | B5: Extensão da pista (m) | C5: Situação da pista | D5: % pista pavimentada | E5: Pavimentado (m) | F5: Falta pavimentar (m) | G5: Confiança | H5: Passeio (calçada) | I5: % passeio | J5: Pontos auditados | K5: Origem da classificação | L5: Metragem | M5: Observações
A6: Sétima Avenida | B6: 1101.1 | C6: Não pavimentada | D6: 0 | E6: =ROUND(B6*D6,1) -> 0 | F6: =B6-E6 -> 1101.1 | G6: alta | H6: Parcial | I6: 0.33 | J6: 3 | K6: 3 ponto(s): 3 SV + 0 satélite (areia) | L6: medida (traçado) | M6: Areia/bege no satelite (hz_18315/18355).
A7: Avenida Homero Zordan | B7: 1377.1 | C7: Parcial | D7: 0.42 | E7: =ROUND(B7*D7,1) -> 578.4 | F7: =B7-E7 -> 798.7 | G7: alta | H7: Parcial | I7: 0.32 | J7: 4 | K7: 4 ponto(s): 4 SV + 0 satélite (areia, bloquete) | L7: medida (traçado) | M7: OSM dirt+paving_stones; satelite mostra cinza no trecho central (cruzamento com o eixo asfaltado Othovarino e junto a Esbertalina/praca de eventos); extremo oeste e trecho junto a orla em tom areia.
A8: Avenida Espera Feliz | B8: 536.1 | C8: Parcial | D8: 0.52 | E8: =ROUND(B8*D8,1) -> 278.8 | F8: =B8-E8 -> 257.3 | G8: baixa | H8: Não avaliável | I8: — | J8: 0 | K8: trecho curto sem ponto próprio — adotada a situação da mesma via (nome próprio, loteamento contíguo) em 6 ponto(s): p13=0%, p14=100%, p60=0% | L8: medida (traçado) | M8: Pavimentada (cinza, rotatoria e ponto de onibus) da diagonal Othovarino ate a orla; toco oeste em areia.
A9: Rua Pedro Alves Ribeiro | B9: 624.3 | C9: Não pavimentada | D9: 0 | E9: =ROUND(B9*D9,1) -> 0 | F9: =B9-E9 -> 624.3 | G9: alta | H9: Parcial | I9: 0.25 | J9: 2 | K9: 2 ponto(s): 2 SV + 0 satélite (areia) | L9: medida (traçado) | M9: Areia/bege no satelite (hz_18315/18355).
A10: Rua Elisa Maria Ditthz de Abreu Costa | B10: 598.3 | C10: Não pavimentada | D10: 0 | E10: =ROUND(B10*D10,1) -> 0 | F10: =B10-E10 -> 598.3 | G10: alta | H10: Não | I10: 0 | J10: 2 | K10: 2 ponto(s): 2 SV + 0 satélite (areia) | L10: medida (traçado) | M10: Areia/bege no satelite (hz_18315/18355).
A11: (sem nome) | B11: 346.1 | C11: Não pavimentada | D11: 0 | E11: =ROUND(B11*D11,1) -> 0 | F11: =B11-E11 -> 346.1 | G11: alta | H11: Parcial | I11: 0.5 | J11: 1 | K11: 1 ponto(s): 1 SV + 0 satélite (saibro) | L11: medida (traçado) | M11: 3 ways paving_stones+unpaved; vielas junto ao eixo Esbertalina.
A12: Avenida Esbertalina Barbosa Damiani | B12: 21.6 | C12: Pavimentada | D12: 1 | E12: =ROUND(B12*D12,1) -> 21.6 | F12: =B12-E12 -> 0 | G12: alta | H12: Sim (maioria) | I12: 1 | J12: 1 | K12: 1 ponto(s): 1 SV + 0 satélite (asfalto) | L12: medida (traçado) | M12: Toco de 22 m na rotatoria com a Espera Feliz; cinza no satelite.
A13: Rua Álvaro Leal Calmon | B13: 596 | C13: Não pavimentada | D13: 0 | E13: =ROUND(B13*D13,1) -> 0 | F13: =B13-E13 -> 596 | G13: alta | H13: Parcial | I13: 0.25 | J13: 2 | K13: 2 ponto(s): 2 SV + 0 satélite (saibro) | L13: medida (traçado) | M13: Areia/bege no satelite (hz_18315/18355).
A14: Rua Raísa Bastos Magnago | B14: 592.3 | C14: Não pavimentada | D14: 0 | E14: =ROUND(B14*D14,1) -> 0 | F14: =B14-E14 -> 592.3 | G14: alta | H14: Parcial | I14: 0.31 | J14: 2 | K14: 2 ponto(s): 2 SV + 0 satélite (saibro) | L14: medida (traçado) | M14: Areia/bege no satelite (hz_18315/18355).
A15: Rua Octávio Borotto | B15: 361.4 | C15: Não pavimentada | D15: 0 | E15: =ROUND(B15*D15,1) -> 0 | F15: =B15-E15 -> 361.4 | G15: alta | H15: Sim (maioria) | I15: 1 | J15: 1 | K15: 1 ponto(s): 1 SV + 0 satélite (saibro) | L15: medida (traçado) | M15: Areia/bege no satelite (hz_18315/18355).
A16: Rua Odílio Nico | B16: 558.1 | C16: Não pavimentada | D16: 0 | E16: =ROUND(B16*D16,1) -> 0 | F16: =B16-E16 -> 558.1 | G16: alta | H16: Parcial | I16: 0.5 | J16: 2 | K16: 2 ponto(s): 2 SV + 0 satélite (saibro) | L16: medida (traçado) | M16: Areia/bege no satelite (hz_18315/18355).
A17: Rua Albino Negris | B17: 595.8 | C17: Parcial | D17: 0.5 | E17: =ROUND(B17*D17,1) -> 297.9 | F17: =B17-E17 -> 297.9 | G17: alta | H17: Sim (maioria) | I17: 0.75 | J17: 2 | K17: 2 ponto(s): 2 SV + 0 satélite (bloquete, saibro) | L17: medida (traçado) | M17: Areia/bege no satelite (hz_18315/18355).
A18: Rua Adriana Barbosa Caran | B18: 102 | C18: Pavimentada | D18: 1 | E18: =ROUND(B18*D18,1) -> 102 | F18: =B18-E18 -> 0 | G18: alta | H18: Parcial | I18: 0.5 | J18: 1 | K18: 1 ponto(s): 1 SV + 0 satélite (bloquete) | L18: medida (traçado) | M18: Areia/bege no satelite (hz_18315/18355). | SV: pavimentada no trecho sul, areia ao norte
A19: Rua Rogério Campista Correia | B19: 351.2 | C19: Não pavimentada | D19: 0 | E19: =ROUND(B19*D19,1) -> 0 | F19: =B19-E19 -> 351.2 | G19: alta | H19: Parcial | I19: 0.5 | J19: 1 | K19: 1 ponto(s): 1 SV + 0 satélite (saibro) | L19: medida (traçado) | M19: Areia/bege no satelite (hz_18315/18355).
A20: Jamil Alhakim Ribeiro | B20: 347.5 | C20: Não pavimentada | D20: 0 | E20: =ROUND(B20*D20,1) -> 0 | F20: =B20-E20 -> 347.5 | G20: alta | H20: Parcial | I20: 0.5 | J20: 1 | K20: 1 ponto(s): 1 SV + 0 satélite (saibro) | L20: medida (traçado) | M20: Areia/bege no satelite (hz_18315/18355).
... A37: Rua Maria Tezolin Carrafa | B37: 171.6 | C37: Não pavimentada | D37: 0 | E37: =ROUND(B37*D37,1) -> 0 | F37: =B37-E37 -> 171.6 | G37: alta | H37: Não | I37: 0 | J37: 1 | K37: 1 ponto(s): 1 SV + 0 satélite (saibro) | L37: medida (traçado) | M37: Areia/bege no satelite (hz_18315/18355).
A38: TOTAL | B38: =SUM(B6:B37) -> 17996.4 | D38: =IF(B38=0,0,E38/B38) -> 0.31591318 | E38: =SUM(E6:E37) -> 5685.3 | F38: =SUM(F6:F37) -> 12311.1
A40: Falta pavimentar — pista (m²): | D40: =F38*8 -> 98488.8 | E40: largura média de pista adotada: 8 m (premissa)
A41: Vias não abertas incluídas no total (m): | D41: 0 | E41: constam na planta, sem abertura visível no satélite
A42: Passeio (calçada de pedestre) existente: | D42: 0.53 | E42: medido em 54 ponto(s) do Street View — confiança alta
A43: Passeio faltante (m de via aberta): | D43: =(B38-D41)*(1-D42) -> 8458.308 | E43: vias não abertas excluídas do cálculo de passeio
A44: Passeio faltante (m²): | D44: =D43*4 -> 33833.232 | E44: premissa: 2 lados × 2 m de largura de calçada
A45: Pavimento sobre metragem medida (m): | D45: 5685
A46: Pavimento sobre metragem só de planta (m): | D46: 0 | E46: sem traçado medido — existência a confirmar em campo
A47: Falta pavimentar sobre metragem medida (m): | D47: 12311
A48: Falta pavimentar sobre metragem só de planta (m): | D48: 0 | E48: parcela do orçamento que depende de vias ainda não confirmadas em campo
A49: Obs. passeio: medido em 54 ponto(s) do Street View — ambos os lados=100%, um lado=50%, nenhum=0%

Sheet 13 Praia de Guriri
A1: Loteamento Praia de Guriri — planta nº 13
A2: Proprietário/empreendedor: Dalla Bernardina Imob. | Matrícula: 2.025 (06/07/1983) | Área oficial: 625.209 m²
A3: Auditoria completa: 57 pontos verificados neste loteamento (1 ponto a cada ~350 m de via) no Google Street View e. onde não há cobertura. em satélite. Metragem com traçado medido: 12.416 m; só de planta: 0 m.
A5: Rua / via | B5: Extensão da pista (m) | C5: Situação da pista | D5: % pista pavimentada | E5: Pavimentado (m) | F5: Falta pavimentar (m) | G5: Confiança | H5: Passeio (calçada) | I5: % passeio | J5: Pontos auditados | K5: Origem da classificação | L5: Metragem | M5: Observações
A6: Rua XXXII | B6: 143.9 | C6: Pavimentada | D6: 1 | E6: =ROUND(B6*D6,1) -> 143.9 | F6: =B6-E6 -> 0 | G6: alta | H6: Não | I6: 0 | J6: 1 | K6: 1 ponto(s): 1 SV + 0 satélite (bloquete) | L6: medida (traçado) | M6: areia clara no satelite (hz_18275_O/hz_18315_O)
A7: Rua Antônio Massucatti | B7: 467.7 | C7: Não pavimentada | D7: 0 | E7: =ROUND(B7*D7,1) -> 0 | F7: =B7-E7 -> 467.7 | G7: média | H7: Não | I7: 0 | J7: 1 | K7: 1 ponto(s): 1 SV + 0 satélite (saibro) | L7: medida (traçado) | M7: areia clara no satelite (hz_18275_O/hz_18315_O)
A8: Rua Antônio Cunha Filho | B8: 189.3 | C8: Não pavimentada | D8: 0 | E8: =ROUND(B8*D8,1) -> 0 | F8: =B8-E8 -> 189.3 | G8: alta | H8: Parcial | I8: 0.5 | J8: 1 | K8: 1 ponto(s): 1 SV + 0 satélite (saibro) | L8: medida (traçado) | M8: areia clara no satelite (hz_18275_O/hz_18315_O)
A9: Rua Trinta e Sete | B9: 522.3 | C9: Não pavimentada | D9: 0 | E9: =ROUND(B9*D9,1) -> 0 | F9: =B9-E9 -> 522.3 | G9: alta | H9: Parcial | I9: 0.25 | J9: 2 | K9: 2 ponto(s): 2 SV + 0 satélite (saibro) | L9: medida (traçado) | M9: areia clara no satelite (hz_18275_O/hz_18315_O)
A10: Rua Trinta e Nove | B10: 187.3 | C10: Não pavimentada | D10: 0 | E10: =ROUND(B10*D10,1) -> 0 | F10: =B10-E10 -> 187.3 | G10: alta | H10: Parcial | I10: 0.5 | J10: 1 | K10: 1 ponto(s): 1 SV + 0 satélite (saibro) | L10: medida (traçado) | M10: areia clara no satelite (hz_18275_O/hz_18315_O)
A11: Rua Trinta e Cinco | B11: 75.3 | C11: Pavimentada | D11: 1 | E11: =ROUND(B11*D11,1) -> 75.3 | F11: =B11-E11 -> 0 | G11: alta | H11: Parcial | I11: 0.5 | J11: 1 | K11: 1 ponto(s): 1 SV + 0 satélite (bloquete) | L11: medida (traçado) | M11: areia clara no satelite (hz_18275_O/hz_18315_O) | SV nov/2023: bloquete sextavado (R. XXXV)
A12: Rua Climéria Santos Barcellos | B12: 98.5 | C12: Não pavimentada | D12: 0 | E12: =ROUND(B12*D12,1) -> 0 | F12: =B12-E12 -> 98.5 | G12: alta | H12: Não | I12: 0 | J12: 1 | K12: 1 ponto(s): 1 SV + 0 satélite (saibro) | L12: medida (traçado) | M12: areia clara no satelite (hz_18275_O/hz_18315_O)
A13: Rua Felisberto Fereguetti | B13: 405.9 | C13: Não pavimentada | D13: 0 | E13: =ROUND(B13*D13,1) -> 0 | F13: =B13-E13 -> 405.9 | G13: alta | H13: Parcial | I13: 0.5 | J13: 1 | K13: 1 ponto(s): 1 SV + 0 satélite (saibro) | L13: medida (traçado) | M13: areia clara no satelite (hz_18275_O/hz_18315_O)
A14: Rua José Bonomo | B14: 121.8 | C14: Não pavimentada | D14: 0 | E14: =ROUND(B14*D14,1) -> 0 | F14: =B14-E14 -> 121.8 | G14: alta | H14: Não | I14: 0 | J14: 1 | K14: 1 ponto(s): 1 SV + 0 satélite (saibro) | L14: medida (traçado) | M14: areia clara no satelite (hz_18275_O/hz_18315_O)
A15: (sem nome) | B15: 639.2 | C15: Parcial | D15: 0.62 | E15: =ROUND(B15*D15,1) -> 396.3 | F15: =B15-E15 -> 242.9 | G15: alta | H15: Não | I15: 0.18 | J15: 7 | K15: 7 ponto(s): 7 SV + 0 satélite (bloquete, saibro) | L15: medida (traçado) | M15: segmentos difusos dirt/unpaved; zona toda em areia no satelite
A16: Rua Adelino Fereguetti | B16: 392 | C16: Não pavimentada | D16: 0 | E16: =ROUND(B16*D16,1) -> 0 | F16: =B16-E16 -> 392 | G16: alta | H16: Não | I16: 0 | J16: 1 | K16: 1 ponto(s): 1 SV + 0 satélite (saibro) | L16: medida (traçado) | M16: areia clara no satelite (hz_18275_O/hz_18315_O)
A17: Rua Domingos Carrafa | B17: 183.9 | C17: Não pavimentada | D17: 0 | E17: =ROUND(B17*D17,1) -> 0 | F17: =B17-E17 -> 183.9 | G17: alta | H17: Parcial | I17: 0.5 | J17: 1 | K17: 1 ponto(s): 1 SV + 0 satélite (saibro) | L17: medida (traçado) | M17: areia clara no satelite (hz_18275_O/hz_18315_O)
... A45: Rodovia Othovarino Duarte Santos | B45: 479.6 | C45: Pavimentada | D45: 1 | E45: =ROUND(B45*D45,1) -> 479.6 | F45: =B45-E45 -> 0 | G45: média | H45: Sim (maioria) | I45: 1 | J45: 1 | K45: 1 ponto(s): 1 SV + 0 satélite (asfalto) | L45: medida (traçado) | M45: trecho junto a ponte/limite oeste; cinza no canto do quadro hz_18275_O, parcialmente fora das imagens
A46: TOTAL | B46: =SUM(B6:B45) -> 12416.1 | D46: =IF(B46=0,0,E46/B46) -> 0.21675889 | E46: =SUM(E6:E45) -> 2691.3 | F46: =SUM(F6:F45) -> 9724.8
A48: Falta pavimentar — pista (m²): | D48: =F46*8 -> 77798.4 | E48: largura média de pista adotada: 8 m (premissa)
A49: Vias não abertas incluídas no total (m): | D49: 0 | E49: constam na planta, sem abertura visível no satélite
A50: Passeio (calçada de pedestre) existente: | D50: 0.27 | E50: medido em 56 ponto(s) do Street View — confiança alta
A51: Passeio faltante (m de via aberta): | D51: =(B46-D49)*(1-D50) -> 9063.753 | E51: vias não abertas excluídas do cálculo de passeio
A52: Passeio faltante (m²): | D52: =D51*4 -> 36255.012 | E52: premissa: 2 lados × 2 m de largura de calçada
A53: Pavimento sobre metragem medida (m): | D53: 2691
A54: Pavimento sobre metragem só de planta (m): | D54: 0 | E54: sem traçado medido — existência a confirmar em campo
A55: Falta pavimentar sobre metragem medida (m): | D55: 9725
A56: Falta pavimentar sobre metragem só de planta (m): | D56: 0 | E56: parcela do orçamento que depende de vias ainda não confirmadas em campo
A57: Obs. passeio: medido em 56 ponto(s) do Street View — ambos os lados=100%, um lado=50%, nenhum=0%

Sheet 14 Jardim das Caiçaras
A1: Loteamento Jardim das Caiçaras — planta nº 14
A2: Proprietário/empreendedor: Caiçaras Emp. Imobiliários | Matrícula: 4.170 (05/05/1986) | Área oficial: 1.141.458 m²
A3: Auditoria completa: 78 pontos verificados neste loteamento (1 ponto a cada ~350 m de via) no Google Street View e. onde não há cobertura. em satélite. Metragem com traçado medido: 21.908 m; só de planta: 0 m.
A5: Rua / via | B5: Extensão da pista (m) | C5: Situação da pista | D5: % pista pavimentada | E5: Pavimentado (m) | F5: Falta pavimentar (m) | G5: Confiança | H5: Passeio (calçada) | I5: % passeio | J5: Pontos auditados | K5: Origem da classificação | L5: Metragem | M5: Observações
A6: Rua XXXII | B6: 156.6 | C6: Pavimentada | D6: 1 | E6: =ROUND(B6*D6,1) -> 156.6 | F6: =B6-E6 -> 0 | G6: alta | H6: Sim (maioria) | I6: 1 | J6: 1 | K6: 1 ponto(s): 1 SV + 0 satélite (bloquete) | L6: medida (traçado) | M6: Areia/bege no satelite (hz_18275/18315).
A7: Rua Antônio Cunha Filho | B7: 156.6 | C7: Não pavimentada | D7: 0 | E7: =ROUND(B7*D7,1) -> 0 | F7: =B7-E7 -> 156.6 | G7: alta | H7: Não | I7: 0 | J7: 1 | K7: 1 ponto(s): 1 SV + 0 satélite (saibro) | L7: medida (traçado) | M7: Areia/bege no satelite (hz_18275/18315).
A8: Rua Trinta e Cinco | B8: 156.6 | C8: Não pavimentada | D8: 0 | E8: =ROUND(B8*D8,1) -> 0 | F8: =B8-E8 -> 156.6 | G8: alta | H8: Não | I8: 0 | J8: 1 | K8: 1 ponto(s): 1 SV + 0 satélite (saibro) | L8: medida (traçado) | M8: Areia/bege no satelite (hz_18275/18315).
A9: Rua Climéria Santos Barcellos | B9: 154.7 | C9: Não pavimentada | D9: 0 | E9: =ROUND(B9*D9,1) -> 0 | F9: =B9-E9 -> 154.7 | G9: alta | H9: Não | I9: 0 | J9: 1 | K9: 1 ponto(s): 1 SV + 0 satélite (saibro) | L9: medida (traçado) | M9: Areia/bege no satelite (hz_18275/18315).
A10: Rua José Bonomo | B10: 155.7 | C10: Não pavimentada | D10: 0 | E10: =ROUND(B10*D10,1) -> 0 | F10: =B10-E10 -> 155.7 | G10: alta | H10: Não | I10: 0 | J10: 1 | K10: 1 ponto(s): 1 SV + 0 satélite (saibro) | L10: medida (traçado) | M10: Areia/bege no satelite (hz_18275/18315).
A11: Rua Domingos Carrafa | B11: 156.6 | C11: Pavimentada | D11: 1 | E11: =ROUND(B11*D11,1) -> 156.6 | F11: =B11-E11 -> 0 | G11: alta | H11: Não | I11: 0 | J11: 1 | K11: 1 ponto(s): 1 SV + 0 satélite (bloquete) | L11: medida (traçado) | M11: Areia/bege no satelite (hz_18275/18315).
A12: Décima Primeira Avenida | B12: 917.1 | C12: Não pavimentada | D12: 0 | E12: =ROUND(B12*D12,1) -> 0 | F12: =B12-E12 -> 917.1 | G12: alta | H12: Não | I12: 0 | J12: 3 | K12: 3 ponto(s): 3 SV + 0 satélite (areia) | L12: medida (traçado) | M12: Areia/bege no satelite (hz_18275/18315).
A13: Rua Conceição da Barra | B13: 783 | C13: Não pavimentada | D13: 0 | E13: =ROUND(B13*D13,1) -> 0 | F13: =B13-E13 -> 783 | G13: alta | H13: Parcial | I13: 0.25 | J13: 2 | K13: 2 ponto(s): 2 SV + 0 satélite (areia) | L13: medida (traçado) | M13: Areia/bege no satelite (hz_18275/18315).
A14: Rua Linhares | B14: 723.3 | C14: Não pavimentada | D14: 0 | E14: =ROUND(B14*D14,1) -> 0 | F14: =B14-E14 -> 723.3 | G14: alta | H14: Não | I14: 0 | J14: 2 | K14: 2 ponto(s): 2 SV + 0 satélite (areia, saibro) | L14: medida (traçado) | M14: Areia/bege no satelite (hz_18275/18315).
A15: (sem nome) | B15: 1935.5 | C15: Parcial | D15: 0.74 | E15: =ROUND(B15*D15,1) -> 1432.3 | F15: =B15-E15 -> 503.2 | G15: alta | H15: Parcial | I15: 0.38 | J15: 13 | K15: 13 ponto(s): 8 SV + 5 satélite (areia, asfalto, bloquete, saibro) | L15: medida (traçado) | M15: 16 ways mistos; inclui trecho tertiary com bloquete junto a orla/ES-010 (cinza no satelite) e vielas de areia.
A16: Avenida Espera Feliz | B16: 555.1 | C16: Pavimentada | D16: 1 | E16: =ROUND(B16*D16,1) -> 555.1 | F16: =B16-E16 -> 0 | G16: alta | H16: Parcial | I16: 0.5 | J16: 3 | K16: 3 ponto(s): 3 SV + 0 satélite (bloquete) | L16: medida (traçado) | M16: Cinza no satelite da diagonal Othovarino ate a orla; rotatoria na Esbertalina e ponto de onibus; so o toco oeste (~-39.765..-39.769) em areia.
A17: Avenida Nafice Aihakim Ribeiro | B17: 526.6 | C17: Não pavimentada | D17: 0 | E17: =ROUND(B17*D17,1) -> 0 | F17: =B17-E17 -> 526.6 | G17: média | H17: Não avaliável | I17: — | J17: 0 | K17: trecho curto sem ponto próprio — adotada a situação da mesma via (nome próprio, loteamento contíguo) em 3 ponto(s): p13=0% | L17: medida (traçado) | M17: Areia/bege no satelite (hz_18275/18315).
A18: Rua Odílio Nico | B18: 722 | C18: Não pavimentada | D18: 0 | E18: =ROUND(B18*D18,1) -> 0 | F18: =B18-E18 -> 722 | G18: alta | H18: Não | I18: 0 | J18: 2 | K18: 2 ponto(s): 2 SV + 0 satélite (areia) | L18: medida (traçado) | M18: Areia/bege no satelite (hz_18275/18315).
A19: Rua Edith Laura Moreira D'Almeida | B19: 155.7 | C19: Não pavimentada | D19: 0 | E19: =ROUND(B19*D19,1) -> 0 | F19: =B19-E19 -> 155.7 | G19: alta | H19: Parcial | I19: 0.5 | J19: 1 | K19: 1 ponto(s): 1 SV + 0 satélite (saibro) | L19: medida (traçado) | M19: Areia/bege no satelite (hz_18275/18315).
A20: Rua Professor Amaro Nascimento Mendes | B20: 820.7 | C20: Não pavimentada | D20: 0 | E20: =ROUND(B20*D20,1) -> 0 | F20: =B20-E20 -> 820.7 | G20: alta | H20: Não | I20: 0 | J20: 2 | K20: 2 ponto(s): 2 SV + 0 satélite (saibro) | L20: medida (traçado) | M20: Areia/bege no satelite (hz_18275/18315).
A21: Rua XXV | B21: 157.5 | C21: Não pavimentada | D21: 0 | E21: =ROUND(B21*D21,1) -> 0 | F21: =B21-E21 -> 157.5 | G21: alta | H21: Não | I21: 0 | J21: 1 | K21: 1 ponto(s): 1 SV + 0 satélite (saibro) | L21: medida (traçado) | M21: Areia/bege no satelite (hz_18275/18315).
A22: Rua XVI | B22: 337.3 | C22: Pavimentada | D22: 1 | E22: =ROUND(B22*D22,1) -> 337.3 | F22: =B22-E22 -> 0 | G22: alta | H22: Não | I22: 0 | J22: 1 | K22: 1 ponto(s): 1 SV + 0 satélite (bloquete) | L22: medida (traçado) | M22: Areia/bege no satelite (hz_18275/18315).
A23: Rua XIII | B23: 432 | C23: Não pavimentada | D23: 0 | E23: =ROUND(B23*D23,1) -> 0 | F23: =B23-E23 -> 432 | G23: alta | H23: Não | I23: 0 | J23: 1 | K23: 1 ponto(s): 1 SV + 0 satélite (saibro) | L23: medida (traçado) | M23: Areia/bege no satelite (hz_18275/18315).
A24: Rua XVII | B24: 196.1 | C24: Pavimentada | D24: 1 | E24: =ROUND(B24*D24,1) -> 196.1 | F24: =B24-E24 -> 0 | G24: alta | H24: Não | I24: 0 | J24: 1 | K24: 1 ponto(s): 1 SV + 0 satélite (bloquete) | L24: medida (traçado) | M24: Areia/bege no satelite (hz_18275/18315).
A25: Rua Elisa Maria Ditthz de Abreu Costa | B25: 375 | C25: Não pavimentada | D25: 0 | E25: =ROUND(B25*D25,1) -> 0 | F25: =B25-E25 -> 375 | G25: alta | H25: Parcial | I25: 0.5 | J25: 1 | K25: 1 ponto(s): 1 SV + 0 satélite (saibro) | L25: medida (traçado) | M25: Areia/bege no satelite (hz_18275/18315).
A26: Rua Adriana Barbosa Caran | B26: 631.3 | C26: Não pavimentada | D26: 0 | E26: =ROUND(B26*D26,1) -> 0 | F26: =B26-E26 -> 631.3 | G26: alta | H26: Não | I26: 0 | J26: 2 | K26: 2 ponto(s): 2 SV + 0 satélite (saibro) | L26: medida (traçado) | M26: Areia/bege no satelite (hz_18275/18315).
A27: Rua XIV | B27: 345.4 | C27: Não pavimentada | D27: 0 | E27: =ROUND(B27*D27,1) -> 0 | F27: =B27-E27 -> 345.4 | G27: alta | H27: Não | I27: 0 | J27: 1 | K27: 1 ponto(s): 1 SV + 0 satélite (saibro) | L27: medida (traçado) | M27: Areia/bege no satelite (hz_18275/18315).
A28: Rua Álvaro Leal Calmon | B28: 798.7 | C28: Não pavimentada | D28: 0 | E28: =ROUND(B28*D28,1) -> 0 | F28: =B28-E28 -> 798.7 | G28: alta | H28: Não | I28: 0 | J28: 2 | K28: 2 ponto(s): 2 SV + 0 satélite (saibro) | L28: medida (traçado) | M28: Areia/bege no satelite (hz_18275/18315).
A29: Rua Rogério Campista Correia | B29: 156.7 | C29: Não pavimentada | D29: 0 | E29: =ROUND(B29*D29,1) -> 0 | F29: =B29-E29 -> 156.7 | G29: alta | H29: Não | I29: 0 | J29: 1 | K29: 1 ponto(s): 1 SV + 0 satélite (saibro) | L29: medida (traçado) | M29: Areia/bege no satelite (hz_18275/18315).
... A53: Rua Esbertalina B. Damiani | B53: 1074.4 | C53: Parcial | D53: 0.5 | E53: =ROUND(B53*D53,1) -> 537.2 | F53: =B53-E53 -> 537.2 | G53: alta | H53: Parcial | I53: 0.25 | J53: 2 | K53: 2 ponto(s): 2 SV + 0 satélite (areia, bloquete) | L53: medida (traçado) | M53: Areia/bege no satelite (hz_18275/18315).
A54: TOTAL | B54: =SUM(B6:B53) -> 21907.8 | D54: =IF(B54=0,0,E54/B54) -> 0.17031377 | E54: =SUM(E6:E53) -> 3731.2 | F54: =SUM(F6:F53) -> 18176.6
A56: Falta pavimentar — pista (m²): | D56: =F54*8 -> 145412.8 | E56: largura média de pista adotada: 8 m (premissa)
A57: Vias não abertas incluídas no total (m): | D57: 0 | E57: constam na planta, sem abertura visível no satélite
A58: Passeio (calçada de pedestre) existente: | D58: 0.16 | E58: medido em 73 ponto(s) do Street View — confiança alta
A59: Passeio faltante (m de via aberta): | D59: =(B54-D57)*(1-D58) -> 18402.552 | E59: vias não abertas excluídas do cálculo de passeio
A60: Passeio faltante (m²): | D60: =D59*4 -> 73610.208 | E60: premissa: 2 lados × 2 m de largura de calçada
A61: Pavimento sobre metragem medida (m): | D61: 3731
A62: Pavimento sobre metragem só de planta (m): | D62: 0 | E62: sem traçado medido — existência a confirmar em campo
A63: Falta pavimentar sobre metragem medida (m): | D63: 18177
A64: Falta pavimentar sobre metragem só de planta (m): | D64: 0 | E64: parcela do orçamento que depende de vias ainda não confirmadas em campo
A65: Obs. passeio: medido em 73 ponto(s) do Street View — ambos os lados=100%, um lado=50%, nenhum=0%

Sheet 15 Morada do Sol
A1: Loteamento Morada do Sol — planta nº 15
A2: Proprietário/empreendedor: Guriri Beach Turismo | Matrícula: 7.640 (09/10/1986) | Área oficial: 122.214 m²
A3: Auditoria completa: 15 pontos verificados neste loteamento (1 ponto a cada ~350 m de via) no Google Street View e. onde não há cobertura. em satélite. Metragem com traçado medido: 3.115 m; só de planta: 0 m.
A5: Rua / via | B5: Extensão da pista (m) | C5: Situação da pista | D5: % pista pavimentada | E5: Pavimentado (m) | F5: Falta pavimentar (m) | G5: Confiança | H5: Passeio (calçada) | I5: % passeio | J5: Pontos auditados | K5: Origem da classificação | L5: Metragem | M5: Observações
A6: Avenida Esbertalina Barbosa Damiani | B6: 145.1 | C6: Pavimentada | D6: 1 | E6: =ROUND(B6*D6,1) -> 145.1 | F6: =B6-E6 -> 0 | G6: alta | H6: Parcial | I6: 0.5 | J6: 1 | K6: 1 ponto(s): 1 SV + 0 satélite (bloquete) | L6: medida (traçado) | M6: cinza em hz_18515_L
A7: Avenida Esbertalina B. Damiani | B7: 595.6 | C7: Parcial | D7: 0.62 | E7: =ROUND(B7*D7,1) -> 369.3 | F7: =B7-E7 -> 226.3 | G7: alta | H7: Não | I7: 0.19 | J7: 2 | K7: 2 ponto(s): 2 SV + 0 satélite (areia, bloquete) | L7: medida (traçado) | M7: tag paving_stones (bloquete) coerente com tom cinza-amarronzado do corredor
A8: Avenida Mar Negro | B8: 337.8 | C8: Não pavimentada | D8: 0 | E8: =ROUND(B8*D8,1) -> 0 | F8: =B8-E8 -> 337.8 | G8: alta | H8: Não | I8: 0 | J8: 2 | K8: 2 ponto(s): 2 SV + 0 satélite (areia) | L8: medida (traçado) | M8: bege/areia em todo o trecho a oeste da Esbertalina (hz_18515_L); tag 'asphalt' do OSM refere-se a trecho junto a orla, fora do poligono
A9: Rua Jaguaré | B9: 320.9 | C9: Não pavimentada | D9: 0 | E9: =ROUND(B9*D9,1) -> 0 | F9: =B9-E9 -> 320.9 | G9: alta | H9: Parcial | I9: 0.5 | J9: 1 | K9: 1 ponto(s): 1 SV + 0 satélite (areia) | L9: medida (traçado) | M9: limite sul do bloco oeste; bege/areia (hz_18515_L)
A10: Rua Albino Negris | B10: 383.9 | C10: Não pavimentada | D10: 0 | E10: =ROUND(B10*D10,1) -> 0 | F10: =B10-E10 -> 383.9 | G10: alta | H10: Parcial | I10: 0.5 | J10: 1 | K10: 1 ponto(s): 1 SV + 0 satélite (areia) | L10: medida (traçado) | M10: via N-S bege/areia entre Mantenopolis e Jaguare (hz_18515_L)
A11: Rua VII | B11: 387.4 | C11: Não pavimentada | D11: 0 | E11: =ROUND(B11*D11,1) -> 0 | F11: =B11-E11 -> 387.4 | G11: alta | H11: Parcial | I11: 0.5 | J11: 1 | K11: 1 ponto(s): 1 SV + 0 satélite (areia) | L11: medida (traçado) | M11: via N-S bege/areia entre Mantenopolis e Jaguare (hz_18515_L)
A12: Rua Adriana Barbosa Caran | B12: 387.5 | C12: Não pavimentada | D12: 0 | E12: =ROUND(B12*D12,1) -> 0 | F12: =B12-E12 -> 387.5 | G12: alta | H12: Parcial | I12: 0.5 | J12: 1 | K12: 1 ponto(s): 1 SV + 0 satélite (saibro) | L12: medida (traçado) | M12: via N-S bege/areia entre Mantenopolis e Jaguare (hz_18515_L)
A13: Rua Mantenópolis | B13: 128.3 | C13: Não pavimentada | D13: 0 | E13: =ROUND(B13*D13,1) -> 0 | F13: =B13-E13 -> 128.3 | G13: alta | H13: Não | I13: 0 | J13: 1 | K13: 1 ponto(s): 1 SV + 0 satélite (areia) | L13: medida (traçado) | M13: limite norte (grafia Mantenopoles na planta); bege/areia
A14: Rua Nova Venécia | B14: 109 | C14: Não pavimentada | D14: 0 | E14: =ROUND(B14*D14,1) -> 0 | F14: =B14-E14 -> 109 | G14: alta | H14: Parcial | I14: 0.5 | J14: 1 | K14: 1 ponto(s): 1 SV + 0 satélite (areia) | L14: medida (traçado) | M14: trecho de ~109 m ao sul da R. Jaguare; trilha de areia visivel que se perde em vegetacao (hz_18515_L c4)
A15: Rua Conceição da Barra | B15: 84.8 | C15: Não pavimentada | D15: 0 | E15: =ROUND(B15*D15,1) -> 0 | F15: =B15-E15 -> 84.8 | G15: alta | H15: Sim (maioria) | I15: 1 | J15: 1 | K15: 1 ponto(s): 1 SV + 0 satélite (areia) | L15: medida (traçado) | M15: trecho curto no lobo leste ao sul da Jaguare; faixa pouco definida em meio a vegetacao, quadras 01-06 pouco ocupadas
A16: Rua Horácio Barbosa Alves | B16: 75.1 | C16: Não pavimentada | D16: 0 | E16: =ROUND(B16*D16,1) -> 0 | F16: =B16-E16 -> 75.1 | G16: alta | H16: Não | I16: 0 | J16: 1 | K16: 1 ponto(s): 1 SV + 0 satélite (areia) | L16: medida (traçado) | M16: trecho curto no lobo leste; areia/vegetacao, abertura apenas parcial visivel
A17: Rua Linhares | B17: 55.4 | C17: Não pavimentada | D17: 0 | E17: =ROUND(B17*D17,1) -> 0 | F17: =B17-E17 -> 55.4 | G17: alta | H17: Parcial | I17: 0.5 | J17: 1 | K17: 1 ponto(s): 1 SV + 0 satélite (areia) | L17: medida (traçado) | M17: trecho de 55 m no lobo leste; faixa pouco definida, quase nao aberta
A18: Rua São Gabriel da Palha | B18: 104 | C18: Não pavimentada | D18: 0 | E18: =ROUND(B18*D18,1) -> 0 | F18: =B18-E18 -> 104 | G18: alta | H18: Parcial | I18: 0.5 | J18: 1 | K18: 1 ponto(s): 1 SV + 0 satélite (areia) | L18: medida (traçado) | M18: trecho no lobo leste; areia/vegetacao, abertura parcial
A19: TOTAL | B19: =SUM(B6:B18) -> 3114.8 | D19: =IF(B19=0,0,E19/B19) -> 0.16514704 | E19: =SUM(E6:E18) -> 514.4 | F19: =SUM(F6:F18) -> 2600.4
A21: Falta pavimentar — pista (m²): | D21: =F19*8 -> 20803.2 | E21: largura média de pista adotada: 8 m (premissa)
A22: Vias não abertas incluídas no total (m): | D22: 0 | E22: constam na planta, sem abertura visível no satélite
A23: Passeio (calçada de pedestre) existente: | D23: 0.36 | E23: medido em 15 ponto(s) do Street View — confiança alta
A24: Passeio faltante (m de via aberta): | D24: =(B19-D22)*(1-D23) -> 1993.472 | E24: vias não abertas excluídas do cálculo de passeio
A25: Passeio faltante (m²): | D25: =D24*4 -> 7973.888 | E25: premissa: 2 lados × 2 m de largura de calçada
A26: Pavimento sobre metragem medida (m): | D26: 514
A27: Pavimento sobre metragem só de planta (m): | D27: 0 | E27: sem traçado medido — existência a confirmar em campo
A28: Falta pavimentar sobre metragem medida (m): | D28: 2600
A29: Falta pavimentar sobre metragem só de planta (m): | D29: 0 | E29: parcela do orçamento que depende de vias ainda não confirmadas em campo
A30: Obs. passeio: medido em 15 ponto(s) do Street View — ambos os lados=100%, um lado=50%, nenhum=0%

Sheet 25 Park Res. Oitizeiro
A1: Loteamento Parque Residencial Oitizeiro — planta nº 25
A2: Proprietário/empreendedor: Alba Figueiredo Brasileiro | Matrícula: 14.380 (02/06/2000) | Área oficial: 557.784 m²
A3: Auditoria completa: 41 pontos verificados neste loteamento (1 ponto a cada ~350 m de via) no Google Street View e. onde não há cobertura. em satélite. Metragem com traçado medido: 13.896 m; só de planta: 0 m.
A5: Rua / via | B5: Extensão da pista (m) | C5: Situação da pista | D5: % pista pavimentada | E5: Pavimentado (m) | F5: Falta pavimentar (m) | G5: Confiança | H5: Passeio (calçada) | I5: % passeio | J5: Pontos auditados | K5: Origem da classificação | L5: Metragem | M5: Observações
A6: Avenida Esbertalina Barbosa Damiani | B6: 344.9 | C6: Pavimentada | D6: 1 | E6: =ROUND(B6*D6,1) -> 344.9 | F6: =B6-E6 -> 0 | G6: alta | H6: Sim (maioria) | I6: 0.75 | J6: 2 | K6: 2 ponto(s): 2 SV + 0 satélite (bloquete) | L6: medida (traçado) | M6: limite leste do loteamento; cinza nos 3 recortes hz_18395/18435/18475; onibus e comercio ao longo | corrigido por SV
A7: Avenida Esbertalina B. Damiani | B7: 85.3 | C7: Pavimentada | D7: 1 | E7: =ROUND(B7*D7,1) -> 85.3 | F7: =B7-E7 -> 0 | G7: alta | H7: Sim (maioria) | I7: 1 | J7: 1 | K7: 1 ponto(s): 1 SV + 0 satélite (asfalto) | L7: medida (traçado) | M7: segmento sul do mesmo eixo pavimentado
A8: Avenida Oceano Índico | B8: 1120.1 | C8: Não pavimentada | D8: 0 | E8: =ROUND(B8*D8,1) -> 0 | F8: =B8-E8 -> 1120.1 | G8: alta | H8: Não | I8: 0.21 | J8: 2 | K8: 2 ponto(s): 2 SV + 0 satélite (saibro) | L8: medida (traçado) | M8: todo o trecho a oeste da Esbertalina e bege/areia (hz_18435_L/O); a parte 'paved' das tags OSM corresponde ao trecho junto a orla, fora do poligono
A9: Rua Montanha | B9: 810 | C9: Não pavimentada | D9: 0 | E9: =ROUND(B9*D9,1) -> 0 | F9: =B9-E9 -> 810 | G9: alta | H9: Parcial | I9: 0.5 | J9: 2 | K9: 2 ponto(s): 2 SV + 0 satélite (areia, saibro) | L9: medida (traçado) | M9: hz_18395_L: faixa bege em toda extensao
A10: Rua Boa Esperança | B10: 812 | C10: Não pavimentada | D10: 0 | E10: =ROUND(B10*D10,1) -> 0 | F10: =B10-E10 -> 812 | G10: alta | H10: Parcial | I10: 0.5 | J10: 2 | K10: 2 ponto(s): 2 SV + 0 satélite (areia, saibro) | L10: medida (traçado) | M10: hz_18395/18435: bege/areia
A11: Rua Pinheiros | B11: 751.2 | C11: Não pavimentada | D11: 0 | E11: =ROUND(B11*D11,1) -> 0 | F11: =B11-E11 -> 751.2 | G11: alta | H11: Parcial | I11: 0.5 | J11: 2 | K11: 2 ponto(s): 2 SV + 0 satélite (saibro) | L11: medida (traçado) | M11: hz_18395/18435: bege/areia
A12: Rua Mururici | B12: 283.4 | C12: Não pavimentada | D12: 0 | E12: =ROUND(B12*D12,1) -> 0 | F12: =B12-E12 -> 283.4 | G12: alta | H12: Parcial | I12: 0.5 | J12: 1 | K12: 1 ponto(s): 1 SV + 0 satélite (saibro) | L12: medida (traçado) | M12: hz_18435_L: bege/areia
A13: Rua São Daniel Comboni | B13: 249 | C13: Não pavimentada | D13: 0 | E13: =ROUND(B13*D13,1) -> 0 | F13: =B13-E13 -> 249 | G13: alta | H13: Parcial | I13: 0.5 | J13: 1 | K13: 1 ponto(s): 1 SV + 0 satélite (saibro) | L13: medida (traçado) | M13: hz_18435/18475: bege/areia
A14: Rua Barra de São Francisco | B14: 284.4 | C14: Não pavimentada | D14: 0 | E14: =ROUND(B14*D14,1) -> 0 | F14: =B14-E14 -> 284.4 | G14: alta | H14: Parcial | I14: 0.5 | J14: 1 | K14: 1 ponto(s): 1 SV + 0 satélite (saibro) | L14: medida (traçado) | M14: hz_18475_L: bege/areia (trecho oeste)
A15: Avenida Praiana | B15: 188.9 | C15: Não pavimentada | D15: 0 | E15: =ROUND(B15*D15,1) -> 0 | F15: =B15-E15 -> 188.9 | G15: alta | H15: Parcial | I15: 0.5 | J15: 1 | K15: 1 ponto(s): 1 SV + 0 satélite (saibro) | L15: medida (traçado) | M15: hz_18475/18515: bege/areia, canteiro nao perceptivel
A16: Rua Mantenópolis | B16: 185.7 | C16: Não pavimentada | D16: 0 | E16: =ROUND(B16*D16,1) -> 0 | F16: =B16-E16 -> 185.7 | G16: alta | H16: Sim (maioria) | I16: 1 | J16: 1 | K16: 1 ponto(s): 1 SV + 0 satélite (saibro) | L16: medida (traçado) | M16: hz_18515_L: bege/areia (trecho oeste)
A17: Rua Octávio Borotto | B17: 439.8 | C17: Não pavimentada | D17: 0 | E17: =ROUND(B17*D17,1) -> 0 | F17: =B17-E17 -> 439.8 | G17: alta | H17: Parcial | I17: 0.5 | J17: 1 | K17: 1 ponto(s): 1 SV + 0 satélite (saibro) | L17: medida (traçado) | M17: transversal N-S bege/areia em todos os recortes (hz_18395/18435/18475)
... A35: Rua Colatina | B35: 32.7 | C35: Não pavimentada | D35: 0 | E35: =ROUND(B35*D35,1) -> 0 | F35: =B35-E35 -> 32.7 | G35: alta | H35: Parcial | I35: 0.5 | J35: 1 | K35: 1 ponto(s): 1 SV + 0 satélite (saibro) | L35: medida (traçado) | M35: toco de 33 m na divisa oeste; mesmo corredor de areia do eixo Colatina/Sao Daniel Comboni
A36: (sem nome) | B36: 24.2 | C36: Parcial | D36: 0.08 | E36: =ROUND(B36*D36,1) -> 1.9 | F36: =B36-E36 -> 22.3 | G36: baixa | H36: Não avaliável | I36: — | J36: 0 | K36: sem ponto próprio — taxa agregada da malha física auditada do loteamento | L36: medida (traçado) | M36: links tertiary_link junto a Esbertalina/Oceano Indico, tag dirt; area do cruzamento em areia no satelite
A37: TOTAL | B37: =SUM(B6:B36) -> 13895.5 | D37: =IF(B37=0,0,E37/B37) -> 0.054132633 | E37: =SUM(E6:E36) -> 752.2 | F37: =SUM(F6:F36) -> 13143.3
A39: Falta pavimentar — pista (m²): | D39: =F37*8 -> 105146.4 | E39: largura média de pista adotada: 8 m (premissa)
A40: Vias não abertas incluídas no total (m): | D40: 0 | E40: constam na planta, sem abertura visível no satélite
A41: Passeio (calçada de pedestre) existente: | D41: 0.44 | E41: medido em 41 ponto(s) do Street View — confiança alta
A42: Passeio faltante (m de via aberta): | D42: =(B37-D40)*(1-D41) -> 7781.48 | E42: vias não abertas excluídas do cálculo de passeio
A43: Passeio faltante (m²): | D43: =D42*4 -> 31125.92 | E43: premissa: 2 lados × 2 m de largura de calçada
A44: Pavimento sobre metragem medida (m): | D44: 752
A45: Pavimento sobre metragem só de planta (m): | D45: 0 | E45: sem traçado medido — existência a confirmar em campo
A46: Falta pavimentar sobre metragem medida (m): | D46: 13143
A47: Falta pavimentar sobre metragem só de planta (m): | D47: 0 | E47: parcela do orçamento que depende de vias ainda não confirmadas em campo
A48: Obs. passeio: medido em 41 ponto(s) do Street View — ambos os lados=100%, um lado=50%, nenhum=0%

Sheet 27 Res. Mar Aberto
A1: Loteamento Residencial Mar Aberto — planta nº 27
A2: Proprietário/empreendedor: Mirante Emp. Imobiliários | Matrícula: 9.853 (25/08/2000) | Área oficial: 387.200 m²
A3: Auditoria completa: 33 pontos verificados neste loteamento (1 ponto a cada ~350 m de via) no Google Street View e. onde não há cobertura. em satélite. Metragem com traçado medido: 2.731 m; só de planta: 4.108 m.
A5: Rua / via | B5: Extensão da pista (m) | C5: Situação da pista | D5: % pista pavimentada | E5: Pavimentado (m) | F5: Falta pavimentar (m) | G5: Confiança | H5: Passeio (calçada) | I5: % passeio | J5: Pontos auditados | K5: Origem da classificação | L5: Metragem | M5: Observações
A6: Rua Belo Horizonte | B6: 1980 | C6: Não pavimentada | D6: 0 | E6: =ROUND(B6*D6,1) -> 0 | F6: =B6-E6 -> 1980 | G6: alta | H6: Não | I6: 0 | J6: 6 | K6: 6 ponto(s): 6 SV + 0 satélite (saibro) | L6: medida (traçado) | M6: Av. Belo Horizonte da planta (16 m): eixo E-W central aberto em areia por toda a extensao (~1.980 m, lon -39.7672..-39.7484); casas esparsas; rotatoria/praca circular da planta NAO construida
A7: Avenida Esbertalina B. Damiani | B7: 511.5 | C7: Pavimentada | D7: 1 | E7: =ROUND(B7*D7,1) -> 511.5 | F7: =B7-E7 -> 0 | G7: média | H7: Parcial | I7: 0.5 | J7: 1 | K7: 1 ponto(s): 1 SV + 0 satélite (bloquete) | L7: medida (traçado) | M7: dentro do p27 leito cinzento de saibro compactado, sem bloquete visivel (RGB ~160/150/135); o bloquete termina ~lat -18.756, ao norte do poligono; tag paving_stones do OSM nao confirmada aqui
A8: Avenida Oceano Atlântico | B8: 239.5 | C8: Não pavimentada | D8: 0 | E8: =ROUND(B8*D8,1) -> 0 | F8: =B8-E8 -> 239.5 | G8: alta | H8: Não | I8: 0 | J8: 1 | K8: 1 ponto(s): 1 SV + 0 satélite (saibro) | L8: medida (traçado) | M8: orla em frente ao p27 e estrada larga de areia/saibro claro (RGB ~185/175/160); pavimento da orla termina ~lat -18.755, ao norte do p27
A9: RUA ALFENAS | B9: 126 | C9: Não pavimentada | D9: 0 | E9: =ROUND(B9*D9,1) -> 0 | F9: =B9-E9 -> 126 | G9: baixa | H9: Não avaliável | I9: — | J9: 0 | K9: sem ponto próprio — taxa agregada da malha física auditada do loteamento | L9: planta (não medida) | M9: transversal oeste: stub de areia aberto nos dois lados da Av. Belo Horizonte (sat_18760); quadras em pasto, sem edificacao | metragem rateada da malha OSM sem nome
A10: RUA VARGINHA | B10: 126 | C10: Não pavimentada | D10: 0 | E10: =ROUND(B10*D10,1) -> 0 | F10: =B10-E10 -> 126 | G10: baixa | H10: Não avaliável | I10: — | J10: 0 | K10: sem ponto próprio — taxa agregada da malha física auditada do loteamento | L10: planta (não medida) | M10: transversal oeste: stub de areia aberto nos dois lados da Av. Belo Horizonte (sat_18760); quadras em pasto, sem edificacao | metragem rateada da malha OSM sem nome
A11: RUA UBÁ | B11: 126 | C11: Não pavimentada | D11: 0 | E11: =ROUND(B11*D11,1) -> 0 | F11: =B11-E11 -> 126 | G11: baixa | H11: Não avaliável | I11: — | J11: 0 | K11: sem ponto próprio — taxa agregada da malha física auditada do loteamento | L11: planta (não medida) | M11: transversal oeste: stub de areia aberto nos dois lados da Av. Belo Horizonte (sat_18760); quadras em pasto, sem edificacao | metragem rateada da malha OSM sem nome
A12: RUA SÃO JOÃO DEL REY | B12: 126 | C12: Não pavimentada | D12: 0 | E12: =ROUND(B12*D12,1) -> 0 | F12: =B12-E12 -> 126 | G12: baixa | H12: Não avaliável | I12: — | J12: 0 | K12: sem ponto próprio — taxa agregada da malha física auditada do loteamento | L12: planta (não medida) | M12: transversal oeste: stub de areia aberto nos dois lados da Av. Belo Horizonte (sat_18760); quadras em pasto, sem edificacao | metragem rateada da malha OSM sem nome
A13: RUA PONTE NOVA | B13: 126 | C13: Não pavimentada | D13: 0 | E13: =ROUND(B13*D13,1) -> 0 | F13: =B13-E13 -> 126 | G13: baixa | H13: Não avaliável | I13: — | J13: 0 | K13: sem ponto próprio — taxa agregada da malha física auditada do loteamento | L13: planta (não medida) | M13: transversal oeste: stub de areia aberto nos dois lados da Av. Belo Horizonte (sat_18760); quadras em pasto, sem edificacao | metragem rateada da malha OSM sem nome
A14: RUA PIRAPORA | B14: 126 | C14: Não pavimentada | D14: 0 | E14: =ROUND(B14*D14,1) -> 0 | F14: =B14-E14 -> 126 | G14: baixa | H14: Não avaliável | I14: — | J14: 0 | K14: sem ponto próprio — taxa agregada da malha física auditada do loteamento | L14: planta (não medida) | M14: transversal oeste: stub de areia aberto nos dois lados da Av. Belo Horizonte (sat_18760); quadras em pasto, sem edificacao | metragem rateada da malha OSM sem nome
A15: RUA PATOS DE MINAS | B15: 126 | C15: Não pavimentada | D15: 0 | E15: =ROUND(B15*D15,1) -> 0 | F15: =B15-E15 -> 126 | G15: baixa | H15: Não avaliável | I15: — | J15: 0 | K15: sem ponto próprio — taxa agregada da malha física auditada do loteamento | L15: planta (não medida) | M15: transversal oeste: stub de areia aberto nos dois lados da Av. Belo Horizonte (sat_18760); quadras em pasto, sem edificacao | metragem rateada da malha OSM sem nome
A16: RUA PASSOS | B16: 126 | C16: Não pavimentada | D16: 0 | E16: =ROUND(B16*D16,1) -> 0 | F16: =B16-E16 -> 126 | G16: baixa | H16: Não avaliável | I16: — | J16: 0 | K16: sem ponto próprio — taxa agregada da malha física auditada do loteamento | L16: planta (não medida) | M16: transversal oeste: stub de areia aberto nos dois lados da Av. Belo Horizonte (sat_18760); quadras em pasto, sem edificacao | metragem rateada da malha OSM sem nome
A17: RUA OURO PRETO | B17: 126 | C17: Não pavimentada | D17: 0 | E17: =ROUND(B17*D17,1) -> 0 | F17: =B17-E17 -> 126 | G17: baixa | H17: Não avaliável | I17: — | J17: 0 | K17: sem ponto próprio — taxa agregada da malha física auditada do loteamento | L17: planta (não medida) | M17: transversal oeste: stub de areia aberto nos dois lados da Av. Belo Horizonte (sat_18760); quadras em pasto, sem edificacao | metragem rateada da malha OSM sem nome
A18: RUA MURIAÉ | B18: 126 | C18: Não pavimentada | D18: 0 | E18: =ROUND(B18*D18,1) -> 0 | F18: =B18-E18 -> 126 | G18: baixa | H18: Não avaliável | I18: — | J18: 0 | K18: sem ponto próprio — taxa agregada da malha física auditada do loteamento | L18: planta (não medida) | M18: transversal oeste: stub de areia aberto nos dois lados da Av. Belo Horizonte (sat_18760); quadras em pasto, sem edificacao | metragem rateada da malha OSM sem nome
A19: RUA JANAÚBA | B19: 126 | C19: Não pavimentada | D19: 0 | E19: =ROUND(B19*D19,1) -> 0 | F19: =B19-E19 -> 126 | G19: baixa | H19: Não avaliável | I19: — | J19: 0 | K19: sem ponto próprio — taxa agregada da malha física auditada do loteamento | L19: planta (não medida) | M19: zona da praca/rotatoria (nao construida): stubs tenues junto a Av. BH; quadras em pasto | metragem rateada da malha OSM sem nome
A20: RUA ITUIUTABA | B20: 126 | C20: Não pavimentada | D20: 0 | E20: =ROUND(B20*D20,1) -> 0 | F20: =B20-E20 -> 126 | G20: baixa | H20: Não avaliável | I20: — | J20: 0 | K20: sem ponto próprio — taxa agregada da malha física auditada do loteamento | L20: planta (não medida) | M20: zona da praca/rotatoria (nao construida): stubs tenues junto a Av. BH; quadras em pasto | metragem rateada da malha OSM sem nome
... A40: AVENIDA PROJETADA (limite oeste) | B40: 202 | C40: Não pavimentada | D40: 0 | E40: =ROUND(B40*D40,1) -> 0 | F40: =B40-E40 -> 202 | G40: baixa | H40: Não avaliável | I40: — | J40: 0 | K40: sem ponto próprio — taxa agregada da malha física auditada do loteamento | L40: planta (não medida) | M40: ligacao 'VAI PARA BARRA NOVA': trilha de areia conectando o fim da Av. BH a ES-010, visivel no sat_18760 | metragem rateada da malha OSM sem nome
A41: TOTAL | B41: =SUM(B6:B40) -> 6839 | D41: =IF(B41=0,0,E41/B41) -> 0.091563094 | E41: =SUM(E6:E40) -> 626.2 | F41: =SUM(F6:F40) -> 6212.8
A43: Falta pavimentar — pista (m²): | D43: =F41*8 -> 49702.4 | E43: largura média de pista adotada: 8 m (premissa)
A44: Vias não abertas incluídas no total (m): | D44: 0 | E44: constam na planta, sem abertura visível no satélite
A45: Passeio (calçada de pedestre) existente: | D45: 0.02 | E45: medido em 33 ponto(s) do Street View — confiança alta
A46: Passeio faltante (m de via aberta): | D46: =(B41-D44)*(1-D45) -> 6702.22 | E46: vias não abertas excluídas do cálculo de passeio
A47: Passeio faltante (m²): | D47: =D46*4 -> 26808.88 | E47: premissa: 2 lados × 2 m de largura de calçada
A48: Pavimento sobre metragem medida (m): | D48: 512
A49: Pavimento sobre metragem só de planta (m): | D49: 115 | E49: sem traçado medido — existência a confirmar em campo
A50: Falta pavimentar sobre metragem medida (m): | D50: 2220
A51: Falta pavimentar sobre metragem só de planta (m): | D51: 3993 | E51: parcela do orçamento que depende de vias ainda não confirmadas em campo
A52: Obs. passeio: medido em 33 ponto(s) do Street View — ambos os lados=100%, um lado=50%, nenhum=0%

Sheet 31 Melhorini Res. Parque
A1: Loteamento Melhorini Residencial Parque — planta nº 31
A2: Proprietário/empreendedor: Domingos Melhorini | Matrícula: 9.300 (26/11/2001) | Área oficial: 70.180 m²
A3: Auditoria completa: 10 pontos verificados neste loteamento (1 ponto a cada ~350 m de via) no Google Street View e. onde não há cobertura. em satélite. Metragem com traçado medido: 1.521 m; só de planta: 0 m.
A5: Rua / via | B5: Extensão da pista (m) | C5: Situação da pista | D5: % pista pavimentada | E5: Pavimentado (m) | F5: Falta pavimentar (m) | G5: Confiança | H5: Passeio (calçada) | I5: % passeio | J5: Pontos auditados | K5: Origem da classificação | L5: Metragem | M5: Observações
A6: Avenida Esbertalina Barbosa Damiani | B6: 92.4 | C6: Pavimentada | D6: 1 | E6: =ROUND(B6*D6,1) -> 92.4 | F6: =B6-E6 -> 0 | G6: alta | H6: Parcial | I6: 0.5 | J6: 1 | K6: 1 ponto(s): 1 SV + 0 satélite (bloquete) | L6: medida (traçado) | M6: limite leste; cinza em hz_18435/18475 | corrigido por SV
A7: Rua Álvaro Leal Calmon | B7: 151.2 | C7: Não pavimentada | D7: 0 | E7: =ROUND(B7*D7,1) -> 0 | F7: =B7-E7 -> 151.2 | G7: alta | H7: Parcial | I7: 0.5 | J7: 1 | K7: 1 ponto(s): 1 SV + 0 satélite (areia) | L7: medida (traçado) | M7: via interna N-S bege/areia (hz_18435_L/18475_L)
A8: Rua Odílio Nico | B8: 155.1 | C8: Não pavimentada | D8: 0 | E8: =ROUND(B8*D8,1) -> 0 | F8: =B8-E8 -> 155.1 | G8: alta | H8: Não | I8: 0 | J8: 1 | K8: 1 ponto(s): 1 SV + 0 satélite (areia) | L8: medida (traçado) | M8: via interna N-S bege/areia (hz_18435_L/18475_L)
A9: Rua Oldemar Faria Santos | B9: 160.6 | C9: Não pavimentada | D9: 0 | E9: =ROUND(B9*D9,1) -> 0 | F9: =B9-E9 -> 160.6 | G9: alta | H9: Parcial | I9: 0.5 | J9: 1 | K9: 1 ponto(s): 1 SV + 0 satélite (areia) | L9: medida (traçado) | M9: via interna N-S bege/areia (hz_18435_L/18475_L)
A10: Darcy Natalino Formigoni | B10: 159.4 | C10: Não pavimentada | D10: 0 | E10: =ROUND(B10*D10,1) -> 0 | F10: =B10-E10 -> 159.4 | G10: alta | H10: Sim (maioria) | I10: 1 | J10: 1 | K10: 1 ponto(s): 1 SV + 0 satélite (areia) | L10: medida (traçado) | M10: via interna N-S bege/areia (hz_18435_L/18475_L)
A11: Rua Adriana Barbosa Caran | B11: 158.3 | C11: Não pavimentada | D11: 0 | E11: =ROUND(B11*D11,1) -> 0 | F11: =B11-E11 -> 158.3 | G11: alta | H11: Parcial | I11: 0.5 | J11: 1 | K11: 1 ponto(s): 1 SV + 0 satélite (areia) | L11: medida (traçado) | M11: via interna N-S bege/areia (hz_18435_L/18475_L)
A12: Rua VII | B12: 157.2 | C12: Não pavimentada | D12: 0 | E12: =ROUND(B12*D12,1) -> 0 | F12: =B12-E12 -> 157.2 | G12: alta | H12: Não | I12: 0 | J12: 1 | K12: 1 ponto(s): 1 SV + 0 satélite (areia) | L12: medida (traçado) | M12: via interna N-S bege/areia (hz_18435_L/18475_L); Rua VII = Prof. Amaro N. Mendes da planta
A13: Rua Albino Negris | B13: 157.3 | C13: Não pavimentada | D13: 0 | E13: =ROUND(B13*D13,1) -> 0 | F13: =B13-E13 -> 157.3 | G13: alta | H13: Não | I13: 0 | J13: 1 | K13: 1 ponto(s): 1 SV + 0 satélite (areia) | L13: medida (traçado) | M13: via interna N-S bege/areia (hz_18435_L/18475_L)
A14: Elisa Maria Ditthz de Abreu Costa | B14: 82.5 | C14: Não pavimentada | D14: 0 | E14: =ROUND(B14*D14,1) -> 0 | F14: =B14-E14 -> 82.5 | G14: alta | H14: Parcial | I14: 0.5 | J14: 1 | K14: 1 ponto(s): 1 SV + 0 satélite (areia) | L14: medida (traçado) | M14: via interna N-S bege/areia (hz_18435_L/18475_L)
A15: Rua Mururici | B15: 246.9 | C15: Pavimentada | D15: 1 | E15: =ROUND(B15*D15,1) -> 246.9 | F15: =B15-E15 -> 0 | G15: alta | H15: Não | I15: 0 | J15: 1 | K15: 1 ponto(s): 1 SV + 0 satélite (bloquete) | L15: medida (traçado) | M15: limite sul; bege/areia em hz_18435/18475
A16: TOTAL | B16: =SUM(B6:B15) -> 1520.9 | D16: =IF(B16=0,0,E16/B16) -> 0.22309159 | E16: =SUM(E6:E15) -> 339.3 | F16: =SUM(F6:F15) -> 1181.6
A18: Falta pavimentar — pista (m²): | D18: =F16*8 -> 9452.8 | E18: largura média de pista adotada: 8 m (premissa)
A19: Vias não abertas incluídas no total (m): | D19: 0 | E19: constam na planta, sem abertura visível no satélite
A20: Passeio (calçada de pedestre) existente: | D20: 0.29 | E20: medido em 10 ponto(s) do Street View — confiança média
A21: Passeio faltante (m de via aberta): | D21: =(B16-D19)*(1-D20) -> 1079.839 | E21: vias não abertas excluídas do cálculo de passeio
A22: Passeio faltante (m²): | D22: =D21*4 -> 4319.356 | E22: premissa: 2 lados × 2 m de largura de calçada
A23: Pavimento sobre metragem medida (m): | D23: 339
A24: Pavimento sobre metragem só de planta (m): | D24: 0 | E24: sem traçado medido — existência a confirmar em campo
A25: Falta pavimentar sobre metragem medida (m): | D25: 1182
A26: Falta pavimentar sobre metragem só de planta (m): | D26: 0 | E26: parcela do orçamento que depende de vias ainda não confirmadas em campo
A27: Obs. passeio: medido em 10 ponto(s) do Street View — ambos os lados=100%, um lado=50%, nenhum=0%

Sheet 35 Verão Vermelho
A1: Loteamento Verão Vermelho — planta nº 35
A2: Proprietário/empreendedor: Neri Mariani | Matrícula: 16.265 (24/10/2003) | Área oficial: 402.084 m²
A3: Auditoria completa: 37 pontos verificados neste loteamento (1 ponto a cada ~350 m de via) no Google Street View e. onde não há cobertura. em satélite. Metragem com traçado medido: 2.772 m; só de planta: 7.830 m.
A5: Rua / via | B5: Extensão da pista (m) | C5: Situação da pista | D5: % pista pavimentada | E5: Pavimentado (m) | F5: Falta pavimentar (m) | G5: Confiança | H5: Passeio (calçada) | I5: % passeio | J5: Pontos auditados | K5: Origem da classificação | L5: Metragem | M5: Observações
A6: Estrada São Mateus-Estiva de Barra Nova | B6: 51.9 | C6: Não pavimentada | D6: 0 | E6: =ROUND(B6*D6,1) -> 0 | F6: =B6-E6 -> 51.9 | G6: alta | H6: Não | I6: 0 | J6: 1 | K6: 1 ponto(s): 1 SV + 0 satélite (saibro) | L6: medida (traçado) | M6: RODOVIA BREJO VELHO da planta (fundos oeste); asfalto (ES-010), linha escura no satelite; apenas ~52 m dentro do poligono
A7: Rua Verão Vermelho | B7: 2162.6 | C7: Não pavimentada | D7: 0 | E7: =ROUND(B7*D7,1) -> 0 | F7: =B7-E7 -> 2162.6 | G7: alta | H7: Não | I7: 0 | J7: 6 | K7: 6 ponto(s): 6 SV + 0 satélite (areia) | L7: medida (traçado) | M7: AV. VERAO VERMELHO da planta (longitudinal sul): aberta em areia por ~2,16 km; casas concentradas no trecho centro-leste; extremo oeste com leito tenue
A8: Avenida Esbertalina B. Damiani | B8: 425.3 | C8: Pavimentada | D8: 1 | E8: =ROUND(B8*D8,1) -> 425.3 | F8: =B8-E8 -> 0 | G8: alta | H8: Parcial | I8: 0.5 | J8: 1 | K8: 1 ponto(s): 1 SV + 0 satélite (bloquete) | L8: medida (traçado) | M8: saibro compactado cinzento, sem bloquete visivel dentro do p35; tag paving_stones do OSM nao confirmada
A9: Avenida Oceano Atlântico | B9: 132.3 | C9: Não pavimentada | D9: 0 | E9: =ROUND(B9*D9,1) -> 0 | F9: =B9-E9 -> 132.3 | G9: média | H9: Não avaliável | I9: — | J9: 1 | K9: 1 ponto(s): 0 SV + 1 satélite (areia) | L9: medida (traçado) | M9: aberta em areia junto as dunas no trecho norte do loteamento (ate ~-18.765); ao sul vira trilha na duna; 'Final do Calcadao Lado Sul' fica no limite norte do p35
A10: AV. EDÉSIO MARIANI | B10: 2160 | C10: Não pavimentada | D10: 0 | E10: =ROUND(B10*D10,1) -> 0 | F10: =B10-E10 -> 2160 | G10: baixa | H10: Não avaliável | I10: — | J10: 0 | K10: sem ponto próprio — taxa agregada da malha física auditada do loteamento | L10: planta (não medida) | M10: longitudinal norte: aberta em areia por ~2,1 km (hz_18645/sat_18760), com a maior parte das casas do loteamento
A11: RUA NOVA VENÉCIA | B11: 154 | C11: Não pavimentada | D11: 0 | E11: =ROUND(B11*D11,1) -> 0 | F11: =B11-E11 -> 154 | G11: baixa | H11: Não avaliável | I11: — | J11: 0 | K11: sem ponto próprio — taxa agregada da malha física auditada do loteamento | L11: planta (não medida) | M11: transversal leste (entre Esbertalina e a orla): trecho norte aberto em areia; fileira sul de quadras em mata fechada | metragem rateada da malha OSM
A12: RUA SÃO GABRIEL DA PALHA | B12: 154 | C12: Não pavimentada | D12: 0 | E12: =ROUND(B12*D12,1) -> 0 | F12: =B12-E12 -> 154 | G12: baixa | H12: Não avaliável | I12: — | J12: 0 | K12: sem ponto próprio — taxa agregada da malha física auditada do loteamento | L12: planta (não medida) | M12: transversal leste (entre Esbertalina e a orla): trecho norte aberto em areia; fileira sul de quadras em mata fechada | metragem rateada da malha OSM
A13: RUA ALBINO NEGRIS | B13: 154 | C13: Não pavimentada | D13: 0 | E13: =ROUND(B13*D13,1) -> 0 | F13: =B13-E13 -> 154 | G13: baixa | H13: Não avaliável | I13: — | J13: 0 | K13: sem ponto próprio — taxa agregada da malha física auditada do loteamento | L13: planta (não medida) | M13: aberta em areia no trecho entre a Av. Edesio Mariani e a R. Verao Vermelho (~150 m); prolongamentos norte/sul nao abertos | metragem rateada da malha OSM
A14: RUA PROF. AMARO NASC. MENDES | B14: 154 | C14: Não pavimentada | D14: 0 | E14: =ROUND(B14*D14,1) -> 0 | F14: =B14-E14 -> 154 | G14: baixa | H14: Não avaliável | I14: — | J14: 0 | K14: sem ponto próprio — taxa agregada da malha física auditada do loteamento | L14: planta (não medida) | M14: aberta em areia no trecho entre a Av. Edesio Mariani e a R. Verao Vermelho (~150 m); prolongamentos norte/sul nao abertos | metragem rateada da malha OSM
A15: RUA ADRIANA BARBOSA CARAN | B15: 154 | C15: Não pavimentada | D15: 0 | E15: =ROUND(B15*D15,1) -> 0 | F15: =B15-E15 -> 154 | G15: baixa | H15: Não avaliável | I15: — | J15: 0 | K15: sem ponto próprio — taxa agregada da malha física auditada do loteamento | L15: planta (não medida) | M15: aberta em areia no trecho entre a Av. Edesio Mariani e a R. Verao Vermelho (~150 m); prolongamentos norte/sul nao abertos | metragem rateada da malha OSM
A16: RUA DARCY N. FORMIGONI | B16: 154 | C16: Não pavimentada | D16: 0 | E16: =ROUND(B16*D16,1) -> 0 | F16: =B16-E16 -> 154 | G16: baixa | H16: Não avaliável | I16: — | J16: 0 | K16: sem ponto próprio — taxa agregada da malha física auditada do loteamento | L16: planta (não medida) | M16: aberta em areia no trecho entre a Av. Edesio Mariani e a R. Verao Vermelho (~150 m); prolongamentos norte/sul nao abertos | metragem rateada da malha OSM
A17: RUA OLDEMAR FARIAS SANTOS | B17: 154 | C17: Não pavimentada | D17: 0 | E17: =ROUND(B17*D17,1) -> 0 | F17: =B17-E17 -> 154 | G17: baixa | H17: Não avaliável | I17: — | J17: 0 | K17: sem ponto próprio — taxa agregada da malha física auditada do loteamento | L17: planta (não medida) | M17: aberta em areia no trecho entre a Av. Edesio Mariani e a R. Verao Vermelho (~150 m); prolongamentos norte/sul nao abertos | metragem rateada da malha OSM
A18: RUA ODÉLIO NICO | B18: 154 | C18: Não pavimentada | D18: 0 | E18: =ROUND(B18*D18,1) -> 0 | F18: =B18-E18 -> 154 | G18: baixa | H18: Não avaliável | I18: — | J18: 0 | K18: sem ponto próprio — taxa agregada da malha física auditada do loteamento | L18: planta (não medida) | M18: aberta em areia no trecho entre a Av. Edesio Mariani e a R. Verao Vermelho (~150 m); prolongamentos norte/sul nao abertos | metragem rateada da malha OSM
A19: RUA ALVARO LEAL COLMON | B19: 154 | C19: Não pavimentada | D19: 0 | E19: =ROUND(B19*D19,1) -> 0 | F19: =B19-E19 -> 154 | G19: baixa | H19: Não avaliável | I19: — | J19: 0 | K19: sem ponto próprio — taxa agregada da malha física auditada do loteamento | L19: planta (não medida) | M19: aberta em areia no trecho entre a Av. Edesio Mariani e a R. Verao Vermelho (~150 m); prolongamentos norte/sul nao abertos | metragem rateada da malha OSM
A20: RUA ELISA MARIA DITTZ DE ABREU COSTA | B20: 154 | C20: Não pavimentada | D20: 0 | E20: =ROUND(B20*D20,1) -> 0 | F20: =B20-E20 -> 154 | G20: baixa | H20: Não avaliável | I20: — | J20: 0 | K20: sem ponto próprio — taxa agregada da malha física auditada do loteamento | L20: planta (não medida) | M20: aberta em areia no trecho entre a Av. Edesio Mariani e a R. Verao Vermelho (~150 m); prolongamentos norte/sul nao abertos | metragem rateada da malha OSM
... A39: RUA XXXII | B39: 240 | C39: Não aberta | D39: 0 | E39: =ROUND(B39*D39,1) -> 0 | F39: =B39-E39 -> 240 | G39: média | H39: — | I39: — | J39: 0 | K39: mantido (não aberta, sem ponto auditado) | L39: planta (não medida) | M39: extremo oeste (inclui area 2A dos campos de futebol/lazer, nao implantada): vegetacao/pasto sem leito visivel
A40: TOTAL | B40: =SUM(B6:B39) -> 10602.1 | D40: =IF(B40=0,0,E40/B40) -> 0.040114694 | E40: =SUM(E6:E39) -> 425.3 | F40: =SUM(F6:F39) -> 10176.8
A42: Falta pavimentar — pista (m²): | D42: =F40*8 -> 81414.4 | E42: largura média de pista adotada: 8 m (premissa)
A43: Vias não abertas incluídas no total (m): | D43: 3360 | E43: constam na planta, sem abertura visível no satélite
A44: Passeio (calçada de pedestre) existente: | D44: 0.06 | E44: medido em 19 ponto(s) do Street View — confiança alta
A45: Passeio faltante (m de via aberta): | D45: =(B40-D43)*(1-D44) -> 6807.574 | E45: vias não abertas excluídas do cálculo de passeio
A46: Passeio faltante (m²): | D46: =D45*4 -> 27230.296 | E46: premissa: 2 lados × 2 m de largura de calçada
A47: Pavimento sobre metragem medida (m): | D47: 425
A48: Pavimento sobre metragem só de planta (m): | D48: 0 | E48: sem traçado medido — existência a confirmar em campo
A49: Falta pavimentar sobre metragem medida (m): | D49: 2347
A50: Falta pavimentar sobre metragem só de planta (m): | D50: 7830 | E50: parcela do orçamento que depende de vias ainda não confirmadas em campo
A51: Obs. passeio: medido em 19 ponto(s) do Street View — ambos os lados=100%, um lado=50%, nenhum=0%

Sheet 36 Res. Ilha de Guriri I
A1: Loteamento Residencial Ilha de Guriri I — planta nº 36
A2: Proprietário/empreendedor: Airton Ruberth | Matrícula: 15.191 (12/11/2003) | Área oficial: 77.639 m²
A3: Auditoria completa: 9 pontos verificados neste loteamento (1 ponto a cada ~350 m de via) no Google Street View e. onde não há cobertura. em satélite. Metragem com traçado medido: 1.995 m; só de planta: 0 m.
A5: Rua / via | B5: Extensão da pista (m) | C5: Situação da pista | D5: % pista pavimentada | E5: Pavimentado (m) | F5: Falta pavimentar (m) | G5: Confiança | H5: Passeio (calçada) | I5: % passeio | J5: Pontos auditados | K5: Origem da classificação | L5: Metragem | M5: Observações
A6: Estrada São Mateus-Estiva de Barra Nova | B6: 205.4 | C6: Não pavimentada | D6: 0 | E6: =ROUND(B6*D6,1) -> 0 | F6: =B6-E6 -> 205.4 | G6: alta | H6: Não | I6: 0 | J6: 1 | K6: 1 ponto(s): 1 SV + 0 satélite (saibro) | L6: medida (traçado) | M6: Asfalto (ES-010 real, beira-rio); cinza com acostamento rural, sem passeio.
A7: Rua José Pereira de Amorim | B7: 56.5 | C7: Não pavimentada | D7: 0 | E7: =ROUND(B7*D7,1) -> 0 | F7: =B7-E7 -> 56.5 | G7: alta | H7: Sim (maioria) | I7: 1 | J7: 1 | K7: 1 ponto(s): 1 SV + 0 satélite (saibro) | L7: medida (traçado) | M7: Areia/bege no satelite (hz_18355_O/18395_O).
A8: Rua Trinta e Três | B8: 154.7 | C8: Não pavimentada | D8: 0 | E8: =ROUND(B8*D8,1) -> 0 | F8: =B8-E8 -> 154.7 | G8: alta | H8: Parcial | I8: 0.5 | J8: 1 | K8: 1 ponto(s): 1 SV + 0 satélite (saibro) | L8: medida (traçado) | M8: Areia/bege no satelite (hz_18355_O/18395_O).
A9: Rua José Bonomo | B9: 198.5 | C9: Não pavimentada | D9: 0 | E9: =ROUND(B9*D9,1) -> 0 | F9: =B9-E9 -> 198.5 | G9: alta | H9: Não avaliável | I9: — | J9: 1 | K9: 1 ponto(s): 1 SV + 0 satélite (saibro) | L9: medida (traçado) | M9: Areia/bege no satelite (hz_18355_O/18395_O).
A10: Rua Elis Regina | B10: 350.9 | C10: Não pavimentada | D10: 0 | E10: =ROUND(B10*D10,1) -> 0 | F10: =B10-E10 -> 350.9 | G10: alta | H10: Não | I10: 0 | J10: 1 | K10: 1 ponto(s): 1 SV + 0 satélite (saibro) | L10: medida (traçado) | M10: Trilha de areia; trecho sul pouco definido em meio a pasto.
A11: ES-010 | B11: 287.2 | C11: Não pavimentada | D11: 0 | E11: =ROUND(B11*D11,1) -> 0 | F11: =B11-E11 -> 287.2 | G11: alta | H11: Não | I11: 0 | J11: 1 | K11: 1 ponto(s): 1 SV + 0 satélite (saibro) | L11: medida (traçado) | M11: Way OSM nomeada ES-010 porem residencial/dirt: e via de areia paralela a estrada asfaltada; nome enganoso.
A12: Rua Rafael Barbosa Brahin | B12: 530.2 | C12: Não pavimentada | D12: 0 | E12: =ROUND(B12*D12,1) -> 0 | F12: =B12-E12 -> 530.2 | G12: média | H12: Parcial | I12: 0.5 | J12: 1 | K12: 1 ponto(s): 1 SV + 0 satélite (areia) | L12: medida (traçado) | M12: Areia na faixa edificada junto a estrada.
A13: (sem nome) | B13: 108.3 | C13: Não pavimentada | D13: 0 | E13: =ROUND(B13*D13,1) -> 0 | F13: =B13-E13 -> 108.3 | G13: alta | H13: Não | I13: 0 | J13: 1 | K13: 1 ponto(s): 1 SV + 0 satélite (areia) | L13: medida (traçado) | M13: Areia/bege no satelite (hz_18355_O/18395_O).
A14: Leôncio Medeiros | B14: 103.5 | C14: Não pavimentada | D14: 0 | E14: =ROUND(B14*D14,1) -> 0 | F14: =B14-E14 -> 103.5 | G14: alta | H14: Não | I14: 0 | J14: 1 | K14: 1 ponto(s): 1 SV + 0 satélite (areia) | L14: medida (traçado) | M14: Areia/bege no satelite (hz_18355_O/18395_O).
A15: TOTAL | B15: =SUM(B6:B14) -> 1995.2 | D15: =IF(B15=0,0,E15/B15) -> 0 | E15: =SUM(E6:E14) -> 0 | F15: =SUM(F6:F14) -> 1995.2
A17: Falta pavimentar — pista (m²): | D17: =F15*8 -> 15961.6 | E17: largura média de pista adotada: 8 m (premissa)
A18: Vias não abertas incluídas no total (m): | D18: 0 | E18: constam na planta, sem abertura visível no satélite
A19: Passeio (calçada de pedestre) existente: | D19: 0.22 | E19: medido em 8 ponto(s) do Street View — confiança média
A20: Passeio faltante (m de via aberta): | D20: =(B15-D18)*(1-D19) -> 1556.256 | E20: vias não abertas excluídas do cálculo de passeio
A21: Passeio faltante (m²): | D21: =D20*4 -> 6225.024 | E21: premissa: 2 lados × 2 m de largura de calçada
A22: Pavimento sobre metragem medida (m): | D22: 0
A23: Pavimento sobre metragem só de planta (m): | D23: 0 | E23: sem traçado medido — existência a confirmar em campo
A24: Falta pavimentar sobre metragem medida (m): | D24: 1995
A25: Falta pavimentar sobre metragem só de planta (m): | D25: 0 | E25: parcela do orçamento que depende de vias ainda não confirmadas em campo
A26: Obs. passeio: medido em 8 ponto(s) do Street View — ambos os lados=100%, um lado=50%, nenhum=0%

Sheet 39 Central
A1: Loteamento Central — planta nº 39
A2: Proprietário/empreendedor: Kajuzal Camping | Matrícula: 16.104 (25/11/2003) | Área oficial: 124.388 m²
A3: Auditoria completa: 10 pontos verificados neste loteamento (1 ponto a cada ~350 m de via) no Google Street View e. onde não há cobertura. em satélite. Metragem com traçado medido: 3.725 m; só de planta: 0 m.
A5: Rua / via | B5: Extensão da pista (m) | C5: Situação da pista | D5: % pista pavimentada | E5: Pavimentado (m) | F5: Falta pavimentar (m) | G5: Confiança | H5: Passeio (calçada) | I5: % passeio | J5: Pontos auditados | K5: Origem da classificação | L5: Metragem | M5: Observações
A6: Avenida Esbertalina Barbosa Damiani | B6: 294.6 | C6: Pavimentada | D6: 1 | E6: =ROUND(B6*D6,1) -> 294.6 | F6: =B6-E6 -> 0 | G6: alta | H6: Sim (maioria) | I6: 1 | J6: 1 | K6: 1 ponto(s): 1 SV + 0 satélite (bloquete) | L6: medida (traçado) | M6: limite oeste na planta (leste geografico); cinza em hz_18475_L | corrigido por SV
A7: Rua Álvaro Leal Calmon | B7: 282.9 | C7: Não pavimentada | D7: 0 | E7: =ROUND(B7*D7,1) -> 0 | F7: =B7-E7 -> 282.9 | G7: alta | H7: Não | I7: 0 | J7: 1 | K7: 1 ponto(s): 1 SV + 0 satélite (areia) | L7: medida (traçado) | M7: via N-S bege/areia (hz_18475_L)
A8: Rua Odílio Nico | B8: 282.7 | C8: Não pavimentada | D8: 0 | E8: =ROUND(B8*D8,1) -> 0 | F8: =B8-E8 -> 282.7 | G8: alta | H8: Não | I8: 0 | J8: 1 | K8: 1 ponto(s): 1 SV + 0 satélite (areia) | L8: medida (traçado) | M8: via N-S bege/areia (hz_18475_L)
A9: Rua Oldemar Faria Santos | B9: 281.9 | C9: Não pavimentada | D9: 0 | E9: =ROUND(B9*D9,1) -> 0 | F9: =B9-E9 -> 281.9 | G9: alta | H9: Parcial | I9: 0.5 | J9: 1 | K9: 1 ponto(s): 1 SV + 0 satélite (areia) | L9: medida (traçado) | M9: via N-S bege/areia (hz_18475_L)
A10: Darcy Natalino Formigoni | B10: 282.4 | C10: Não pavimentada | D10: 0 | E10: =ROUND(B10*D10,1) -> 0 | F10: =B10-E10 -> 282.4 | G10: alta | H10: Não | I10: 0 | J10: 1 | K10: 1 ponto(s): 1 SV + 0 satélite (areia) | L10: medida (traçado) | M10: via N-S bege/areia (hz_18475_L)
A11: Rua Adriana Barbosa Caran | B11: 296.5 | C11: Parcial | D11: 0.09 | E11: =ROUND(B11*D11,1) -> 26.7 | F11: =B11-E11 -> 269.8 | G11: baixa | H11: Não avaliável | I11: — | J11: 0 | K11: trecho curto sem ponto próprio — adotada a situação da mesma via (nome próprio, loteamento contíguo) em 5 ponto(s): p10=100%, p15=0%, p25=0%, p31=0%, p47=0% | L11: medida (traçado) | M11: via N-S bege/areia (hz_18475_L)
A12: Rua VII | B12: 296.6 | C12: Não pavimentada | D12: 0 | E12: =ROUND(B12*D12,1) -> 0 | F12: =B12-E12 -> 296.6 | G12: alta | H12: Não | I12: 0 | J12: 1 | K12: 1 ponto(s): 1 SV + 0 satélite (areia) | L12: medida (traçado) | M12: via N-S bege/areia (hz_18475_L)
A13: Rua Albino Negris | B13: 296.6 | C13: Não pavimentada | D13: 0 | E13: =ROUND(B13*D13,1) -> 0 | F13: =B13-E13 -> 296.6 | G13: alta | H13: Não | I13: 0 | J13: 1 | K13: 1 ponto(s): 1 SV + 0 satélite (areia) | L13: medida (traçado) | M13: via N-S bege/areia (hz_18475_L)
A14: Elisa Maria Ditthz de Abreu Costa | B14: 142.3 | C14: Não pavimentada | D14: 0 | E14: =ROUND(B14*D14,1) -> 0 | F14: =B14-E14 -> 142.3 | G14: alta | H14: Não | I14: 0 | J14: 1 | K14: 1 ponto(s): 1 SV + 0 satélite (areia) | L14: medida (traçado) | M14: via N-S bege/areia (hz_18475_L)
A15: Rua Mururici | B15: 246.9 | C15: Parcial | D15: 0.43 | E15: =ROUND(B15*D15,1) -> 106.2 | F15: =B15-E15 -> 140.7 | G15: baixa | H15: Não avaliável | I15: — | J15: 0 | K15: trecho curto sem ponto próprio — adotada a situação da mesma via (nome próprio, loteamento contíguo) em 3 ponto(s): p25=0%, p31=100%, p7=0% | L15: medida (traçado) | M15: limite norte; bege/areia
A16: Rua Barra de São Francisco | B16: 492.7 | C16: Não pavimentada | D16: 0 | E16: =ROUND(B16*D16,1) -> 0 | F16: =B16-E16 -> 492.7 | G16: média | H16: Não | I16: 0 | J16: 1 | K16: 1 ponto(s): 1 SV + 0 satélite (areia) | L16: medida (traçado) | M16: limite sul; bege/areia (hz_18475_L)
A17: Rua São Daniel Comboni | B17: 123.5 | C17: Não pavimentada | D17: 0 | E17: =ROUND(B17*D17,1) -> 0 | F17: =B17-E17 -> 123.5 | G17: média | H17: Não avaliável | I17: — | J17: 0 | K17: trecho curto sem ponto próprio — adotada a situação da mesma via (nome próprio, loteamento contíguo) em 1 ponto(s): p25=0% | L17: medida (traçado) | M17: transversal central (=Rua Colatina da planta); bege/areia
A18: Rua São Daniel Camboni | B18: 371.4 | C18: Não pavimentada | D18: 0 | E18: =ROUND(B18*D18,1) -> 0 | F18: =B18-E18 -> 371.4 | G18: alta | H18: Parcial | I18: 0.5 | J18: 1 | K18: 1 ponto(s): 1 SV + 0 satélite (areia) | L18: medida (traçado) | M18: mesmo eixo transversal central, grafia OSM do trecho leste; bege/areia
A19: Rua Daniel Camboni | B19: 5.3 | C19: Pavimentada | D19: 1 | E19: =ROUND(B19*D19,1) -> 5.3 | F19: =B19-E19 -> 0 | G19: média | H19: Não avaliável | I19: — | J19: 0 | K19: trecho curto sem ponto próprio — adotada a situação da mesma via (nome próprio, loteamento contíguo) em 1 ponto(s): p7=100% | L19: medida (traçado) | M19: fragmento de 5 m do mesmo eixo de areia junto a Esbertalina
A20: (sem nome) | B20: 29 | C20: Parcial | D20: 0.09 | E20: =ROUND(B20*D20,1) -> 2.6 | F20: =B20-E20 -> 26.4 | G20: baixa | H20: Não avaliável | I20: — | J20: 0 | K20: sem ponto próprio — taxa agregada da malha física auditada do loteamento | L20: medida (traçado) | M20: 29 m de links sem tag no cruzamento com a Av. Esbertalina; assumidos como parte do corredor pavimentado
A21: TOTAL | B21: =SUM(B6:B20) -> 3725.3 | D21: =IF(B21=0,0,E21/B21) -> 0.11687649 | E21: =SUM(E6:E20) -> 435.4 | F21: =SUM(F6:F20) -> 3289.9
A23: Falta pavimentar — pista (m²): | D23: =F21*8 -> 26319.2 | E23: largura média de pista adotada: 8 m (premissa)
A24: Vias não abertas incluídas no total (m): | D24: 0 | E24: constam na planta, sem abertura visível no satélite
A25: Passeio (calçada de pedestre) existente: | D25: 0.2 | E25: medido em 10 ponto(s) do Street View — confiança média
A26: Passeio faltante (m de via aberta): | D26: =(B21-D24)*(1-D25) -> 2980.24 | E26: vias não abertas excluídas do cálculo de passeio
A27: Passeio faltante (m²): | D27: =D26*4 -> 11920.96 | E27: premissa: 2 lados × 2 m de largura de calçada
A28: Pavimento sobre metragem medida (m): | D28: 435
A29: Pavimento sobre metragem só de planta (m): | D29: 0 | E29: sem traçado medido — existência a confirmar em campo
A30: Falta pavimentar sobre metragem medida (m): | D30: 3290
A31: Falta pavimentar sobre metragem só de planta (m): | D31: 0 | E31: parcela do orçamento que depende de vias ainda não confirmadas em campo
A32: Obs. passeio: medido em 10 ponto(s) do Street View — ambos os lados=100%, um lado=50%, nenhum=0%

Sheet 42 Res. Bom Jesus
A1: Loteamento Residencial Bom Jesus — planta nº 42
A2: Proprietário/empreendedor: Kajuzal Camping | Matrícula: 15.989 (23/12/2003) | Área oficial: 1.089.673 m²
A3: Auditoria completa: 70 pontos verificados neste loteamento (1 ponto a cada ~350 m de via) no Google Street View e. onde não há cobertura. em satélite. Metragem com traçado medido: 21.624 m; só de planta: 2.076 m.
A5: Rua / via | B5: Extensão da pista (m) | C5: Situação da pista | D5: % pista pavimentada | E5: Pavimentado (m) | F5: Falta pavimentar (m) | G5: Confiança | H5: Passeio (calçada) | I5: % passeio | J5: Pontos auditados | K5: Origem da classificação | L5: Metragem | M5: Observações
A6: Rua Macapá | B6: 354.3 | C6: Não pavimentada | D6: 0 | E6: =ROUND(B6*D6,1) -> 0 | F6: =B6-E6 -> 354.3 | G6: média | H6: Não avaliável | I6: — | J6: 1 | K6: 1 ponto(s): 0 SV + 1 satélite (areia) | L6: medida (traçado) | M6: aberta so no trecho leste da Av. Esbertalina ate a orla (~350-500 m); metade oeste em mata (faixa entre p35 e p42) | corrigido por SV
A7: Rua Belém | B7: 759.3 | C7: Pavimentada | D7: 1 | E7: =ROUND(B7*D7,1) -> 759.3 | F7: =B7-E7 -> 0 | G7: alta | H7: Não | I7: 0 | J7: 3 | K7: 3 ponto(s): 2 SV + 1 satélite (bloquete) | L7: medida (traçado) | M7: aberta da R. Sao Paulo para leste (~760 m); extremo oeste nao aberto (mata) | corrigido por SV
A8: Rua João Pessoa | B8: 1259.9 | C8: Pavimentada | D8: 1 | E8: =ROUND(B8*D8,1) -> 1259.9 | F8: =B8-E8 -> 0 | G8: alta | H8: Não | I8: 0 | J8: 4 | K8: 4 ponto(s): 4 SV + 0 satélite (bloquete) | L8: medida (traçado) | M8: aberta em areia por toda a largura (Porto Velho ate Conceicao da Barra) | corrigido por SV
A9: Rua Maceió | B9: 1258.8 | C9: Pavimentada | D9: 1 | E9: =ROUND(B9*D9,1) -> 1258.8 | F9: =B9-E9 -> 0 | G9: alta | H9: Não | I9: 0 | J9: 4 | K9: 4 ponto(s): 1 SV + 3 satélite (bloquete) | L9: medida (traçado) | M9: aberta em areia por toda a largura | corrigido por SV
A10: Rua Natal | B10: 1261 | C10: Pavimentada | D10: 1 | E10: =ROUND(B10*D10,1) -> 1261 | F10: =B10-E10 -> 0 | G10: alta | H10: Não | I10: 0 | J10: 4 | K10: 4 ponto(s): 1 SV + 3 satélite (bloquete) | L10: medida (traçado) | M10: aberta em areia por toda a largura | corrigido por SV
A11: Rua Recife | B11: 1261 | C11: Pavimentada | D11: 1 | E11: =ROUND(B11*D11,1) -> 1261 | F11: =B11-E11 -> 0 | G11: alta | H11: Parcial | I11: 0.25 | J11: 4 | K11: 4 ponto(s): 2 SV + 2 satélite (bloquete) | L11: medida (traçado) | M11: aberta em areia por toda a largura | corrigido por SV
A12: Rua Cuiabá | B12: 1006.8 | C12: Parcial | D12: 0.75 | E12: =ROUND(B12*D12,1) -> 755.1 | F12: =B12-E12 -> 251.7 | G12: alta | H12: Não | I12: 0 | J12: 4 | K12: 4 ponto(s): 2 SV + 2 satélite (areia, bloquete) | L12: medida (traçado) | M12: aberta em areia por toda a largura | corrigido por SV
A13: Rua Salvador | B13: 1386.2 | C13: Pavimentada | D13: 1 | E13: =ROUND(B13*D13,1) -> 1386.2 | F13: =B13-E13 -> 0 | G13: alta | H13: Parcial | I13: 0.25 | J13: 4 | K13: 4 ponto(s): 2 SV + 2 satélite (bloquete) | L13: medida (traçado) | M13: aberta em areia; trecho leste com boa ocupacao | corrigido por SV
A14: Rua Vitória | B14: 1385.6 | C14: Pavimentada | D14: 1 | E14: =ROUND(B14*D14,1) -> 1385.6 | F14: =B14-E14 -> 0 | G14: alta | H14: Não | I14: 0 | J14: 4 | K14: 4 ponto(s): 4 SV + 0 satélite (bloquete) | L14: medida (traçado) | M14: aberta em areia; trecho leste denso (Recanto dos Pioneiros) | corrigido por SV
A15: Rua Brasília | B15: 1384 | C15: Parcial | D15: 0.75 | E15: =ROUND(B15*D15,1) -> 1038 | F15: =B15-E15 -> 346 | G15: alta | H15: Parcial | I15: 0.38 | J15: 4 | K15: 4 ponto(s): 4 SV + 0 satélite (areia, bloquete) | L15: medida (traçado) | M15: aberta em areia por toda a largura | corrigido por SV
A16: Rua Campo Grande | B16: 1403.6 | C16: Parcial | D16: 0.75 | E16: =ROUND(B16*D16,1) -> 1052.7 | F16: =B16-E16 -> 350.9 | G16: alta | H16: Parcial | I16: 0.38 | J16: 4 | K16: 4 ponto(s): 4 SV + 0 satélite (areia, bloquete) | L16: medida (traçado) | M16: aberta em areia por toda a largura | corrigido por SV
A17: Rua Curitiba | B17: 1013.2 | C17: Parcial | D17: 0.67 | E17: =ROUND(B17*D17,1) -> 678.8 | F17: =B17-E17 -> 334.4 | G17: alta | H17: Parcial | I17: 0.5 | J17: 3 | K17: 3 ponto(s): 1 SV + 2 satélite (areia, bloquete) | L17: medida (traçado) | M17: aberta em areia; so existe a oeste da Av. Esbertalina (OSM 1.013 m; a leste ficam as quadras do Camurupin Clube) | corrigido por SV
A18: Rua Florianópolis | B18: 1391.8 | C18: Parcial | D18: 0.75 | E18: =ROUND(B18*D18,1) -> 1043.9 | F18: =B18-E18 -> 347.9 | G18: alta | H18: Parcial | I18: 0.25 | J18: 4 | K18: 4 ponto(s): 4 SV + 0 satélite (areia, bloquete) | L18: medida (traçado) | M18: OSM tem way tertiary 'paved'; satelite mostra leito de areia na maior parte, com possivel trecho cinzento curto no acesso leste (Camurupin/orla); estimado 20% pavimentado | corrigido por SV
... A22: Rua Belo Horizonte | B22: 684.1 | C22: Pavimentada | D22: 1 | E22: =ROUND(B22*D22,1) -> 684.1 | F22: =B22-E22 -> 0 | G22: alta | H22: Não | I22: 0 | J22: 2 | K22: 2 ponto(s): 1 SV + 1 satélite (bloquete) | L22: medida (traçado) | M22: longitudinal N-S (~lon -39.755): aberta em areia, trecho central com falhas/vegetacao | corrigido por SV
A23: Rua São Paulo | B23: 674.2 | C23: Pavimentada | D23: 1 | E23: =ROUND(B23*D23,1) -> 674.2 | F23: =B23-E23 -> 0 | G23: média | H23: Não avaliável | I23: — | J23: 1 | K23: 1 ponto(s): 0 SV + 1 satélite (bloquete) | L23: medida (traçado) | M23: longitudinal aberta em areia (OSM 674 m, metade sul) | corrigido por SV
A24: Rua Rio de Janeiro | B24: 753.4 | C24: Pavimentada | D24: 1 | E24: =ROUND(B24*D24,1) -> 753.4 | F24: =B24-E24 -> 0 | G24: alta | H24: Não | I24: 0 | J24: 2 | K24: 2 ponto(s): 1 SV + 1 satélite (bloquete) | L24: medida (traçado) | M24: longitudinal aberta em areia por toda a extensao (~760 m) | corrigido por SV
A25: (sem nome) | B25: 1258.2 | C25: Parcial | D25: 0.43 | E25: =ROUND(B25*D25,1) -> 541 | F25: =B25-E25 -> 717.2 | G25: alta | H25: Parcial | I25: 0.36 | J25: 12 | K25: 12 ponto(s): 9 SV + 3 satélite (areia, bloquete) | L25: medida (traçado) | M25: 2.628 m em 9 ways: inclui a RUA PORTO ALEGRE e trechos nao nomeados; nao somar em dobro com as entradas de planta abaixo | reduzido 1.370 m (Rua Porto Alegre listada em separado)
A26: RUA PORTO ALEGRE | B26: 1370 | C26: Parcial | D26: 0.84 | E26: =ROUND(B26*D26,1) -> 1150.8 | F26: =B26-E26 -> 219.2 | G26: baixa | H26: Não avaliável | I26: — | J26: 0 | K26: sem ponto próprio — taxa agregada da malha física auditada do loteamento | L26: planta (não medida) | M26: transversal sul (divisa com o Bosque da Praia, ~lat -18.7741): aberta em areia por ~1,3 km (hz_18730)
A27: RUA PORTO VELHO | B27: 706 | C27: Parcial | D27: 0.84 | E27: =ROUND(B27*D27,1) -> 593 | F27: =B27-E27 -> 113 | G27: baixa | H27: Não avaliável | I27: — | J27: 0 | K27: sem ponto próprio — taxa agregada da malha física auditada do loteamento | L27: planta (não medida) | M27: longitudinal oeste: aberta em areia (OSM 706 m, mas os ways cairam ~10 m fora do poligono na medicao)
A28: TOTAL | B28: =SUM(B6:B27) -> 23700.1 | D28: =IF(B28=0,0,E28/B28) -> 0.87195835 | E28: =SUM(E6:E27) -> 20665.5 | F28: =SUM(F6:F27) -> 3034.6
A30: Falta pavimentar — pista (m²): | D30: =F28*8 -> 24276.8 | E30: largura média de pista adotada: 8 m (premissa)
A31: Vias não abertas incluídas no total (m): | D31: 0 | E31: constam na planta, sem abertura visível no satélite
A32: Passeio (calçada de pedestre) existente: | D32: 0.23 | E32: medido em 48 ponto(s) do Street View — confiança alta
A33: Passeio faltante (m de via aberta): | D33: =(B28-D31)*(1-D32) -> 18249.077 | E33: vias não abertas excluídas do cálculo de passeio
A34: Passeio faltante (m²): | D34: =D33*4 -> 72996.308 | E34: premissa: 2 lados × 2 m de largura de calçada
A35: Pavimento sobre metragem medida (m): | D35: 18922
A36: Pavimento sobre metragem só de planta (m): | D36: 1744 | E36: sem traçado medido — existência a confirmar em campo
A37: Falta pavimentar sobre metragem medida (m): | D37: 2702
A38: Falta pavimentar sobre metragem só de planta (m): | D38: 332 | E38: parcela do orçamento que depende de vias ainda não confirmadas em campo
A39: Obs. passeio: medido em 48 ponto(s) do Street View — ambos os lados=100%, um lado=50%, nenhum=0%

Sheet 47 Praiano
A1: Loteamento Praiano — planta nº 47
A2: Proprietário/empreendedor: Praiano Guriri Clube | Matrícula: 10.725 | Área oficial: 96.800 m²
A3: Auditoria completa: 15 pontos verificados neste loteamento (1 ponto a cada ~350 m de via) no Google Street View e. onde não há cobertura. em satélite. Metragem com traçado medido: 2.612 m; só de planta: 0 m.
A5: Rua / via | B5: Extensão da pista (m) | C5: Situação da pista | D5: % pista pavimentada | E5: Pavimentado (m) | F5: Falta pavimentar (m) | G5: Confiança | H5: Passeio (calçada) | I5: % passeio | J5: Pontos auditados | K5: Origem da classificação | L5: Metragem | M5: Observações
A6: Avenida Esbertalina Barbosa Damiani | B6: 173.9 | C6: Pavimentada | D6: 1 | E6: =ROUND(B6*D6,1) -> 173.9 | F6: =B6-E6 -> 0 | G6: alta | H6: Não | I6: 0 | J6: 1 | K6: 1 ponto(s): 1 SV + 0 satélite (bloquete) | L6: medida (traçado) | M6: divisa leste (20 m na planta); cinza em hz_18475/18515 | corrigido por SV
A7: Avenida Esbertalina B. Damiani | B7: 92.8 | C7: Parcial | D7: 0.9 | E7: =ROUND(B7*D7,1) -> 83.5 | F7: =B7-E7 -> 9.3 | G7: baixa | H7: Não avaliável | I7: — | J7: 0 | K7: trecho curto sem ponto próprio — adotada a situação da mesma via (nome próprio, loteamento contíguo) em 10 ponto(s): p10=100%, p15=62%, p25=100%, p27=100%, p7=100% | L7: medida (traçado) | M7: mesmo eixo pavimentado
A8: Elisa Maria Ditthz de Abreu Costa | B8: 183.9 | C8: Não pavimentada | D8: 0 | E8: =ROUND(B8*D8,1) -> 0 | F8: =B8-E8 -> 183.9 | G8: alta | H8: Não | I8: 0 | J8: 1 | K8: 1 ponto(s): 1 SV + 0 satélite (areia) | L8: medida (traçado) | M8: via interna N-S bege/areia (hz_18475_L/18515_L)
A9: Rua Álvaro Leal Calmon | B9: 184.6 | C9: Não pavimentada | D9: 0 | E9: =ROUND(B9*D9,1) -> 0 | F9: =B9-E9 -> 184.6 | G9: alta | H9: Não | I9: 0 | J9: 1 | K9: 1 ponto(s): 1 SV + 0 satélite (areia) | L9: medida (traçado) | M9: via interna N-S bege/areia (hz_18475_L/18515_L)
A10: Rua Odílio Nico | B10: 184.7 | C10: Não pavimentada | D10: 0 | E10: =ROUND(B10*D10,1) -> 0 | F10: =B10-E10 -> 184.7 | G10: alta | H10: Parcial | I10: 0.5 | J10: 1 | K10: 1 ponto(s): 1 SV + 0 satélite (areia) | L10: medida (traçado) | M10: via interna N-S bege/areia (hz_18475_L/18515_L)
A11: Rua Oldemar Faria Santos | B11: 185.5 | C11: Não pavimentada | D11: 0 | E11: =ROUND(B11*D11,1) -> 0 | F11: =B11-E11 -> 185.5 | G11: alta | H11: Não | I11: 0 | J11: 1 | K11: 1 ponto(s): 1 SV + 0 satélite (areia) | L11: medida (traçado) | M11: via interna N-S bege/areia (hz_18475_L/18515_L)
A12: Darcy Natalino Formigoni | B12: 184.9 | C12: Não pavimentada | D12: 0 | E12: =ROUND(B12*D12,1) -> 0 | F12: =B12-E12 -> 184.9 | G12: alta | H12: Parcial | I12: 0.5 | J12: 1 | K12: 1 ponto(s): 1 SV + 0 satélite (areia) | L12: medida (traçado) | M12: via interna N-S bege/areia (hz_18475_L/18515_L)
A13: Rua Adriana Barbosa Caran | B13: 170.9 | C13: Não pavimentada | D13: 0 | E13: =ROUND(B13*D13,1) -> 0 | F13: =B13-E13 -> 170.9 | G13: alta | H13: Não | I13: 0 | J13: 1 | K13: 1 ponto(s): 1 SV + 0 satélite (areia) | L13: medida (traçado) | M13: via interna N-S bege/areia (hz_18475_L/18515_L)
A14: Rua VII | B14: 171.9 | C14: Não pavimentada | D14: 0 | E14: =ROUND(B14*D14,1) -> 0 | F14: =B14-E14 -> 171.9 | G14: alta | H14: Sim (maioria) | I14: 1 | J14: 1 | K14: 1 ponto(s): 1 SV + 0 satélite (areia) | L14: medida (traçado) | M14: via interna N-S bege/areia (hz_18475_L/18515_L); Rua VII = Prof. Amaro N. Mendes
A15: Rua Albino Negris | B15: 91.1 | C15: Não pavimentada | D15: 0 | E15: =ROUND(B15*D15,1) -> 0 | F15: =B15-E15 -> 91.1 | G15: alta | H15: Não | I15: 0 | J15: 2 | K15: 2 ponto(s): 2 SV + 0 satélite (areia) | L15: medida (traçado) | M15: via interna N-S bege/areia (hz_18475_L/18515_L)
A16: Raísa Bastos Magnago | B16: 92.2 | C16: Não pavimentada | D16: 0 | E16: =ROUND(B16*D16,1) -> 0 | F16: =B16-E16 -> 92.2 | G16: alta | H16: Não | I16: 0 | J16: 1 | K16: 1 ponto(s): 1 SV + 0 satélite (areia) | L16: medida (traçado) | M16: via interna N-S bege/areia (hz_18475_L/18515_L)
A17: Avenida Praiana | B17: 373.3 | C17: Não pavimentada | D17: 0 | E17: =ROUND(B17*D17,1) -> 0 | F17: =B17-E17 -> 373.3 | G17: média | H17: Não avaliável | I17: — | J17: 0 | K17: trecho curto sem ponto próprio — adotada a situação da mesma via (nome próprio, loteamento contíguo) em 1 ponto(s): p25=0% | L17: medida (traçado) | M17: Av. Praiano da planta (20 m com canteiro); bege/areia em hz_18475/18515, canteiro nao pavimentado
A18: Rua Mantenópolis | B18: 441.6 | C18: Não pavimentada | D18: 0 | E18: =ROUND(B18*D18,1) -> 0 | F18: =B18-E18 -> 441.6 | G18: alta | H18: Parcial | I18: 0.25 | J18: 2 | K18: 2 ponto(s): 2 SV + 0 satélite (areia) | L18: medida (traçado) | M18: divisa sul; bege/areia (hz_18515_L)
A19: Rua Barra de São Francisco | B19: 11.6 | C19: Não pavimentada | D19: 0 | E19: =ROUND(B19*D19,1) -> 0 | F19: =B19-E19 -> 11.6 | G19: alta | H19: Parcial | I19: 0.5 | J19: 1 | K19: 1 ponto(s): 1 SV + 0 satélite (areia) | L19: medida (traçado) | M19: toco de 12 m na divisa norte; corredor de areia
A20: (sem nome) | B20: 69.3 | C20: Não pavimentada | D20: 0 | E20: =ROUND(B20*D20,1) -> 0 | F20: =B20-E20 -> 69.3 | G20: alta | H20: Não | I20: 0 | J20: 1 | K20: 1 ponto(s): 1 SV + 0 satélite (areia) | L20: medida (traçado) | M20: 69 m residential sem tag; nenhum corredor cinza interno no poligono alem da Esbertalina
A21: TOTAL | B21: =SUM(B6:B20) -> 2612.2 | D21: =IF(B21=0,0,E21/B21) -> 0.098537631 | E21: =SUM(E6:E20) -> 257.4 | F21: =SUM(F6:F20) -> 2354.8
A23: Falta pavimentar — pista (m²): | D23: =F21*8 -> 18838.4 | E23: largura média de pista adotada: 8 m (premissa)
A24: Vias não abertas incluídas no total (m): | D24: 0 | E24: constam na planta, sem abertura visível no satélite
A25: Passeio (calçada de pedestre) existente: | D25: 0.21 | E25: medido em 15 ponto(s) do Street View — confiança alta
A26: Passeio faltante (m de via aberta): | D26: =(B21-D24)*(1-D25) -> 2063.638 | E26: vias não abertas excluídas do cálculo de passeio
A27: Passeio faltante (m²): | D27: =D26*4 -> 8254.552 | E27: premissa: 2 lados × 2 m de largura de calçada
A28: Pavimento sobre metragem medida (m): | D28: 257
A29: Pavimento sobre metragem só de planta (m): | D29: 0 | E29: sem traçado medido — existência a confirmar em campo
A30: Falta pavimentar sobre metragem medida (m): | D30: 2355
A31: Falta pavimentar sobre metragem só de planta (m): | D31: 0 | E31: parcela do orçamento que depende de vias ainda não confirmadas em campo
A32: Obs. passeio: medido em 15 ponto(s) do Street View — ambos os lados=100%, um lado=50%, nenhum=0%

Sheet 49 Vale do Amazonas
A1: Loteamento Vale do Amazonas — planta nº 49
A2: Proprietário/empreendedor: Igor Vescovi Devens | Matrícula: 15.185 | Área oficial: 77.639 m²
A3: Auditoria completa: 4 pontos verificados neste loteamento (1 ponto a cada ~350 m de via) no Google Street View e. onde não há cobertura. em satélite. Metragem com traçado medido: 1.154 m; só de planta: 0 m.
A5: Rua / via | B5: Extensão da pista (m) | C5: Situação da pista | D5: % pista pavimentada | E5: Pavimentado (m) | F5: Falta pavimentar (m) | G5: Confiança | H5: Passeio (calçada) | I5: % passeio | J5: Pontos auditados | K5: Origem da classificação | L5: Metragem | M5: Observações
A6: Quinta Avenida | B6: 110 | C6: Não pavimentada | D6: 0 | E6: =ROUND(B6*D6,1) -> 0 | F6: =B6-E6 -> 110 | G6: alta | H6: Não | I6: 0 | J6: 1 | K6: 1 ponto(s): 1 SV + 0 satélite (areia) | L6: medida (traçado) | M6: Areia/bege no satelite (hz_18355_O/18395_O).
A7: Avenida Homero Zordan | B7: 112.7 | C7: Não pavimentada | D7: 0 | E7: =ROUND(B7*D7,1) -> 0 | F7: =B7-E7 -> 112.7 | G7: alta | H7: Não | I7: 0 | J7: 1 | K7: 1 ponto(s): 1 SV + 0 satélite (areia) | L7: medida (traçado) | M7: Areia/bege no satelite (hz_18355_O/18395_O).
A8: Rua Oswaldo Manoel Pimenta Ramos | B8: 469.2 | C8: Não pavimentada | D8: 0 | E8: =ROUND(B8*D8,1) -> 0 | F8: =B8-E8 -> 469.2 | G8: média | H8: Não | I8: 0 | J8: 1 | K8: 1 ponto(s): 1 SV + 0 satélite (areia) | L8: medida (traçado) | M8: Areia; tracado em 3 trechos, partes oeste/sul pouco definidas com grama.
A9: Rua Gentil Otaviano Fundão Santos | B9: 462.5 | C9: Não pavimentada | D9: 0 | E9: =ROUND(B9*D9,1) -> 0 | F9: =B9-E9 -> 462.5 | G9: média | H9: Não | I9: 0 | J9: 1 | K9: 1 ponto(s): 1 SV + 0 satélite (areia) | L9: medida (traçado) | M9: Areia; trechos fragmentados por vegetacao no lado oeste.
A10: TOTAL | B10: =SUM(B6:B9) -> 1154.4 | D10: =IF(B10=0,0,E10/B10) -> 0 | E10: =SUM(E6:E9) -> 0 | F10: =SUM(F6:F9) -> 1154.4
A12: Falta pavimentar — pista (m²): | D12: =F10*8 -> 9235.2 | E12: largura média de pista adotada: 8 m (premissa)
A13: Vias não abertas incluídas no total (m): | D13: 0 | E13: constam na planta, sem abertura visível no satélite
A14: Passeio (calçada de pedestre) existente: | D14: 0 | E14: medido em 4 ponto(s) do Street View — confiança baixa
A15: Passeio faltante (m de via aberta): | D15: =(B10-D13)*(1-D14) -> 1154.4 | E15: vias não abertas excluídas do cálculo de passeio
A16: Passeio faltante (m²): | D16: =D15*4 -> 4617.6 | E16: premissa: 2 lados × 2 m de largura de calçada
A17: Pavimento sobre metragem medida (m): | D17: 0
A18: Pavimento sobre metragem só de planta (m): | D18: 0 | E18: sem traçado medido — existência a confirmar em campo
A19: Falta pavimentar sobre metragem medida (m): | D19: 1154
A20: Falta pavimentar sobre metragem só de planta (m): | D20: 0 | E20: parcela do orçamento que depende de vias ainda não confirmadas em campo
A21: Obs. passeio: medido em 4 ponto(s) do Street View — ambos os lados=100%, um lado=50%, nenhum=0%; amostra pequena, tratar como indicativo

Sheet 50 Flor Pan
A1: Loteamento Flor Pan — planta nº 50
A2: Proprietário/empreendedor: Antonio Costa | Matrícula: 15.189 | Área oficial: 77.639 m²
A3: Auditoria completa: 9 pontos verificados neste loteamento (1 ponto a cada ~350 m de via) no Google Street View e. onde não há cobertura. em satélite. Metragem com traçado medido: 1.809 m; só de planta: 0 m.
A5: Rua / via | B5: Extensão da pista (m) | C5: Situação da pista | D5: % pista pavimentada | E5: Pavimentado (m) | F5: Falta pavimentar (m) | G5: Confiança | H5: Passeio (calçada) | I5: % passeio | J5: Pontos auditados | K5: Origem da classificação | L5: Metragem | M5: Observações
A6: Quinta Avenida | B6: 146 | C6: Não pavimentada | D6: 0 | E6: =ROUND(B6*D6,1) -> 0 | F6: =B6-E6 -> 146 | G6: alta | H6: Não | I6: 0 | J6: 1 | K6: 1 ponto(s): 1 SV + 0 satélite (areia) | L6: medida (traçado) | M6: Areia/bege no satelite (hz_18355_O/18395_O).
A7: Avenida Homero Zordan | B7: 154.9 | C7: Não pavimentada | D7: 0 | E7: =ROUND(B7*D7,1) -> 0 | F7: =B7-E7 -> 154.9 | G7: alta | H7: Sim (maioria) | I7: 1 | J7: 1 | K7: 1 ponto(s): 1 SV + 0 satélite (areia) | L7: medida (traçado) | M7: Areia/bege no satelite (hz_18355_O/18395_O).
A8: Rua Orestes Bigossi | B8: 541.2 | C8: Não pavimentada | D8: 0 | E8: =ROUND(B8*D8,1) -> 0 | F8: =B8-E8 -> 541.2 | G8: alta | H8: Parcial | I8: 0.25 | J8: 2 | K8: 2 ponto(s): 2 SV + 0 satélite (areia) | L8: medida (traçado) | M8: Areia/bege no satelite (hz_18355_O/18395_O).
A9: (sem nome) | B9: 106 | C9: Não pavimentada | D9: 0 | E9: =ROUND(B9*D9,1) -> 0 | F9: =B9-E9 -> 106 | G9: alta | H9: Não | I9: 0 | J9: 2 | K9: 2 ponto(s): 2 SV + 0 satélite (areia) | L9: medida (traçado) | M9: Areia/bege no satelite (hz_18355_O/18395_O).
A10: Plínio Borotto | B10: 25 | C10: Não pavimentada | D10: 0 | E10: =ROUND(B10*D10,1) -> 0 | F10: =B10-E10 -> 25 | G10: alta | H10: Não | I10: 0 | J10: 1 | K10: 1 ponto(s): 1 SV + 0 satélite (areia) | L10: medida (traçado) | M10: Areia/bege no satelite (hz_18355_O/18395_O).
A11: Rua Plínio Borotto | B11: 499.1 | C11: Não pavimentada | D11: 0 | E11: =ROUND(B11*D11,1) -> 0 | F11: =B11-E11 -> 499.1 | G11: média | H11: Parcial | I11: 0.5 | J11: 1 | K11: 1 ponto(s): 1 SV + 0 satélite (areia) | L11: medida (traçado) | M11: Areia/bege no satelite (hz_18355_O/18395_O).
A12: Rua Maria Tezolin Carrafa | B12: 336.9 | C12: Não pavimentada | D12: 0 | E12: =ROUND(B12*D12,1) -> 0 | F12: =B12-E12 -> 336.9 | G12: alta | H12: Não | I12: 0 | J12: 1 | K12: 1 ponto(s): 1 SV + 0 satélite (areia) | L12: medida (traçado) | M12: Areia/bege no satelite (hz_18355_O/18395_O).
A13: TOTAL | B13: =SUM(B6:B12) -> 1809.1 | D13: =IF(B13=0,0,E13/B13) -> 0 | E13: =SUM(E6:E12) -> 0 | F13: =SUM(F6:F12) -> 1809.1
A15: Falta pavimentar — pista (m²): | D15: =F13*8 -> 14472.8 | E15: largura média de pista adotada: 8 m (premissa)
A16: Vias não abertas incluídas no total (m): | D16: 0 | E16: constam na planta, sem abertura visível no satélite
A17: Passeio (calçada de pedestre) existente: | D17: 0.27 | E17: medido em 9 ponto(s) do Street View — confiança média
A18: Passeio faltante (m de via aberta): | D18: =(B13-D16)*(1-D17) -> 1320.643 | E18: vias não abertas excluídas do cálculo de passeio
A19: Passeio faltante (m²): | D19: =D18*4 -> 5282.572 | E19: premissa: 2 lados × 2 m de largura de calçada
A20: Pavimento sobre metragem medida (m): | D20: 0
A21: Pavimento sobre metragem só de planta (m): | D21: 0 | E21: sem traçado medido — existência a confirmar em campo
A22: Falta pavimentar sobre metragem medida (m): | D22: 1809
A23: Falta pavimentar sobre metragem só de planta (m): | D23: 0 | E23: parcela do orçamento que depende de vias ainda não confirmadas em campo
A24: Obs. passeio: medido em 9 ponto(s) do Street View — ambos os lados=100%, um lado=50%, nenhum=0%

Sheet 60 Res. Evidência
A1: Loteamento Residencial Evidência — planta nº 60
A2: Proprietário/empreendedor: Anildo Moreira Tavares | Matrícula: 9.497 | Área oficial: 138.514 m²
A3: Auditoria completa: 22 pontos verificados neste loteamento (1 ponto a cada ~350 m de via) no Google Street View e. onde não há cobertura. em satélite. Metragem com traçado medido: 3.885 m; só de planta: 0 m.
A5: Rua / via | B5: Extensão da pista (m) | C5: Situação da pista | D5: % pista pavimentada | E5: Pavimentado (m) | F5: Falta pavimentar (m) | G5: Confiança | H5: Passeio (calçada) | I5: % passeio | J5: Pontos auditados | K5: Origem da classificação | L5: Metragem | M5: Observações
A6: Rua Cajueiro | B6: 196.4 | C6: Não pavimentada | D6: 0 | E6: =ROUND(B6*D6,1) -> 0 | F6: =B6-E6 -> 196.4 | G6: alta | H6: Parcial | I6: 0.5 | J6: 1 | K6: 1 ponto(s): 1 SV + 0 satélite (saibro) | L6: medida (traçado) | M6: areia clara no satelite (hz_18315_O)
A7: Rua Trinta e Nove | B7: 29 | C7: Não pavimentada | D7: 0 | E7: =ROUND(B7*D7,1) -> 0 | F7: =B7-E7 -> 29 | G7: alta | H7: Não | I7: 0 | J7: 1 | K7: 1 ponto(s): 1 SV + 0 satélite (saibro) | L7: medida (traçado) | M7: areia clara no satelite (hz_18315_O)
A8: Rua José Pereira de Amorim | B8: 255.7 | C8: Não pavimentada | D8: 0 | E8: =ROUND(B8*D8,1) -> 0 | F8: =B8-E8 -> 255.7 | G8: alta | H8: Parcial | I8: 0.5 | J8: 1 | K8: 1 ponto(s): 1 SV + 0 satélite (saibro) | L8: medida (traçado) | M8: areia clara no satelite (hz_18315_O)
A9: Rua Edaval Pedro Barcello | B9: 168.7 | C9: Não pavimentada | D9: 0 | E9: =ROUND(B9*D9,1) -> 0 | F9: =B9-E9 -> 168.7 | G9: alta | H9: Não | I9: 0 | J9: 1 | K9: 1 ponto(s): 1 SV + 0 satélite (areia) | L9: medida (traçado) | M9: areia clara no satelite (hz_18315_O)
A10: Rua Oswaldo Manoel Pimenta Ramos | B10: 81.1 | C10: Não pavimentada | D10: 0 | E10: =ROUND(B10*D10,1) -> 0 | F10: =B10-E10 -> 81.1 | G10: alta | H10: Parcial | I10: 0.5 | J10: 1 | K10: 1 ponto(s): 1 SV + 0 satélite (areia) | L10: medida (traçado) | M10: areia clara no satelite (hz_18315_O)
A11: Rua XXVII | B11: 103.5 | C11: Não pavimentada | D11: 0 | E11: =ROUND(B11*D11,1) -> 0 | F11: =B11-E11 -> 103.5 | G11: alta | H11: Parcial | I11: 0.5 | J11: 1 | K11: 1 ponto(s): 1 SV + 0 satélite (areia) | L11: medida (traçado) | M11: areia clara no satelite (hz_18315_O)
A12: Rua XXVIII | B12: 134.7 | C12: Não pavimentada | D12: 0 | E12: =ROUND(B12*D12,1) -> 0 | F12: =B12-E12 -> 134.7 | G12: alta | H12: Parcial | I12: 0.5 | J12: 1 | K12: 1 ponto(s): 1 SV + 0 satélite (areia) | L12: medida (traçado) | M12: areia clara no satelite (hz_18315_O)
A13: Rua Trinta e Cinco | B13: 253.6 | C13: Não pavimentada | D13: 0 | E13: =ROUND(B13*D13,1) -> 0 | F13: =B13-E13 -> 253.6 | G13: alta | H13: Não | I13: 0 | J13: 1 | K13: 1 ponto(s): 1 SV + 0 satélite (saibro) | L13: medida (traçado) | M13: areia clara no satelite (hz_18315_O)
A14: Rua Domingos Carrafa | B14: 192.1 | C14: Não pavimentada | D14: 0 | E14: =ROUND(B14*D14,1) -> 0 | F14: =B14-E14 -> 192.1 | G14: alta | H14: Parcial | I14: 0.5 | J14: 1 | K14: 1 ponto(s): 1 SV + 0 satélite (areia) | L14: medida (traçado) | M14: areia clara no satelite (hz_18315_O)
A15: Rua XXIX | B15: 138.2 | C15: Não pavimentada | D15: 0 | E15: =ROUND(B15*D15,1) -> 0 | F15: =B15-E15 -> 138.2 | G15: alta | H15: Parcial | I15: 0.5 | J15: 1 | K15: 1 ponto(s): 1 SV + 0 satélite (areia) | L15: medida (traçado) | M15: areia clara no satelite (hz_18315_O)
A16: Rua XXXII | B16: 215.7 | C16: Não pavimentada | D16: 0 | E16: =ROUND(B16*D16,1) -> 0 | F16: =B16-E16 -> 215.7 | G16: alta | H16: Parcial | I16: 0.5 | J16: 1 | K16: 1 ponto(s): 1 SV + 0 satélite (areia) | L16: medida (traçado) | M16: areia clara no satelite (hz_18315_O)
A17: Rua Orestes Bigossi | B17: 52.1 | C17: Não pavimentada | D17: 0 | E17: =ROUND(B17*D17,1) -> 0 | F17: =B17-E17 -> 52.1 | G17: alta | H17: Não | I17: 0 | J17: 1 | K17: 1 ponto(s): 1 SV + 0 satélite (areia) | L17: medida (traçado) | M17: areia clara no satelite (hz_18315_O)
... A27: Quarenta e Seis | B27: 83.6 | C27: Não pavimentada | D27: 0 | E27: =ROUND(B27*D27,1) -> 0 | F27: =B27-E27 -> 83.6 | G27: alta | H27: Não | I27: 0 | J27: 1 | K27: 1 ponto(s): 1 SV + 0 satélite (areia) | L27: medida (traçado) | M27: areia clara no satelite (hz_18315_O)
A28: TOTAL | B28: =SUM(B6:B27) -> 3885 | D28: =IF(B28=0,0,E28/B28) -> 0 | E28: =SUM(E6:E27) -> 0 | F28: =SUM(F6:F27) -> 3885
A30: Falta pavimentar — pista (m²): | D30: =F28*8 -> 31080 | E30: largura média de pista adotada: 8 m (premissa)
A31: Vias não abertas incluídas no total (m): | D31: 0 | E31: constam na planta, sem abertura visível no satélite
A32: Passeio (calçada de pedestre) existente: | D32: 0.33 | E32: medido em 22 ponto(s) do Street View — confiança alta
A33: Passeio faltante (m de via aberta): | D33: =(B28-D31)*(1-D32) -> 2602.95 | E33: vias não abertas excluídas do cálculo de passeio
A34: Passeio faltante (m²): | D34: =D33*4 -> 10411.8 | E34: premissa: 2 lados × 2 m de largura de calçada
A35: Pavimento sobre metragem medida (m): | D35: 0
A36: Pavimento sobre metragem só de planta (m): | D36: 0 | E36: sem traçado medido — existência a confirmar em campo
A37: Falta pavimentar sobre metragem medida (m): | D37: 3885
A38: Falta pavimentar sobre metragem só de planta (m): | D38: 0 | E38: parcela do orçamento que depende de vias ainda não confirmadas em campo
A39: Obs. passeio: medido em 22 ponto(s) do Street View — ambos os lados=100%, um lado=50%, nenhum=0%

Sheet 70 Pontal de Guriri
A1: Loteamento Pontal de Guriri — planta nº 70
A2: Proprietário/empreendedor: João Bosco Cevolane | Matrícula: 19.747 | Área oficial: 244.195 m²
A3: Auditoria completa: 28 pontos verificados neste loteamento (1 ponto a cada ~350 m de via) no Google Street View e. onde não há cobertura. em satélite. Metragem com traçado medido: 6.052 m; só de planta: 0 m.
A5: Rua / via | B5: Extensão da pista (m) | C5: Situação da pista | D5: % pista pavimentada | E5: Pavimentado (m) | F5: Falta pavimentar (m) | G5: Confiança | H5: Passeio (calçada) | I5: % passeio | J5: Pontos auditados | K5: Origem da classificação | L5: Metragem | M5: Observações
A6: Rua XXXII | B6: 230.3 | C6: Não pavimentada | D6: 0 | E6: =ROUND(B6*D6,1) -> 0 | F6: =B6-E6 -> 230.3 | G6: alta | H6: Não | I6: 0 | J6: 1 | K6: 1 ponto(s): 1 SV + 0 satélite (areia) | L6: medida (traçado) | M6: faixa norte do grid, areia clara no satelite (hz_18245_O)
A7: Rua Antônio Cunha Filho | B7: 256.7 | C7: Não pavimentada | D7: 0 | E7: =ROUND(B7*D7,1) -> 0 | F7: =B7-E7 -> 256.7 | G7: alta | H7: Não | I7: 0 | J7: 1 | K7: 1 ponto(s): 1 SV + 0 satélite (areia) | L7: medida (traçado) | M7: faixa norte do grid, areia clara no satelite (hz_18245_O)
A8: Rua Trinta e Cinco | B8: 26.4 | C8: Não pavimentada | D8: 0 | E8: =ROUND(B8*D8,1) -> 0 | F8: =B8-E8 -> 26.4 | G8: alta | H8: Não | I8: 0 | J8: 1 | K8: 1 ponto(s): 1 SV + 0 satélite (areia) | L8: medida (traçado) | M8: faixa norte do grid, areia clara no satelite (hz_18245_O)
A9: Rua Climéria Santos Barcellos | B9: 232.6 | C9: Não pavimentada | D9: 0 | E9: =ROUND(B9*D9,1) -> 0 | F9: =B9-E9 -> 232.6 | G9: alta | H9: Não | I9: 0 | J9: 1 | K9: 1 ponto(s): 1 SV + 0 satélite (areia) | L9: medida (traçado) | M9: faixa norte do grid, areia clara no satelite (hz_18245_O)
A10: Rua José Bonomo | B10: 232.6 | C10: Pavimentada | D10: 1 | E10: =ROUND(B10*D10,1) -> 232.6 | F10: =B10-E10 -> 0 | G10: alta | H10: Parcial | I10: 0.5 | J10: 1 | K10: 1 ponto(s): 1 SV + 0 satélite (bloquete) | L10: medida (traçado) | M10: faixa norte do grid, areia clara no satelite (hz_18245_O)
A11: Rua Domingos Carrafa | B11: 256.1 | C11: Não pavimentada | D11: 0 | E11: =ROUND(B11*D11,1) -> 0 | F11: =B11-E11 -> 256.1 | G11: alta | H11: Não | I11: 0 | J11: 1 | K11: 1 ponto(s): 1 SV + 0 satélite (areia) | L11: medida (traçado) | M11: faixa norte do grid, areia clara no satelite (hz_18245_O)
A12: Rua XXV | B12: 109.2 | C12: Não pavimentada | D12: 0 | E12: =ROUND(B12*D12,1) -> 0 | F12: =B12-E12 -> 109.2 | G12: média | H12: Não avaliável | I12: — | J12: 1 | K12: 1 ponto(s): 0 SV + 1 satélite (areia) | L12: medida (traçado) | M12: faixa norte do grid, areia clara no satelite (hz_18245_O)
A13: Rua João Mafra Araújo | B13: 229.7 | C13: Não pavimentada | D13: 0 | E13: =ROUND(B13*D13,1) -> 0 | F13: =B13-E13 -> 229.7 | G13: média | H13: Não avaliável | I13: — | J13: 1 | K13: 1 ponto(s): 0 SV + 1 satélite (areia) | L13: medida (traçado) | M13: faixa norte do grid, areia clara no satelite (hz_18245_O)
A14: Rua Douglas Lima | B14: 229.2 | C14: Não pavimentada | D14: 0 | E14: =ROUND(B14*D14,1) -> 0 | F14: =B14-E14 -> 229.2 | G14: alta | H14: Não | I14: 0 | J14: 1 | K14: 1 ponto(s): 1 SV + 0 satélite (areia) | L14: medida (traçado) | M14: faixa norte do grid, areia clara no satelite (hz_18245_O)
A15: Rua Oreste Bigossi | B15: 226.9 | C15: Não pavimentada | D15: 0 | E15: =ROUND(B15*D15,1) -> 0 | F15: =B15-E15 -> 226.9 | G15: alta | H15: Não | I15: 0 | J15: 1 | K15: 1 ponto(s): 1 SV + 0 satélite (areia) | L15: medida (traçado) | M15: faixa norte do grid, areia clara no satelite (hz_18245_O)
A16: Rua Geraldo Pinto | B16: 230.4 | C16: Não pavimentada | D16: 0 | E16: =ROUND(B16*D16,1) -> 0 | F16: =B16-E16 -> 230.4 | G16: alta | H16: Não | I16: 0 | J16: 1 | K16: 1 ponto(s): 1 SV + 0 satélite (areia) | L16: medida (traçado) | M16: faixa norte do grid, areia clara no satelite (hz_18245_O)
A17: Rua XXIV | B17: 228 | C17: Não pavimentada | D17: 0 | E17: =ROUND(B17*D17,1) -> 0 | F17: =B17-E17 -> 228 | G17: alta | H17: Não | I17: 0 | J17: 1 | K17: 1 ponto(s): 1 SV + 0 satélite (areia) | L17: medida (traçado) | M17: faixa norte do grid, areia clara no satelite (hz_18245_O)
A18: Rua XXVII | B18: 229.2 | C18: Não pavimentada | D18: 0 | E18: =ROUND(B18*D18,1) -> 0 | F18: =B18-E18 -> 229.2 | G18: alta | H18: Não | I18: 0 | J18: 1 | K18: 1 ponto(s): 1 SV + 0 satélite (areia) | L18: medida (traçado) | M18: faixa norte do grid, areia clara no satelite (hz_18245_O)
A19: Rua Cajueiro | B19: 253.5 | C19: Não pavimentada | D19: 0 | E19: =ROUND(B19*D19,1) -> 0 | F19: =B19-E19 -> 253.5 | G19: alta | H19: Não | I19: 0 | J19: 1 | K19: 1 ponto(s): 1 SV + 0 satélite (areia) | L19: medida (traçado) | M19: faixa norte do grid, areia clara no satelite (hz_18245_O)
A20: Rua Trinta e Sete | B20: 239.3 | C20: Não pavimentada | D20: 0 | E20: =ROUND(B20*D20,1) -> 0 | F20: =B20-E20 -> 239.3 | G20: alta | H20: Não | I20: 0 | J20: 1 | K20: 1 ponto(s): 1 SV + 0 satélite (areia) | L20: medida (traçado) | M20: faixa norte do grid, areia clara no satelite (hz_18245_O)
A21: (sem nome) | B21: 2610.5 | C21: Parcial | D21: 0.13 | E21: =ROUND(B21*D21,1) -> 339.4 | F21: =B21-E21 -> 2271.1 | G21: alta | H21: Não | I21: 0 | J21: 12 | K21: 12 ponto(s): 9 SV + 3 satélite (areia, bloquete) | L21: medida (traçado) | M21: vias sem nome do grid do Pontal, incl. eixo E-W da Av. Samuel Scardini (18,5 m na planta) - tudo areia no satelite
A22: Rua XXXV | B22: 231.5 | C22: Não pavimentada | D22: 0 | E22: =ROUND(B22*D22,1) -> 0 | F22: =B22-E22 -> 231.5 | G22: alta | H22: Não | I22: 0 | J22: 1 | K22: 1 ponto(s): 1 SV + 0 satélite (saibro) | L22: medida (traçado) | M22: faixa norte do grid, areia clara no satelite (hz_18245_O)
A23: TOTAL | B23: =SUM(B6:B22) -> 6052.1 | D23: =IF(B23=0,0,E23/B23) -> 0.094512649 | E23: =SUM(E6:E22) -> 572 | F23: =SUM(F6:F22) -> 5480.1
A25: Falta pavimentar — pista (m²): | D25: =F23*8 -> 43840.8 | E25: largura média de pista adotada: 8 m (premissa)
A26: Vias não abertas incluídas no total (m): | D26: 0 | E26: constam na planta, sem abertura visível no satélite
A27: Passeio (calçada de pedestre) existente: | D27: 0.02 | E27: medido em 23 ponto(s) do Street View — confiança alta
A28: Passeio faltante (m de via aberta): | D28: =(B23-D26)*(1-D27) -> 5931.058 | E28: vias não abertas excluídas do cálculo de passeio
A29: Passeio faltante (m²): | D29: =D28*4 -> 23724.232 | E29: premissa: 2 lados × 2 m de largura de calçada
A30: Pavimento sobre metragem medida (m): | D30: 572
A31: Pavimento sobre metragem só de planta (m): | D31: 0 | E31: sem traçado medido — existência a confirmar em campo
A32: Falta pavimentar sobre metragem medida (m): | D32: 5480
A33: Falta pavimentar sobre metragem só de planta (m): | D33: 0 | E33: parcela do orçamento que depende de vias ainda não confirmadas em campo
A34: Obs. passeio: medido em 23 ponto(s) do Street View — ambos os lados=100%, um lado=50%, nenhum=0%

Sheet 78 João de Barro
A1: Loteamento João de Barro (COHAJOBA) — planta nº 78
A2: Proprietário/empreendedor: COHAJOBA | Matrícula: 19.792 | Área oficial: 54.750 m²
A3: Auditoria completa: 14 pontos verificados neste loteamento (1 ponto a cada ~350 m de via) no Google Street View e. onde não há cobertura. em satélite. Metragem com traçado medido: 0 m; só de planta: 1.490 m.
A5: Rua / via | B5: Extensão da pista (m) | C5: Situação da pista | D5: % pista pavimentada | E5: Pavimentado (m) | F5: Falta pavimentar (m) | G5: Confiança | H5: Passeio (calçada) | I5: % passeio | J5: Pontos auditados | K5: Origem da classificação | L5: Metragem | M5: Observações
A6: AVENIDA PROJETADA - 01 | B6: 500 | C6: Não pavimentada | D6: 0 | E6: =ROUND(B6*D6,1) -> 0 | F6: =B6-E6 -> 500 | G6: baixa | H6: Não avaliável | I6: — | J6: 0 | K6: sem ponto próprio — taxa agregada da malha física auditada do loteamento | L6: planta (não medida) | M6: eixo central ENE-WSW (~500 m): consolidado em areia no trecho leste (~300 m, lotes murados); a oeste apenas traco no pasto
A7: RUA PLINIO BOROTTO | B7: 110 | C7: Não aberta | D7: 0 | E7: =ROUND(B7*D7,1) -> 0 | F7: =B7-E7 -> 110 | G7: média | H7: — | I7: — | J7: 0 | K7: mantido (não aberta, sem ponto auditado) | L7: planta (não medida) | M7: extremo oeste: leito apenas demarcado no pasto, nao consolidado
A8: RUA MARIA TEZOLIN GARRAFA | B8: 110 | C8: Não aberta | D8: 0 | E8: =ROUND(B8*D8,1) -> 0 | F8: =B8-E8 -> 110 | G8: média | H8: — | I8: — | J8: 0 | K8: mantido (não aberta, sem ponto auditado) | L8: planta (não medida) | M8: leito apenas demarcado no pasto, nao consolidado
A9: RUA JAMIL ALHAKIM | B9: 110 | C9: Não aberta | D9: 0 | E9: =ROUND(B9*D9,1) -> 0 | F9: =B9-E9 -> 110 | G9: baixa | H9: — | I9: — | J9: 0 | K9: mantido (não aberta, sem ponto auditado) | L9: planta (não medida) | M9: traco tenue no pasto
A10: RUA ROGÉRIO CAMPISTA CORREIRA | B10: 110 | C10: Não pavimentada | D10: 0 | E10: =ROUND(B10*D10,1) -> 0 | F10: =B10-E10 -> 110 | G10: baixa | H10: Não avaliável | I10: — | J10: 0 | K10: sem ponto próprio — taxa agregada da malha física auditada do loteamento | L10: planta (não medida) | M10: na borda da area consolidada (~lon -39.760); abertura parcial
A11: RUA EDITH LAURA MOREIRA D'ALMEIDA | B11: 110 | C11: Não pavimentada | D11: 0 | E11: =ROUND(B11*D11,1) -> 0 | F11: =B11-E11 -> 110 | G11: baixa | H11: Não avaliável | I11: — | J11: 0 | K11: sem ponto próprio — taxa agregada da malha física auditada do loteamento | L11: planta (não medida) | M11: aberta em areia, grade visivel (hz_18565)
A12: RUA OCTAVIO BOROTTO | B12: 110 | C12: Não pavimentada | D12: 0 | E12: =ROUND(B12*D12,1) -> 0 | F12: =B12-E12 -> 110 | G12: baixa | H12: Não avaliável | I12: — | J12: 0 | K12: sem ponto próprio — taxa agregada da malha física auditada do loteamento | L12: planta (não medida) | M12: aberta em areia, quadras com muros
A13: RUA DOMINGOS DUARTE SANTOS | B13: 110 | C13: Não pavimentada | D13: 0 | E13: =ROUND(B13*D13,1) -> 0 | F13: =B13-E13 -> 110 | G13: baixa | H13: Não avaliável | I13: — | J13: 0 | K13: sem ponto próprio — taxa agregada da malha física auditada do loteamento | L13: planta (não medida) | M13: aberta em areia
A14: RUA PEDRO ALVES RIBEIRO | B14: 110 | C14: Não pavimentada | D14: 0 | E14: =ROUND(B14*D14,1) -> 0 | F14: =B14-E14 -> 110 | G14: baixa | H14: Não avaliável | I14: — | J14: 0 | K14: sem ponto próprio — taxa agregada da malha física auditada do loteamento | L14: planta (não medida) | M14: aberta em areia; alinha com a R. Pedro Alves Ribeiro de Guriri (lon -39.7576)
A15: RUA RAISA BASTOS MAGNAGO | B15: 110 | C15: Não pavimentada | D15: 0 | E15: =ROUND(B15*D15,1) -> 0 | F15: =B15-E15 -> 110 | G15: média | H15: Não avaliável | I15: — | J15: 0 | K15: trecho curto sem ponto próprio — adotada a situação da mesma via (nome próprio, loteamento contíguo) em 1 ponto(s): p47=0% | L15: planta (não medida) | M15: extremo leste, junto a ETE/RA; aberta em areia
A16: TOTAL | B16: =SUM(B6:B15) -> 1490 | D16: =IF(B16=0,0,E16/B16) -> 0 | E16: =SUM(E6:E15) -> 0 | F16: =SUM(F6:F15) -> 1490
A18: Falta pavimentar — pista (m²): | D18: =F16*8 -> 11920 | E18: largura média de pista adotada: 8 m (premissa)
A19: Vias não abertas incluídas no total (m): | D19: 330 | E19: constam na planta, sem abertura visível no satélite
A20: Passeio (calçada de pedestre) existente: | D20: 0.05 | E20: medido em 0 ponto(s) do Street View — confiança baixa
A21: Passeio faltante (m de via aberta): | D21: =(B16-D19)*(1-D20) -> 1102 | E21: vias não abertas excluídas do cálculo de passeio
A22: Passeio faltante (m²): | D22: =D21*4 -> 4408 | E22: premissa: 2 lados × 2 m de largura de calçada
A23: Pavimento sobre metragem medida (m): | D23: 0
A24: Pavimento sobre metragem só de planta (m): | D24: 0 | E24: sem traçado medido — existência a confirmar em campo
A25: Falta pavimentar sobre metragem medida (m): | D25: 0
A26: Falta pavimentar sobre metragem só de planta (m): | D26: 1490 | E26: parcela do orçamento que depende de vias ainda não confirmadas em campo
A27: Obs. passeio: sem cobertura de Street View no loteamento — mantida a estimativa anterior por satélite/analogia; NÃO verificado ponto a ponto

Sheet 80 Soma Cevolani
A1: Loteamento Soma Cevolani (Golden Guriri) — planta nº 80
A2: Proprietário/empreendedor: Soma Cevolani SPE | Matrícula: 52.586 | Área oficial: 234.672 m²
A3: Auditoria completa: 32 pontos verificados neste loteamento (1 ponto a cada ~350 m de via) no Google Street View e. onde não há cobertura. em satélite. Metragem com traçado medido: 0 m; só de planta: 4.952 m.
A5: Rua / via | B5: Extensão da pista (m) | C5: Situação da pista | D5: % pista pavimentada | E5: Pavimentado (m) | F5: Falta pavimentar (m) | G5: Confiança | H5: Passeio (calçada) | I5: % passeio | J5: Pontos auditados | K5: Origem da classificação | L5: Metragem | M5: Observações
A6: Avenida Copacabana | B6: 1200 | C6: Pavimentada | D6: 1 | E6: =ROUND(B6*D6,1) -> 1200 | F6: =B6-E6 -> 0 | G6: baixa | H6: Não avaliável | I6: — | J6: 0 | K6: sem ponto próprio — taxa agregada da malha física auditada do loteamento | L6: planta (não medida) | M6: avenida coletora 25 m com canteiro/ciclovia; pista cinza com meio-fio e setas de mao; inclui acesso pela area verde ate rotatoria ELUP1 na ES-010 e 2a rotatoria na quadra F (hz_18235_L)
A7: Rua Ipanema | B7: 536 | C7: Pavimentada | D7: 1 | E7: =ROUND(B7*D7,1) -> 536 | F7: =B7-E7 -> 0 | G7: baixa | H7: Não avaliável | I7: — | J7: 0 | K7: sem ponto próprio — taxa agregada da malha física auditada do loteamento | L7: planta (não medida) | M7: perimetral NW paralela a Copacabana; pista cinza com meio-fio
A8: Rua Praia Grande | B8: 536 | C8: Pavimentada | D8: 1 | E8: =ROUND(B8*D8,1) -> 536 | F8: =B8-E8 -> 0 | G8: baixa | H8: Não avaliável | I8: — | J8: 0 | K8: sem ponto próprio — taxa agregada da malha física auditada do loteamento | L8: planta (não medida) | M8: longitudinal interna; pista cinza com meio-fio
A9: Rua Canoa Quebrada | B9: 536 | C9: Pavimentada | D9: 1 | E9: =ROUND(B9*D9,1) -> 536 | F9: =B9-E9 -> 0 | G9: baixa | H9: Não avaliável | I9: — | J9: 0 | K9: sem ponto próprio — taxa agregada da malha física auditada do loteamento | L9: planta (não medida) | M9: perimetral SE junto a malha antiga de Guriri Norte; pista cinza com meio-fio
A10: Rua Boa Viagem | B10: 536 | C10: Pavimentada | D10: 1 | E10: =ROUND(B10*D10,1) -> 536 | F10: =B10-E10 -> 0 | G10: baixa | H10: Não avaliável | I10: — | J10: 0 | K10: sem ponto próprio — taxa agregada da malha física auditada do loteamento | L10: planta (não medida) | M10: transversal junto a rotatoria da quadra F; segmento extra contornando a quadra Z nao distinguivel individualmente, mas todo o grid aparece pavimentado
A11: Rua Praia do Espelho | B11: 536 | C11: Pavimentada | D11: 1 | E11: =ROUND(B11*D11,1) -> 536 | F11: =B11-E11 -> 0 | G11: baixa | H11: Não avaliável | I11: — | J11: 0 | K11: sem ponto próprio — taxa agregada da malha física auditada do loteamento | L11: planta (não medida) | M11: transversal; pista cinza com meio-fio
A12: Rua Jurere | B12: 536 | C12: Pavimentada | D12: 1 | E12: =ROUND(B12*D12,1) -> 536 | F12: =B12-E12 -> 0 | G12: baixa | H12: Não avaliável | I12: — | J12: 0 | K12: sem ponto próprio — taxa agregada da malha física auditada do loteamento | L12: planta (não medida) | M12: transversal; pista cinza com meio-fio
A13: Rua Cabo Branco | B13: 536 | C13: Pavimentada | D13: 1 | E13: =ROUND(B13*D13,1) -> 536 | F13: =B13-E13 -> 0 | G13: baixa | H13: Não avaliável | I13: — | J13: 0 | K13: sem ponto próprio — taxa agregada da malha física auditada do loteamento | L13: planta (não medida) | M13: transversal no extremo oeste do grid (visivel tambem em hz_18245_O a direita); pista cinza com meio-fio
A14: TOTAL | B14: =SUM(B6:B13) -> 4952 | D14: =IF(B14=0,0,E14/B14) -> 1 | E14: =SUM(E6:E13) -> 4952 | F14: =SUM(F6:F13) -> 0
A16: Falta pavimentar — pista (m²): | D16: =F14*8 -> 0 | E16: largura média de pista adotada: 8 m (premissa)
A17: Vias não abertas incluídas no total (m): | D17: 0 | E17: constam na planta, sem abertura visível no satélite
A18: Passeio (calçada de pedestre) existente: | D18: 0.13 | E18: medido em 2 ponto(s) do Street View — confiança baixa
A19: Passeio faltante (m de via aberta): | D19: =(B14-D17)*(1-D18) -> 4308.24 | E19: vias não abertas excluídas do cálculo de passeio
A20: Passeio faltante (m²): | D20: =D19*4 -> 17232.96 | E20: premissa: 2 lados × 2 m de largura de calçada
A21: Pavimento sobre metragem medida (m): | D21: 0
A22: Pavimento sobre metragem só de planta (m): | D22: 4952 | E22: sem traçado medido — existência a confirmar em campo
A23: Falta pavimentar sobre metragem medida (m): | D23: 0
A24: Falta pavimentar sobre metragem só de planta (m): | D24: 0 | E24: parcela do orçamento que depende de vias ainda não confirmadas em campo
A25: Obs. passeio: medido em 2 ponto(s) do Street View — ambos os lados=100%, um lado=50%, nenhum=0%; amostra pequena, tratar como indicativo

Sheet 84 Pontal de Guriri II
A1: Loteamento Pontal de Guriri II — planta nº 84
A2: Proprietário/empreendedor: João Bosco Cevolane Ltda | Matrícula: 54.633 | Área oficial: 44.371 m²
A3: Auditoria completa: 14 pontos verificados neste loteamento (1 ponto a cada ~350 m de via) no Google Street View e. onde não há cobertura. em satélite. Metragem com traçado medido: 0 m; só de planta: 1.073 m.
A5: Rua / via | B5: Extensão da pista (m) | C5: Situação da pista | D5: % pista pavimentada | E5: Pavimentado (m) | F5: Falta pavimentar (m) | G5: Confiança | H5: Passeio (calçada) | I5: % passeio | J5: Pontos auditados | K5: Origem da classificação | L5: Metragem | M5: Observações
A6: Avenida Samuel Scardini | B6: 231 | C6: Não pavimentada | D6: 0 | E6: =ROUND(B6*D6,1) -> 0 | F6: =B6-E6 -> 231 | G6: baixa | H6: Não avaliável | I6: — | J6: 0 | K6: sem ponto próprio — taxa agregada da malha física auditada do loteamento | L6: planta (não medida) | M6: avenida central E-W (18,5 m na planta); aberta em areia, continuacao do eixo do p70; OSM: way sem nome unpaved
A7: Rua Plínio Boroto | B7: 209 | C7: Não pavimentada | D7: 0 | E7: =ROUND(B7*D7,1) -> 0 | F7: =B7-E7 -> 209 | G7: baixa | H7: Não avaliável | I7: — | J7: 0 | K7: sem ponto próprio — taxa agregada da malha física auditada do loteamento | L7: planta (não medida) | M7: N-S entre Q1/Q7 e Q2/Q6; aberta em areia (hz_18245_O)
A8: Rua Maria Tezolin Carrafa | B8: 209 | C8: Não pavimentada | D8: 0 | E8: =ROUND(B8*D8,1) -> 0 | F8: =B8-E8 -> 209 | G8: média | H8: Não avaliável | I8: — | J8: 0 | K8: trecho curto sem ponto próprio — adotada a situação da mesma via (nome próprio, loteamento contíguo) em 3 ponto(s): p10=0%, p13=0%, p50=0% | L8: planta (não medida) | M8: N-S entre Q2/Q6 e Q3/Q5; aberta em areia
A9: Rua Jamil Alhakim | B9: 209 | C9: Não pavimentada | D9: 0 | E9: =ROUND(B9*D9,1) -> 0 | F9: =B9-E9 -> 209 | G9: média | H9: Não avaliável | I9: — | J9: 0 | K9: trecho curto sem ponto próprio — adotada a situação da mesma via (nome próprio, loteamento contíguo) em 1 ponto(s): p13=0% | L9: planta (não medida) | M9: N-S junto a Q4; aparece so como trilha tenue na areia/vegetacao rasteira - quase nao aberta
A10: Rua Abilio Duque de Lima | B10: 215 | C10: Não pavimentada | D10: 0 | E10: =ROUND(B10*D10,1) -> 0 | F10: =B10-E10 -> 215 | G10: baixa | H10: Não avaliável | I10: — | J10: 0 | K10: sem ponto próprio — taxa agregada da malha física auditada do loteamento | L10: planta (não medida) | M10: E-W na divisa sul (12 m na planta); corredor em areia com casas da malha antiga ao sul
A11: TOTAL | B11: =SUM(B6:B10) -> 1073 | D11: =IF(B11=0,0,E11/B11) -> 0 | E11: =SUM(E6:E10) -> 0 | F11: =SUM(F6:F10) -> 1073
A13: Falta pavimentar — pista (m²): | D13: =F11*8 -> 8584 | E13: largura média de pista adotada: 8 m (premissa)
A14: Vias não abertas incluídas no total (m): | D14: 0 | E14: constam na planta, sem abertura visível no satélite
A15: Passeio (calçada de pedestre) existente: | D15: 0.28 | E15: medido em 4 ponto(s) do Street View — confiança baixa
A16: Passeio faltante (m de via aberta): | D16: =(B11-D14)*(1-D15) -> 772.56 | E16: vias não abertas excluídas do cálculo de passeio
A17: Passeio faltante (m²): | D17: =D16*4 -> 3090.24 | E17: premissa: 2 lados × 2 m de largura de calçada
A18: Pavimento sobre metragem medida (m): | D18: 0
A19: Pavimento sobre metragem só de planta (m): | D19: 0 | E19: sem traçado medido — existência a confirmar em campo
A20: Falta pavimentar sobre metragem medida (m): | D20: 0
A21: Falta pavimentar sobre metragem só de planta (m): | D21: 1073 | E21: parcela do orçamento que depende de vias ainda não confirmadas em campo
A22: Obs. passeio: medido em 4 ponto(s) do Street View — ambos os lados=100%, um lado=50%, nenhum=0%; amostra pequena, tratar como indicativo
